2026-10-05 15:03:16 Starting Lynis 3.1.7 with PID 34748, build date 2026-06-25
2026-10-05 15:03:16 ====
2026-10-05 15:03:16 ### 2007-2025, CISOfy - https://cisofy.com/lynis/ ###
2026-10-05 15:03:16 Checking permissions of /usr/share/lynis/include/profiles
2026-10-05 15:03:16 File permissions are OK
2026-10-05 15:03:16 Reading profile/configuration /etc/lynis/default.prf
2026-10-05 15:03:16 Action: created temporary file /tmp/lynis.LA53Iezu7y
2026-10-05 15:03:17 Language set via profile to ''
2026-10-05 15:03:17 Plugin 'authentication' enabled according profile (/etc/lynis/default.prf)
2026-10-05 15:03:17 Plugin 'compliance' enabled according profile (/etc/lynis/default.prf)
2026-10-05 15:03:17 Plugin 'configuration' enabled according profile (/etc/lynis/default.prf)
2026-10-05 15:03:17 Plugin 'control-panels' enabled according profile (/etc/lynis/default.prf)
2026-10-05 15:03:17 Plugin 'crypto' enabled according profile (/etc/lynis/default.prf)
2026-10-05 15:03:17 Plugin 'dns' enabled according profile (/etc/lynis/default.prf)
2026-10-05 15:03:17 Plugin 'docker' enabled according profile (/etc/lynis/default.prf)
2026-10-05 15:03:17 Plugin 'file-integrity' enabled according profile (/etc/lynis/default.prf)
2026-10-05 15:03:17 Plugin 'file-systems' enabled according profile (/etc/lynis/default.prf)
2026-10-05 15:03:17 Plugin 'firewalls' enabled according profile (/etc/lynis/default.prf)
2026-10-05 15:03:17 Plugin 'forensics' enabled according profile (/etc/lynis/default.prf)
2026-10-05 15:03:18 Plugin 'hardware' enabled according profile (/etc/lynis/default.prf)
2026-10-05 15:03:18 Plugin 'intrusion-detection' enabled according profile (/etc/lynis/default.prf)
2026-10-05 15:03:18 Plugin 'intrusion-prevention' enabled according profile (/etc/lynis/default.prf)
2026-10-05 15:03:18 Plugin 'kernel' enabled according profile (/etc/lynis/default.prf)
2026-10-05 15:03:18 Plugin 'malware' enabled according profile (/etc/lynis/default.prf)
2026-10-05 15:03:18 Plugin 'memory' enabled according profile (/etc/lynis/default.prf)
2026-10-05 15:03:18 Plugin 'nginx' enabled according profile (/etc/lynis/default.prf)
2026-10-05 15:03:18 Plugin 'pam' enabled according profile (/etc/lynis/default.prf)
2026-10-05 15:03:18 Plugin 'processes' enabled according profile (/etc/lynis/default.prf)
2026-10-05 15:03:18 Plugin 'security-modules' enabled according profile (/etc/lynis/default.prf)
2026-10-05 15:03:18 Plugin 'software' enabled according profile (/etc/lynis/default.prf)
2026-10-05 15:03:18 Plugin 'system-integrity' enabled according profile (/etc/lynis/default.prf)
2026-10-05 15:03:18 Plugin 'systemd' enabled according profile (/etc/lynis/default.prf)
2026-10-05 15:03:18 Plugin 'users' enabled according profile (/etc/lynis/default.prf)
2026-10-05 15:03:18 Plugin 'krb5' enabled according profile (/etc/lynis/default.prf)
2026-10-05 15:03:21 Set option to default value: NTPD_ROLE --> client
2026-10-05 15:03:21 Language is set to fr
2026-10-05 15:03:22 Security check: file is normal
2026-10-05 15:03:22 Checking permissions of /usr/share/lynis/db/languages/fr
2026-10-05 15:03:22 File permissions are OK
2026-10-05 15:03:22 Importing language file (/usr/share/lynis/db/languages/fr)
2026-10-05 15:03:22 ====
2026-10-05 15:03:22 EOL check: 255
2026-10-05 15:03:22 Note: the end-of-life of 'RHEL 9.8 (Plow)' could not be checked. Entry is missing in db/software-eol.db?
2026-10-05 15:03:22 Program version:           3.1.7
2026-10-05 15:03:22 Operating system:          Linux
2026-10-05 15:03:22 Operating system name:     RHEL
2026-10-05 15:03:22 Operating system version:  9.8
2026-10-05 15:03:22 Kernel version:            5.14.0
2026-10-05 15:03:22 Kernel version (full):     5.14.0-687.54.1.el9_8.x86_64
2026-10-05 15:03:22 Hardware platform:         x86_64
2026-10-05 15:03:22 -----------------------------------------------------
2026-10-05 15:03:22 Hostname:                  localhost
2026-10-05 15:03:22 Auditor:                   [Not Specified]
2026-10-05 15:03:22 Profiles:                  /etc/lynis/default.prf
2026-10-05 15:03:22 Work directory:            /home/eya
2026-10-05 15:03:22 Include directory:         /usr/share/lynis/include
2026-10-05 15:03:22 Plugin directory:          /usr/share/lynis/plugins
2026-10-05 15:03:22 -----------------------------------------------------
2026-10-05 15:03:22 Log file:                  /var/log/lynis.log
2026-10-05 15:03:22 Report file:               /var/log/lynis-report.dat
2026-10-05 15:03:22 Report version:            1.0
2026-10-05 15:03:22 -----------------------------------------------------
2026-10-05 15:03:22 Test category:             all
2026-10-05 15:03:22 Test group:                all
2026-10-05 15:03:22 BusyBox used:              0
2026-10-05 15:03:22 ====
2026-10-05 15:03:22 Test: Checking for program update...
2026-10-05 15:03:22 Current installed version  : 317
2026-10-05 15:03:22 Latest stable version      : 316
2026-10-05 15:03:22 No Lynis update available.
2026-10-05 15:03:22 ====
2026-10-05 15:03:22 Checking permissions of /usr/share/lynis/include/binaries
2026-10-05 15:03:22 File permissions are OK
2026-10-05 15:03:22 ====
2026-10-05 15:03:22 Action: Performing tests from category: Outils système
2026-10-05 15:03:22 Start scanning for available audit binaries and tools...
2026-10-05 15:03:22 ====
2026-10-05 15:03:22 Performing test ID CORE-1000 (Check all system binaries)
2026-10-05 15:03:22 Status: Starting binary scan...
2026-10-05 15:03:23 Test: Checking binaries in directory /usr/bin
2026-10-05 15:03:23 Directory /usr/bin exists. Starting directory scanning...
2026-10-05 15:03:23   Found known binary: as (compiler) - /usr/bin/as
2026-10-05 15:03:23   Found known binary: awk (string tool) - /usr/bin/awk
2026-10-05 15:03:23   Found known binary: base64 (encoding tool) - /usr/bin/base64
2026-10-05 15:03:23   Found known binary: bootctl (systemd-boot manager utility) - /usr/bin/bootctl
2026-10-05 15:03:23   Found known binary: cat (generic file handling) - /usr/bin/cat
2026-10-05 15:03:23   Found known binary: comm (file compare) - /usr/bin/comm
2026-10-05 15:03:23   Found known binary: curl (browser, download utility) - /usr/bin/curl
2026-10-05 15:03:23   Found known binary: cut (text stream editor) - /usr/bin/cut
2026-10-05 15:03:23   Found known binary: dig (network/dns tool) - /usr/bin/dig
2026-10-05 15:03:23   Found known binary: dnf (package manager) - /usr/bin/dnf
2026-10-05 15:03:23   Found known binary: dnsdomainname (DNS domain) - /usr/bin/dnsdomainname
2026-10-05 15:03:23   Found known binary: domainname (NIS domain) - /usr/bin/domainname
2026-10-05 15:03:23   Found known binary: evmctl (IMA/EVM tool) - /usr/bin/evmctl
2026-10-05 15:03:23   Found known binary: file (file type detection) - /usr/bin/file
2026-10-05 15:03:23   Found known binary: find (search tool) - /usr/bin/find
2026-10-05 15:03:23   Found known binary: getent (query tool for name service switch libraries) - /usr/bin/getent
2026-10-05 15:03:23   Found known binary: grep (text search) - /usr/bin/grep
2026-10-05 15:03:23   Found known binary: gzip (compressing utility) - /usr/bin/gzip
2026-10-05 15:03:23   Found known binary: head (text filter) - /usr/bin/head
2026-10-05 15:03:23   Found known binary: journalctl (systemd journal) - /usr/bin/journalctl
2026-10-05 15:03:23   Found known binary: locate (file database) - /usr/bin/locate
2026-10-05 15:03:23   Found known binary: ls (file listing) - /usr/bin/ls
2026-10-05 15:03:23   Found known binary: lsattr (file attributes) - /usr/bin/lsattr
2026-10-05 15:03:23   Found known binary: lsblk (block devices) - /usr/bin/lsblk
2026-10-05 15:03:23   Found known binary: lsof (open files) - /usr/bin/lsof
2026-10-05 15:03:23 Note: added -K i to ignore tasks on Linux
2026-10-05 15:03:23   Found known binary: md5sum (hash tool) - /usr/bin/md5sum
2026-10-05 15:03:23   Found known binary: mount (disk utility) - /usr/bin/mount
2026-10-05 15:03:23   Found known binary: netstat (network statistics) - /usr/bin/netstat
2026-10-05 15:03:23 Found /usr/bin/openssl (version 3.5.8)
2026-10-05 15:03:23 Found /usr/bin/perl (version 5.32.1)
2026-10-05 15:03:23   Found known binary: pgrep (search in process list) - /usr/bin/pgrep
2026-10-05 15:03:23   Found known binary: ps (process listing) - /usr/bin/ps
2026-10-05 15:03:23 Found known binary: python (programming language interpreter) - /usr/bin/python (version 3.9.25)
2026-10-05 15:03:23 Found known binary: python3 (programming language interpreter) - /usr/bin/python3 (version 3.9.25)
2026-10-05 15:03:23   Found known binary: readlink (follows symlinks) - /usr/bin/readlink
2026-10-05 15:03:23   Found known binary: rpm (package manager) - /usr/bin/rpm
2026-10-05 15:03:23   Found known binary: sed (text stream editor) - /usr/bin/sed
2026-10-05 15:03:23   Found known binary: sestatus (SELinux status tool) - /usr/bin/sestatus
2026-10-05 15:03:23   Found known binary: sha1/sha1sum/shasum (crypto hashing) - /usr/bin/sha1sum
2026-10-05 15:03:23   Found known binary: sha256/sha256sum (crypto hashing) - /usr/bin/sha256sum
2026-10-05 15:03:23   Found known binary: sort (sort data streams) - /usr/bin/sort
2026-10-05 15:03:23   Found known binary: ssh-keyscan (scanner for SSH keys) - /usr/bin/ssh-keyscan
2026-10-05 15:03:23   Found known binary: stat (file information) - /usr/bin/stat
2026-10-05 15:03:23   Found known binary: strings (text strings search) - /usr/bin/strings
2026-10-05 15:03:24   Found known binary: systemctl (client to systemd) - /usr/bin/systemctl
2026-10-05 15:03:24   Found known binary: systemd-analyze (systemd service analysis tool) - /usr/bin/systemd-analyze
2026-10-05 15:03:24   Found known binary: tail (text filter) - /usr/bin/tail
2026-10-05 15:03:24   Found known binary: timedatectl (timedate client) - /usr/bin/timedatectl
2026-10-05 15:03:24   Found known binary: tr (text transformation) - /usr/bin/tr
2026-10-05 15:03:24   Found known binary: uname (operating system details) - /usr/bin/uname
2026-10-05 15:03:24   Found known binary: uniq (text manipulation utility) - /usr/bin/uniq
2026-10-05 15:03:24   Found known binary: vmtoolsd (VMWare tools) - /usr/bin/vmtoolsd
2026-10-05 15:03:24   Found known binary: wc (word count) - /usr/bin/wc
2026-10-05 15:03:24 Found /usr/bin/wget (version 1.21.1)
2026-10-05 15:03:24   Found known binary: xargs (command output redirection) - /usr/bin/xargs
2026-10-05 15:03:24   Found known binary: yum (package manager) - /usr/bin/yum
2026-10-05 15:03:24   Found known binary: zgrep (text search for compressed files) - /usr/bin/zgrep
2026-10-05 15:03:24 Test: Checking binaries in directory /usr/sbin
2026-10-05 15:03:24 Directory /usr/sbin exists. Starting directory scanning...
2026-10-05 15:03:24   Found known binary: auditctl (control utility for audit daemon) - /usr/sbin/auditctl
2026-10-05 15:03:24   Found known binary: auditd (audit framework) - /usr/sbin/auditd
2026-10-05 15:03:24   Found known binary: blkid (information about block devices) - /usr/sbin/blkid
2026-10-05 15:03:24   Found known binary: cryptsetup (block device encryption) - /usr/sbin/cryptsetup
2026-10-05 15:03:24   Found known binary: dmidecode (hardware collector tool) - /usr/sbin/dmidecode
2026-10-05 15:03:24   Found known binary: getcap (kernel capabilities) - /usr/sbin/getcap
2026-10-05 15:03:24   Found known binary: grpck (consistency checker) - /usr/sbin/grpck
2026-10-05 15:03:24   Found known binary: grub2-install (installer for boot loader) - /usr/sbin/grub2-install
2026-10-05 15:03:24   Found known binary: ipconfig (IP configuration) - /usr/sbin/ifconfig
2026-10-05 15:03:24   Found known binary: ip (IP configuration) - /usr/sbin/ip
2026-10-05 15:03:24   Found known binary: iptables (firewall) - /usr/sbin/iptables
2026-10-05 15:03:24   Found known binary: iptables-save (firewall) - /usr/sbin/iptables-save
2026-10-05 15:03:24   Found known binary: logrotate (log rotation tool) - /usr/sbin/logrotate
2026-10-05 15:03:24   Found known binary: lsmod (kernel modules) - /usr/sbin/lsmod
2026-10-05 15:03:24   Found known binary: lvdisplay (LVM tool) - /usr/sbin/lvdisplay
2026-10-05 15:03:24   Found known binary: modprobe (kernel modules) - /usr/sbin/modprobe
2026-10-05 15:03:24   Found known binary: nft (nftables client) - /usr/sbin/nft
2026-10-05 15:03:24   Found known binary: runlevel (system utility) - /usr/sbin/runlevel
2026-10-05 15:03:24   Found known binary: semanage (SELinux policy management tool) - /usr/sbin/semanage
2026-10-05 15:03:24   Found known binary: service (system services) - /usr/sbin/service
2026-10-05 15:03:24   Found known binary: sestatus (SELinux status tool) - /usr/sbin/sestatus
2026-10-05 15:03:24   Found known binary: ss (show sockets) - /usr/sbin/ss
2026-10-05 15:03:24 Found /usr/sbin/sshd (version 9.9)
2026-10-05 15:03:24   Found known binary: swapon (swap device tool) - /usr/sbin/swapon
2026-10-05 15:03:24   Found known binary: sysctl (kernel parameters) - /usr/sbin/sysctl
2026-10-05 15:03:25   Found known binary: tune2fs (file system tool) - /usr/sbin/tune2fs
2026-10-05 15:03:25   Found known binary: vgdisplay (LVM tool) - /usr/sbin/vgdisplay
2026-10-05 15:03:25 Test: Checking binaries in directory /bin
2026-10-05 15:03:25 Result: directory exists, but is actually a symlink
2026-10-05 15:03:25 Action: checking symlink for file /bin
2026-10-05 15:03:25 Note: Using real readlink binary to determine symlink on /bin
2026-10-05 15:03:25 Result: readlink shows /usr/bin as output
2026-10-05 15:03:25 Result: symlink found, pointing to directory /usr/bin
2026-10-05 15:03:25 Result: found the path behind this symlink (/bin --> /usr/bin)
2026-10-05 15:03:25 Result: Skipping this directory as it was already scanned
2026-10-05 15:03:25 Result: Directory /usr/bin skipped
2026-10-05 15:03:25 Test: Checking binaries in directory /sbin
2026-10-05 15:03:25 Result: directory exists, but is actually a symlink
2026-10-05 15:03:25 Action: checking symlink for file /sbin
2026-10-05 15:03:25 Note: Using real readlink binary to determine symlink on /sbin
2026-10-05 15:03:25 Result: readlink shows /usr/sbin as output
2026-10-05 15:03:25 Result: symlink found, pointing to directory /usr/sbin
2026-10-05 15:03:25 Result: found the path behind this symlink (/sbin --> /usr/sbin)
2026-10-05 15:03:25 Result: Skipping this directory as it was already scanned
2026-10-05 15:03:25 Result: Directory /usr/sbin skipped
2026-10-05 15:03:25 Discovered directories: /usr/bin,/usr/sbin
2026-10-05 15:03:25 Result: found 2064 binaries including 25 set-uid and 3 set-gid
2026-10-05 15:03:25 Result: set-uid binaries: /usr/bin/at /usr/bin/atq /usr/bin/atrm /usr/bin/chage /usr/bin/chfn /usr/bin/chsh /usr/bin/crontab /usr/bin/fusermount /usr/bin/fusermount3 /usr/bin/gpasswd /usr/bin/mount /usr/bin/newgrp /usr/bin/passwd /usr/bin/pkexec /usr/bin/sg /usr/bin/su /usr/bin/sudo /usr/bin/sudoedit /usr/bin/umount /usr/bin/vmware-user /usr/bin/vmware-user-suid-wrapper /usr/sbin/grub2-set-bootflag /usr/sbin/pam_timestamp_check /usr/sbin/unix_chkpwd /usr/sbin/userhelper 
2026-10-05 15:03:25 Result: set-gid binaries: /usr/bin/locate /usr/bin/write /usr/sbin/lockdev 
2026-10-05 15:03:25 ====
2026-10-05 15:03:26 Informational: package manager is used
2026-10-05 15:03:26 Test: Determine if this system is a virtual machine
2026-10-05 15:03:26 Result: facter utility not found
2026-10-05 15:03:26 Test: trying to guess virtualization technology with systemd-detect-virt
2026-10-05 15:03:26 Result: found vmware
2026-10-05 15:03:26 Result: skipped lscpu test, as we already found machine type
2026-10-05 15:03:26 Result: skipped dmidecode test, as we already found machine type
2026-10-05 15:03:26 Result: skipped processes test, as we already found platform
2026-10-05 15:03:26 Result: skipped Amazon EC2 test, as we already found platform
2026-10-05 15:03:26 Result: skipped sysctl test, as we already found platform
2026-10-05 15:03:26 Result: skipped lshw test, as we already found machine type
2026-10-05 15:03:26 Result: found virtual machine (type: vmware, VMware product)
2026-10-05 15:03:26 Result: Lynis is not running in container
2026-10-05 15:03:26 Result: system is using systemd
2026-10-05 15:03:26 ====
2026-10-05 15:03:26 Action: Performing plugin tests
2026-10-05 15:03:26 Searching plugins...
2026-10-05 15:03:26 Result: Found 0 plugins of which 0 are enabled
2026-10-05 15:03:26 Result: Plugins phase 1 finished
2026-10-05 15:03:26 ====
2026-10-05 15:03:27 Info: found hashing tool, start generation of HostID
2026-10-05 15:03:27 Interface 'ens160' is up, fetching MAC address
2026-10-05 15:03:27 Info: using hardware address '00:0c:29:f8:a1:bc' to create HostID
2026-10-05 15:03:27 Result: Found HostID: df54cedd4023704bb357885f66d303db5f248535
2026-10-05 15:03:27 Info: start generation of HostID (version 2)
2026-10-05 15:03:27 Result: found file ssh_host_ed25519_key.pub in /etc/ssh, using that as candidate to create hostid2
2026-10-05 15:03:27 Using SSH public key to create hostid2
2026-10-05 15:03:27 Hash (hostname): d906aecb61d076a967d9ffe8821c7b04b063f72df9d9e35b33ef36b1c0d98f16
2026-10-05 15:03:27 Hash (ssh or machineid): 76372bdcd34182d00851305bddcca748484a9eca2c31272ff4b77f096bd0e546
2026-10-05 15:03:27 hostid-generation: method linux-sys-interface-up
2026-10-05 15:03:27 hostid2-generation: method ssh-public-key
2026-10-05 15:03:27 Info: HostID df54cedd4023704bb357885f66d303db5f248535 looks to be valid
2026-10-05 15:03:27 Info: no machine ID found
2026-10-05 15:03:27 ====
2026-10-05 15:03:27 Info: perform tests from all categories
2026-10-05 15:03:27 Security check: file is normal
2026-10-05 15:03:27 Checking permissions of /usr/share/lynis/include/tests_boot_services
2026-10-05 15:03:27 File permissions are OK
2026-10-05 15:03:27 ====
2026-10-05 15:03:27 Action: Performing tests from category: Démarrage et services
2026-10-05 15:03:27 ====
2026-10-05 15:03:27 Skipped test BOOT-5102 (Check for AIX boot device)
2026-10-05 15:03:27 Reason to skip: Incorrect guest OS (AIX only)
2026-10-05 15:03:27 ====
2026-10-05 15:03:27 Performing test ID BOOT-5104 (Determine service manager)
2026-10-05 15:03:27 Result: cmdline found = /usr/lib/systemd/systemd --switched-root --system --deserialize 31 rhgb
2026-10-05 15:03:27 Result: file on disk = /usr/lib/systemd/systemd
2026-10-05 15:03:27 Found: systemd
2026-10-05 15:03:27 Result: service manager found = systemd
2026-10-05 15:03:27 ====
2026-10-05 15:03:27 Skipped test BOOT-5106 (Check EFI boot file on Mac OS X/macOS)
2026-10-05 15:03:27 Reason to skip: Incorrect guest OS (macOS only)
2026-10-05 15:03:27 ====
2026-10-05 15:03:27 Performing test ID BOOT-5108 (Check Syslinux as bootloader)
2026-10-05 15:03:27 Test: checking if file /boot/syslinux/syslinux.cfg exists
2026-10-05 15:03:27 Result: file /boot/syslinux/syslinux.cfg NOT found
2026-10-05 15:03:27 ====
2026-10-05 15:03:27 Performing test ID BOOT-5109 (Check rEFInd as bootloader)
2026-10-05 15:03:27 Test: checking if file /boot/refind_linux.conf exists
2026-10-05 15:03:27 Result: file /boot/refind_linux.conf NOT found
2026-10-05 15:03:27 ====
2026-10-05 15:03:27 Performing test ID BOOT-5116 (Check if system is booted in UEFI mode)
2026-10-05 15:03:27 Test: checking if UEFI is used
2026-10-05 15:03:27 Result: system booted in UEFI mode
2026-10-05 15:03:27 Test: determine if Secure Boot is used
2026-10-05 15:03:28 Test: checking file /sys/firmware/efi/efivars/SecureBoot-8be4df61-93ca-11d2-aa0d-00e098032b8c
2026-10-05 15:03:28 Result: system not booted with Secure Boot (status 0 in file /sys/firmware/efi/efivars/SecureBoot-8be4df61-93ca-11d2-aa0d-00e098032b8c)
2026-10-05 15:03:28 ====
2026-10-05 15:03:28 Performing test ID BOOT-5117 (Check for systemd-boot bootloader presence)
2026-10-05 15:03:28 ====
2026-10-05 15:03:28 Performing test ID BOOT-5121 (Check for GRUB boot loader presence)
2026-10-05 15:03:28 Test: Checking for presence GRUB conf file (/boot/grub/grub.conf or /boot/grub/menu.lst)
2026-10-05 15:03:28 Result: found GRUB2 configuration file (/boot/grub2/grub.cfg)
2026-10-05 15:03:28 ====
2026-10-05 15:03:28 Performing test ID BOOT-5122 (Check for GRUB boot password)
2026-10-05 15:03:28 Found file /boot/grub2/grub.cfg, proceeding with tests.
2026-10-05 15:03:28 Test: check if we can access /boot/grub2/grub.cfg (escaped: /boot/grub2/grub.cfg)
2026-10-05 15:03:28 Result: file is owned by our current user ID (0), checking if it is readable
2026-10-05 15:03:28 Result: file /boot/grub2/grub.cfg is readable (or directory accessible).
2026-10-05 15:03:28 Result: File '/boot/grub/custom.cfg' does not exist
2026-10-05 15:03:28 Found file /etc/grub.d/00_header, proceeding with tests.
2026-10-05 15:03:28 Test: check if we can access /etc/grub.d/00_header (escaped: /etc/grub.d/00_header)
2026-10-05 15:03:28 Result: file is owned by our current user ID (0), checking if it is readable
2026-10-05 15:03:28 Result: file /etc/grub.d/00_header is readable (or directory accessible).
2026-10-05 15:03:28 Result: did not find hashed password line in this file
2026-10-05 15:03:28 Found file /etc/grub.d/01_users, proceeding with tests.
2026-10-05 15:03:28 Test: check if we can access /etc/grub.d/01_users (escaped: /etc/grub.d/01_users)
2026-10-05 15:03:28 Result: file is owned by our current user ID (0), checking if it is readable
2026-10-05 15:03:28 Result: file /etc/grub.d/01_users is readable (or directory accessible).
2026-10-05 15:03:28 Found file /etc/grub.d/08_fallback_counting, proceeding with tests.
2026-10-05 15:03:28 Test: check if we can access /etc/grub.d/08_fallback_counting (escaped: /etc/grub.d/08_fallback_counting)
2026-10-05 15:03:28 Result: file is owned by our current user ID (0), checking if it is readable
2026-10-05 15:03:29 Result: file /etc/grub.d/08_fallback_counting is readable (or directory accessible).
2026-10-05 15:03:29 Result: did not find hashed password line in this file
2026-10-05 15:03:29 Found file /etc/grub.d/10_linux, proceeding with tests.
2026-10-05 15:03:29 Test: check if we can access /etc/grub.d/10_linux (escaped: /etc/grub.d/10_linux)
2026-10-05 15:03:29 Result: file is owned by our current user ID (0), checking if it is readable
2026-10-05 15:03:29 Result: file /etc/grub.d/10_linux is readable (or directory accessible).
2026-10-05 15:03:29 Result: did not find hashed password line in this file
2026-10-05 15:03:29 Found file /etc/grub.d/10_reset_boot_success, proceeding with tests.
2026-10-05 15:03:29 Test: check if we can access /etc/grub.d/10_reset_boot_success (escaped: /etc/grub.d/10_reset_boot_success)
2026-10-05 15:03:29 Result: file is owned by our current user ID (0), checking if it is readable
2026-10-05 15:03:29 Result: file /etc/grub.d/10_reset_boot_success is readable (or directory accessible).
2026-10-05 15:03:29 Result: did not find hashed password line in this file
2026-10-05 15:03:29 Found file /etc/grub.d/12_menu_auto_hide, proceeding with tests.
2026-10-05 15:03:29 Test: check if we can access /etc/grub.d/12_menu_auto_hide (escaped: /etc/grub.d/12_menu_auto_hide)
2026-10-05 15:03:29 Result: file is owned by our current user ID (0), checking if it is readable
2026-10-05 15:03:29 Result: file /etc/grub.d/12_menu_auto_hide is readable (or directory accessible).
2026-10-05 15:03:29 Result: did not find hashed password line in this file
2026-10-05 15:03:29 Found file /etc/grub.d/14_menu_show_once, proceeding with tests.
2026-10-05 15:03:29 Test: check if we can access /etc/grub.d/14_menu_show_once (escaped: /etc/grub.d/14_menu_show_once)
2026-10-05 15:03:29 Result: file is owned by our current user ID (0), checking if it is readable
2026-10-05 15:03:29 Result: file /etc/grub.d/14_menu_show_once is readable (or directory accessible).
2026-10-05 15:03:29 Result: did not find hashed password line in this file
2026-10-05 15:03:29 Found file /etc/grub.d/20_linux_xen, proceeding with tests.
2026-10-05 15:03:29 Test: check if we can access /etc/grub.d/20_linux_xen (escaped: /etc/grub.d/20_linux_xen)
2026-10-05 15:03:29 Result: file is owned by our current user ID (0), checking if it is readable
2026-10-05 15:03:29 Result: file /etc/grub.d/20_linux_xen is readable (or directory accessible).
2026-10-05 15:03:29 Result: did not find hashed password line in this file
2026-10-05 15:03:29 Found file /etc/grub.d/20_ppc_terminfo, proceeding with tests.
2026-10-05 15:03:29 Test: check if we can access /etc/grub.d/20_ppc_terminfo (escaped: /etc/grub.d/20_ppc_terminfo)
2026-10-05 15:03:30 Result: file is owned by our current user ID (0), checking if it is readable
2026-10-05 15:03:30 Result: file /etc/grub.d/20_ppc_terminfo is readable (or directory accessible).
2026-10-05 15:03:30 Result: did not find hashed password line in this file
2026-10-05 15:03:30 Found file /etc/grub.d/30_os-prober, proceeding with tests.
2026-10-05 15:03:30 Test: check if we can access /etc/grub.d/30_os-prober (escaped: /etc/grub.d/30_os-prober)
2026-10-05 15:03:30 Result: file is owned by our current user ID (0), checking if it is readable
2026-10-05 15:03:30 Result: file /etc/grub.d/30_os-prober is readable (or directory accessible).
2026-10-05 15:03:30 Result: did not find hashed password line in this file
2026-10-05 15:03:30 Found file /etc/grub.d/30_uefi-firmware, proceeding with tests.
2026-10-05 15:03:30 Test: check if we can access /etc/grub.d/30_uefi-firmware (escaped: /etc/grub.d/30_uefi-firmware)
2026-10-05 15:03:30 Result: file is owned by our current user ID (0), checking if it is readable
2026-10-05 15:03:30 Result: file /etc/grub.d/30_uefi-firmware is readable (or directory accessible).
2026-10-05 15:03:30 Result: did not find hashed password line in this file
2026-10-05 15:03:30 Found file /etc/grub.d/40_custom, proceeding with tests.
2026-10-05 15:03:30 Test: check if we can access /etc/grub.d/40_custom (escaped: /etc/grub.d/40_custom)
2026-10-05 15:03:30 Result: file is owned by our current user ID (0), checking if it is readable
2026-10-05 15:03:30 Result: file /etc/grub.d/40_custom is readable (or directory accessible).
2026-10-05 15:03:30 Result: did not find hashed password line in this file
2026-10-05 15:03:30 Found file /etc/grub.d/41_custom, proceeding with tests.
2026-10-05 15:03:30 Test: check if we can access /etc/grub.d/41_custom (escaped: /etc/grub.d/41_custom)
2026-10-05 15:03:30 Result: file is owned by our current user ID (0), checking if it is readable
2026-10-05 15:03:30 Result: file /etc/grub.d/41_custom is readable (or directory accessible).
2026-10-05 15:03:30 Result: did not find hashed password line in this file
2026-10-05 15:03:30 Found file /etc/grub.d/35_fwupd, proceeding with tests.
2026-10-05 15:03:30 Test: check if we can access /etc/grub.d/35_fwupd (escaped: /etc/grub.d/35_fwupd)
2026-10-05 15:03:30 Result: file is owned by our current user ID (0), checking if it is readable
2026-10-05 15:03:30 Result: file /etc/grub.d/35_fwupd is readable (or directory accessible).
2026-10-05 15:03:30 Result: did not find hashed password line in this file
2026-10-05 15:03:30 Found file /etc/grub.d/00_tuned, proceeding with tests.
2026-10-05 15:03:30 Test: check if we can access /etc/grub.d/00_tuned (escaped: /etc/grub.d/00_tuned)
2026-10-05 15:03:31 Result: file is owned by our current user ID (0), checking if it is readable
2026-10-05 15:03:31 Result: file /etc/grub.d/00_tuned is readable (or directory accessible).
2026-10-05 15:03:31 Result: did not find hashed password line in this file
2026-10-05 15:03:31 Result: GRUB has password protection.
2026-10-05 15:03:31 Hardening: assigned maximum number of hardening points for this item (4). Currently having 4 points (out of 4)
2026-10-05 15:03:31 ====
2026-10-05 15:03:31 Skipped test BOOT-5124 (Check for FreeBSD boot loader presence)
2026-10-05 15:03:31 Reason to skip: Incorrect guest OS (FreeBSD only)
2026-10-05 15:03:31 ====
2026-10-05 15:03:31 Skipped test BOOT-5261 (Check for DragonFly boot loader presence)
2026-10-05 15:03:31 Reason to skip: Incorrect guest OS (DragonFly only)
2026-10-05 15:03:31 ====
2026-10-05 15:03:31 Skipped test BOOT-5126 (Check for NetBSD boot loader presence)
2026-10-05 15:03:31 Reason to skip: Incorrect guest OS (NetBSD only)
2026-10-05 15:03:31 ====
2026-10-05 15:03:31 Performing test ID BOOT-5139 (Check for LILO boot loader presence)
2026-10-05 15:03:31 Test: checking for presence LILO configuration file
2026-10-05 15:03:31 Result: LILO configuration file not found
2026-10-05 15:03:31 ====
2026-10-05 15:03:31 Performing test ID BOOT-5140 (Check for ELILO boot loader presence)
2026-10-05 15:03:31 Test: checking if file /etc/elilo.conf exists
2026-10-05 15:03:31 Result: file /etc/elilo.conf NOT found
2026-10-05 15:03:31 Test: checking if file /boot/efi/EFI/RHEL/elilo.conf exists
2026-10-05 15:03:31 Result: file /boot/efi/EFI/RHEL/elilo.conf NOT found
2026-10-05 15:03:31 ====
2026-10-05 15:03:31 Performing test ID BOOT-5142 (Check SPARC Improved boot loader (SILO))
2026-10-05 15:03:31 Result: no SILO configuration file found.
2026-10-05 15:03:31 ====
2026-10-05 15:03:31 Performing test ID BOOT-5155 (Check for YABOOT boot loader configuration file)
2026-10-05 15:03:31 Test: Check for /etc/yaboot.conf
2026-10-05 15:03:31 Result: no YABOOT configuration file found.
2026-10-05 15:03:31 ====
2026-10-05 15:03:31 Skipped test BOOT-5159 (Check for OpenBSD boot loader presence)
2026-10-05 15:03:31 Reason to skip: Incorrect guest OS (OpenBSD only)
2026-10-05 15:03:31 ====
2026-10-05 15:03:31 Skipped test BOOT-5165 (Check for FreeBSD boot services)
2026-10-05 15:03:31 Reason to skip: Incorrect guest OS (FreeBSD only)
2026-10-05 15:03:31 ====
2026-10-05 15:03:31 Skipped test BOOT-5170 (Check for Solaris boot daemons)
2026-10-05 15:03:31 Reason to skip: Incorrect guest OS (Solaris only)
2026-10-05 15:03:31 ====
2026-10-05 15:03:31 Performing test ID BOOT-5177 (Check for Linux boot and running services)
2026-10-05 15:03:31 Test: checking presence systemctl binary
2026-10-05 15:03:31 Result: systemctl binary found, trying that to discover information
2026-10-05 15:03:31 Searching for running services (systemctl services only)
2026-10-05 15:03:32 Found running service: accounts-daemon
2026-10-05 15:03:32 Found running service: alsa-state
2026-10-05 15:03:32 Found running service: atd
2026-10-05 15:03:32 Found running service: auditd
2026-10-05 15:03:32 Found running service: avahi-daemon
2026-10-05 15:03:32 Found running service: bluetooth
2026-10-05 15:03:32 Found running service: chronyd
2026-10-05 15:03:32 Found running service: colord
2026-10-05 15:03:32 Found running service: crond
2026-10-05 15:03:32 Found running service: cups
2026-10-05 15:03:32 Found running service: dbus-broker
2026-10-05 15:03:32 Found running service: firewalld
2026-10-05 15:03:32 Found running service: fwupd
2026-10-05 15:03:32 Found running service: gdm
2026-10-05 15:03:32 Found running service: irqbalance
2026-10-05 15:03:32 Found running service: libstoragemgmt
2026-10-05 15:03:32 Found running service: mcelog
2026-10-05 15:03:32 Found running service: ModemManager
2026-10-05 15:03:32 Found running service: NetworkManager
2026-10-05 15:03:32 Found running service: packagekit
2026-10-05 15:03:32 Found running service: polkit
2026-10-05 15:03:32 Found running service: rhsm
2026-10-05 15:03:32 Found running service: rhsmcertd
2026-10-05 15:03:32 Found running service: rsyslog
2026-10-05 15:03:32 Found running service: rtkit-daemon
2026-10-05 15:03:32 Found running service: sshd
2026-10-05 15:03:32 Found running service: sssd-kcm
2026-10-05 15:03:32 Found running service: switcheroo-control
2026-10-05 15:03:32 Found running service: systemd-journald
2026-10-05 15:03:32 Found running service: systemd-logind
2026-10-05 15:03:32 Found running service: systemd-udevd
2026-10-05 15:03:32 Found running service: tuned-ppd
2026-10-05 15:03:32 Found running service: tuned
2026-10-05 15:03:32 Found running service: udisks2
2026-10-05 15:03:32 Found running service: upower
2026-10-05 15:03:32 Found running service: user@1000
2026-10-05 15:03:32 Found running service: vgauthd
2026-10-05 15:03:32 Found running service: vmtoolsd
2026-10-05 15:03:32 Found running service: wpa_supplicant
2026-10-05 15:03:32 Hint: Run systemctl --full --type=service to see all services
2026-10-05 15:03:32 Result: Found 39 running services
2026-10-05 15:03:32 Searching for enabled services (systemctl services only)
2026-10-05 15:03:34 Found enabled service at boot: ModemManager
2026-10-05 15:03:34 Found enabled service at boot: NetworkManager-dispatcher
2026-10-05 15:03:34 Found enabled service at boot: NetworkManager-wait-online
2026-10-05 15:03:34 Found enabled service at boot: NetworkManager
2026-10-05 15:03:34 Found enabled service at boot: accounts-daemon
2026-10-05 15:03:34 Found enabled service at boot: atd
2026-10-05 15:03:34 Found enabled service at boot: auditd
2026-10-05 15:03:34 Found enabled service at boot: avahi-daemon
2026-10-05 15:03:34 Found enabled service at boot: bluetooth
2026-10-05 15:03:34 Found enabled service at boot: chronyd
2026-10-05 15:03:34 Found enabled service at boot: crond
2026-10-05 15:03:34 Found enabled service at boot: cups
2026-10-05 15:03:34 Found enabled service at boot: dbus-broker
2026-10-05 15:03:34 Found enabled service at boot: firewalld
2026-10-05 15:03:34 Found enabled service at boot: gdm
2026-10-05 15:03:34 Found enabled service at boot: getty@
2026-10-05 15:03:34 Found enabled service at boot: insights-client-boot
2026-10-05 15:03:34 Found enabled service at boot: irqbalance
2026-10-05 15:03:34 Found enabled service at boot: iscsi-onboot
2026-10-05 15:03:34 Found enabled service at boot: iscsi-starter
2026-10-05 15:03:34 Found enabled service at boot: kdump
2026-10-05 15:03:34 Found enabled service at boot: libstoragemgmt
2026-10-05 15:03:34 Found enabled service at boot: low-memory-monitor
2026-10-05 15:03:34 Found enabled service at boot: lvm2-monitor
2026-10-05 15:03:34 Found enabled service at boot: mcelog
2026-10-05 15:03:34 Found enabled service at boot: mdmonitor
2026-10-05 15:03:34 Found enabled service at boot: microcode
2026-10-05 15:03:34 Found enabled service at boot: multipathd
2026-10-05 15:03:34 Found enabled service at boot: nis-domainname
2026-10-05 15:03:34 Found enabled service at boot: nvmefc-boot-connections
2026-10-05 15:03:34 Found enabled service at boot: ostree-remount
2026-10-05 15:03:34 Found enabled service at boot: qemu-guest-agent
2026-10-05 15:03:34 Found enabled service at boot: rhsmcertd
2026-10-05 15:03:34 Found enabled service at boot: rsyslog
2026-10-05 15:03:34 Found enabled service at boot: rtkit-daemon
2026-10-05 15:03:34 Found enabled service at boot: selinux-autorelabel-mark
2026-10-05 15:03:34 Found enabled service at boot: smartd
2026-10-05 15:03:34 Found enabled service at boot: sshd
2026-10-05 15:03:34 Found enabled service at boot: sssd
2026-10-05 15:03:34 Found enabled service at boot: switcheroo-control
2026-10-05 15:03:34 Found enabled service at boot: systemd-boot-update
2026-10-05 15:03:34 Found enabled service at boot: systemd-network-generator
2026-10-05 15:03:34 Found enabled service at boot: systemd-pstore
2026-10-05 15:03:34 Found enabled service at boot: tuned
2026-10-05 15:03:34 Found enabled service at boot: udisks2
2026-10-05 15:03:34 Found enabled service at boot: upower
2026-10-05 15:03:34 Found enabled service at boot: vgauthd
2026-10-05 15:03:34 Found enabled service at boot: vmtoolsd
2026-10-05 15:03:34 Hint: Run systemctl list-unit-files --type=service to see all services
2026-10-05 15:03:34 Result: Found 48 enabled services
2026-10-05 15:03:34 ====
2026-10-05 15:03:34 Skipped test BOOT-5180 (Check for Linux boot services (Debian style))
2026-10-05 15:03:34 Reason to skip: Prerequisites not met (ie missing tool, other type of Linux distribution)
2026-10-05 15:03:34 ====
2026-10-05 15:03:34 Performing test ID BOOT-5184 (Check permissions for boot files/scripts)
2026-10-05 15:03:34 Result: checking /etc/init.d scripts for writable bit
2026-10-05 15:03:34 Test: checking if directory /etc/init.d exists
2026-10-05 15:03:34 Result: directory /etc/init.d not found. Skipping..
2026-10-05 15:03:34 Test: checking if directory /etc/rc.d exists
2026-10-05 15:03:34 Result: directory /etc/rc.d found
2026-10-05 15:03:34 Test: checking for available files in directory
2026-10-05 15:03:35 Result: found files in directory, checking permissions now
2026-10-05 15:03:35 Test: checking permissions of file /etc/rc.d/init.d/README
2026-10-05 15:03:35 Result: good, file /etc/rc.d/init.d/README not world writable
2026-10-05 15:03:35 Test: checking permissions of file /etc/rc.d/rc.local
2026-10-05 15:03:35 Result: good, file /etc/rc.d/rc.local not world writable
2026-10-05 15:03:35 Test: checking if directory /etc/rcS.d exists
2026-10-05 15:03:35 Result: directory /etc/rcS.d not found. Skipping..
2026-10-05 15:03:35 Test: Checking /etc/rc0.d scripts for writable bit
2026-10-05 15:03:35 Test: Checking /etc/rc1.d scripts for writable bit
2026-10-05 15:03:35 Test: Checking /etc/rc2.d scripts for writable bit
2026-10-05 15:03:35 Test: Checking /etc/rc3.d scripts for writable bit
2026-10-05 15:03:35 Test: Checking /etc/rc4.d scripts for writable bit
2026-10-05 15:03:35 Test: Checking /etc/rc5.d scripts for writable bit
2026-10-05 15:03:35 Test: Checking /etc/rc6.d scripts for writable bit
2026-10-05 15:03:35 Action: checking symlink for file /etc/rc.local
2026-10-05 15:03:35 Note: Using real readlink binary to determine symlink on /etc/rc.local
2026-10-05 15:03:35 Result: readlink shows /etc/rc.d/rc.local as output
2026-10-05 15:03:35 Result: symlink found, pointing to file /etc/rc.d/rc.local
2026-10-05 15:03:35 Result: found the path behind this symlink (/etc/rc.d/rc.local --> /etc/rc.local)
2026-10-05 15:03:35 Test: Checking /etc/rc.d/rc.local file for writable bit
2026-10-05 15:03:35 Result: good, file /etc/rc.d/rc.local not world writable
2026-10-05 15:03:35 Hardening: assigned maximum number of hardening points for this item (3). Currently having 7 points (out of 7)
2026-10-05 15:03:35 ====
2026-10-05 15:03:35 Performing test ID BOOT-5202 (Check uptime of system)
2026-10-05 15:03:35 Uptime (in seconds): 4579
2026-10-05 15:03:35 Uptime (in days): 0
2026-10-05 15:03:35 ====
2026-10-05 15:03:35 Performing test ID BOOT-5260 (Check single user mode for systemd)
2026-10-05 15:03:35 Test: Searching /usr/lib/systemd/system/rescue.service
2026-10-05 15:03:35 Result: file /usr/lib/systemd/system/rescue.service
2026-10-05 15:03:35 Test: checking presence sulogin for single user mode
2026-10-05 15:03:35 Result: found sulogin, so single user is protected
2026-10-05 15:03:35 Hardening: assigned maximum number of hardening points for this item (3). Currently having 10 points (out of 10)
2026-10-05 15:03:35 ====
2026-10-05 15:03:35 Skipped test BOOT-5262 (Check for OpenBSD boot daemons)
2026-10-05 15:03:35 Reason to skip: Incorrect guest OS (OpenBSD only)
2026-10-05 15:03:35 ====
2026-10-05 15:03:35 Skipped test BOOT-5263 (Check permissions for boot files/scripts)
2026-10-05 15:03:35 Reason to skip: Incorrect guest OS (OpenBSD only)
2026-10-05 15:03:35 ====
2026-10-05 15:03:35 Performing test ID BOOT-5264 (Run systemd-analyze security)
2026-10-05 15:03:35 Test: Run systemd-analyze security
2026-10-05 15:03:37 Result: ModemManager.service has exposure value 6.3 with predicate 'MOYEN'
2026-10-05 15:03:37 Result: NetworkManager.service has exposure value 7.8 with predicate 'EXPOSÉ'
2026-10-05 15:03:37 Result: accounts-daemon.service has exposure value 9.6 with predicate 'RISQUÉ'
2026-10-05 15:03:37 Result: alsa-state.service has exposure value 9.6 with predicate 'RISQUÉ'
2026-10-05 15:03:37 Result: atd.service has exposure value 9.6 with predicate 'RISQUÉ'
2026-10-05 15:03:37 Result: auditd.service has exposure value 9.4 with predicate 'RISQUÉ'
2026-10-05 15:03:37 Result: avahi-daemon.service has exposure value 9.6 with predicate 'RISQUÉ'
2026-10-05 15:03:37 Result: bluetooth.service has exposure value 6.0 with predicate 'MOYEN'
2026-10-05 15:03:37 Result: chronyd.service has exposure value 3.9 with predicate 'PROTÉGÉ'
2026-10-05 15:03:37 Result: colord.service has exposure value 8.8 with predicate 'EXPOSÉ'
2026-10-05 15:03:37 Result: crond.service has exposure value 9.6 with predicate 'RISQUÉ'
2026-10-05 15:03:37 Result: cups.service has exposure value 9.6 with predicate 'RISQUÉ'
2026-10-05 15:03:37 Result: dbus-broker.service has exposure value 8.7 with predicate 'EXPOSÉ'
2026-10-05 15:03:37 Result: dm-event.service has exposure value 9.5 with predicate 'RISQUÉ'
2026-10-05 15:03:37 Result: emergency.service has exposure value 9.5 with predicate 'RISQUÉ'
2026-10-05 15:03:37 Result: firewalld.service has exposure value 9.6 with predicate 'RISQUÉ'
2026-10-05 15:03:37 Result: fwupd.service has exposure value 4.5 with predicate 'PROTÉGÉ'
2026-10-05 15:03:37 Result: gdm.service has exposure value 9.8 with predicate 'RISQUÉ'
2026-10-05 15:03:37 Result: getty@tty1.service has exposure value 9.6 with predicate 'RISQUÉ'
2026-10-05 15:03:37 Result: irqbalance.service has exposure value 1.6 with predicate 'PROTÉGÉ'
2026-10-05 15:03:37 Result: iscsid.service has exposure value 9.5 with predicate 'RISQUÉ'
2026-10-05 15:03:37 Result: iscsiuio.service has exposure value 9.5 with predicate 'RISQUÉ'
2026-10-05 15:03:37 Result: libstoragemgmt.service has exposure value 9.6 with predicate 'RISQUÉ'
2026-10-05 15:03:37 Result: low-memory-monitor.service has exposure value 6.3 with predicate 'MOYEN'
2026-10-05 15:03:37 Result: lvm2-lvmpolld.service has exposure value 9.5 with predicate 'RISQUÉ'
2026-10-05 15:03:37 Result: mcelog.service has exposure value 9.6 with predicate 'RISQUÉ'
2026-10-05 15:03:38 Result: mdmonitor.service has exposure value 7.4 with predicate 'MOYEN'
2026-10-05 15:03:38 Result: mlocate-updatedb.service has exposure value 8.1 with predicate 'EXPOSÉ'
2026-10-05 15:03:38 Result: multipathd.service has exposure value 9.5 with predicate 'RISQUÉ'
2026-10-05 15:03:38 Result: packagekit.service has exposure value 9.6 with predicate 'RISQUÉ'
2026-10-05 15:03:38 Result: plymouth-start.service has exposure value 9.5 with predicate 'RISQUÉ'
2026-10-05 15:03:38 Result: polkit.service has exposure value 9.6 with predicate 'RISQUÉ'
2026-10-05 15:03:38 Result: rc-local.service has exposure value 9.6 with predicate 'RISQUÉ'
2026-10-05 15:03:38 Result: rescue.service has exposure value 9.5 with predicate 'RISQUÉ'
2026-10-05 15:03:38 Result: rhsm.service has exposure value 9.6 with predicate 'RISQUÉ'
2026-10-05 15:03:38 Result: rhsmcertd.service has exposure value 9.6 with predicate 'RISQUÉ'
2026-10-05 15:03:38 Result: rsyslog.service has exposure value 5.8 with predicate 'MOYEN'
2026-10-05 15:03:38 Result: rtkit-daemon.service has exposure value 7.1 with predicate 'MOYEN'
2026-10-05 15:03:38 Result: smartd.service has exposure value 9.6 with predicate 'RISQUÉ'
2026-10-05 15:03:38 Result: sshd.service has exposure value 9.6 with predicate 'RISQUÉ'
2026-10-05 15:03:38 Result: sssd-kcm.service has exposure value 7.7 with predicate 'EXPOSÉ'
2026-10-05 15:03:38 Result: sssd.service has exposure value 8.3 with predicate 'EXPOSÉ'
2026-10-05 15:03:38 Result: switcheroo-control.service has exposure value 7.6 with predicate 'EXPOSÉ'
2026-10-05 15:03:38 Result: systemd-ask-password-console.service has exposure value 9.4 with predicate 'RISQUÉ'
2026-10-05 15:03:38 Result: systemd-ask-password-plymouth.service has exposure value 9.5 with predicate 'RISQUÉ'
2026-10-05 15:03:38 Result: systemd-ask-password-wall.service has exposure value 9.4 with predicate 'RISQUÉ'
2026-10-05 15:03:38 Result: systemd-initctl.service has exposure value 9.4 with predicate 'RISQUÉ'
2026-10-05 15:03:38 Result: systemd-journald.service has exposure value 4.3 with predicate 'PROTÉGÉ'
2026-10-05 15:03:38 Result: systemd-logind.service has exposure value 2.8 with predicate 'PROTÉGÉ'
2026-10-05 15:03:38 Result: systemd-rfkill.service has exposure value 9.4 with predicate 'RISQUÉ'
2026-10-05 15:03:38 Result: systemd-udevd.service has exposure value 6.9 with predicate 'MOYEN'
2026-10-05 15:03:38 Result: tuned-ppd.service has exposure value 9.6 with predicate 'RISQUÉ'
2026-10-05 15:03:38 Result: tuned.service has exposure value 9.6 with predicate 'RISQUÉ'
2026-10-05 15:03:38 Result: udisks2.service has exposure value 9.6 with predicate 'RISQUÉ'
2026-10-05 15:03:38 Result: upower.service has exposure value 2.4 with predicate 'PROTÉGÉ'
2026-10-05 15:03:38 Result: user@1000.service has exposure value 9.4 with predicate 'RISQUÉ'
2026-10-05 15:03:38 Result: vgauthd.service has exposure value 9.6 with predicate 'RISQUÉ'
2026-10-05 15:03:38 Result: vmtoolsd.service has exposure value 9.6 with predicate 'RISQUÉ'
2026-10-05 15:03:38 Result: wpa_supplicant.service has exposure value 9.6 with predicate 'RISQUÉ'
2026-10-05 15:03:38 Suggestion: Consider hardening system services [test:BOOT-5264] [details:Run '/usr/bin/systemd-analyze security SERVICE' for each service] [solution:-]
2026-10-05 15:03:38 Security check: file is normal
2026-10-05 15:03:38 Checking permissions of /usr/share/lynis/include/tests_kernel
2026-10-05 15:03:38 File permissions are OK
2026-10-05 15:03:39 ====
2026-10-05 15:03:39 Action: Performing tests from category: Noyau
2026-10-05 15:03:39 ====
2026-10-05 15:03:39 Performing test ID KRNL-5622 (Determine Linux default run level)
2026-10-05 15:03:39 Test: Checking for systemd default.target
2026-10-05 15:03:39 Result: Found match on runlevel5/graphical
2026-10-05 15:03:39 ====
2026-10-05 15:03:39 Performing test ID KRNL-5677 (Check CPU options and support)
2026-10-05 15:03:39 Test: Checking /proc/cpuinfo
2026-10-05 15:03:39 Result: found /proc/cpuinfo
2026-10-05 15:03:39 Test: Checking CPU options (XD/NX/PAE)
2026-10-05 15:03:39 PAE: Yes
2026-10-05 15:03:39 NX: Yes
2026-10-05 15:03:39 Result: PAE or No eXecute option(s) both found
2026-10-05 15:03:39 ====
2026-10-05 15:03:39 Performing test ID KRNL-5695 (Determine Linux kernel version and release number)
2026-10-05 15:03:39 Result: found kernel release 5.14.0-687.54.1.el9_8.x86_64
2026-10-05 15:03:39 Result: found kernel version #1 SMP PREEMPT_DYNAMIC Tue Sep 29 21:16:19 EDT 2026
2026-10-05 15:03:39 ====
2026-10-05 15:03:39 Performing test ID KRNL-5723 (Determining if Linux kernel is monolithic)
2026-10-05 15:03:39 Test: checking if kernel is monolithic or modular
2026-10-05 15:03:39 Result: Found modular kernel
2026-10-05 15:03:39 ====
2026-10-05 15:03:39 Performing test ID KRNL-5726 (Checking Linux loaded kernel modules)
2026-10-05 15:03:39 Loaded modules according lsmod:
2026-10-05 15:03:39 Loaded module: ac97_bus
2026-10-05 15:03:39 Loaded module: ahci
2026-10-05 15:03:39 Loaded module: ata_generic
2026-10-05 15:03:39 Loaded module: ata_piix
2026-10-05 15:03:39 Loaded module: binfmt_misc
2026-10-05 15:03:39 Loaded module: bluetooth
2026-10-05 15:03:39 Loaded module: bnep
2026-10-05 15:03:39 Loaded module: btbcm
2026-10-05 15:03:39 Loaded module: btintel
2026-10-05 15:03:39 Loaded module: btmtk
2026-10-05 15:03:39 Loaded module: btrtl
2026-10-05 15:03:39 Loaded module: btusb
2026-10-05 15:03:39 Loaded module: cdrom
2026-10-05 15:03:39 Loaded module: crc32_pclmul
2026-10-05 15:03:39 Loaded module: crc32c_intel
2026-10-05 15:03:39 Loaded module: crct10dif_pclmul
2026-10-05 15:03:39 Loaded module: dm_log
2026-10-05 15:03:39 Loaded module: dm_mirror
2026-10-05 15:03:39 Loaded module: dm_mod
2026-10-05 15:03:39 Loaded module: dm_region_hash
2026-10-05 15:03:39 Loaded module: drm
2026-10-05 15:03:39 Loaded module: drm_client_lib
2026-10-05 15:03:39 Loaded module: drm_kms_helper
2026-10-05 15:03:39 Loaded module: drm_ttm_helper
2026-10-05 15:03:39 Loaded module: fat
2026-10-05 15:03:39 Loaded module: fuse
2026-10-05 15:03:40 Loaded module: ghash_clmulni_intel
2026-10-05 15:03:40 Loaded module: i2c_dev
2026-10-05 15:03:40 Loaded module: i2c_piix4
2026-10-05 15:03:40 Loaded module: i2c_smbus
2026-10-05 15:03:40 Loaded module: intel_pmc_core
2026-10-05 15:03:40 Loaded module: intel_pmc_ssram_telemetry
2026-10-05 15:03:40 Loaded module: intel_rapl_common
2026-10-05 15:03:40 Loaded module: intel_rapl_msr
2026-10-05 15:03:40 Loaded module: intel_uncore_frequency_common
2026-10-05 15:03:40 Loaded module: intel_vsec
2026-10-05 15:03:40 Loaded module: isofs
2026-10-05 15:03:40 Loaded module: joydev
2026-10-05 15:03:40 Loaded module: libahci
2026-10-05 15:03:40 Loaded module: libata
2026-10-05 15:03:40 Loaded module: libcrc32c
2026-10-05 15:03:40 Loaded module: nf_conntrack
2026-10-05 15:03:40 Loaded module: nf_defrag_ipv4
2026-10-05 15:03:40 Loaded module: nf_defrag_ipv6
2026-10-05 15:03:40 Loaded module: nf_nat
2026-10-05 15:03:40 Loaded module: nf_reject_ipv4
2026-10-05 15:03:40 Loaded module: nf_reject_ipv6
2026-10-05 15:03:40 Loaded module: nf_tables
2026-10-05 15:03:40 Loaded module: nfnetlink
2026-10-05 15:03:40 Loaded module: nft_chain_nat
2026-10-05 15:03:40 Loaded module: nft_ct
2026-10-05 15:03:40 Loaded module: nft_fib
2026-10-05 15:03:40 Loaded module: nft_fib_inet
2026-10-05 15:03:40 Loaded module: nft_fib_ipv4
2026-10-05 15:03:40 Loaded module: nft_fib_ipv6
2026-10-05 15:03:40 Loaded module: nft_reject
2026-10-05 15:03:40 Loaded module: nft_reject_inet
2026-10-05 15:03:40 Loaded module: nls_utf8
2026-10-05 15:03:40 Loaded module: nvme
2026-10-05 15:03:40 Loaded module: nvme_auth
2026-10-05 15:03:40 Loaded module: nvme_core
2026-10-05 15:03:40 Loaded module: nvme_keyring
2026-10-05 15:03:40 Loaded module: pcspkr
2026-10-05 15:03:40 Loaded module: pmt_class
2026-10-05 15:03:40 Loaded module: pmt_discovery
2026-10-05 15:03:40 Loaded module: pmt_telemetry
2026-10-05 15:03:40 Loaded module: qrtr
2026-10-05 15:03:40 Loaded module: rapl
2026-10-05 15:03:40 Loaded module: rfkill
2026-10-05 15:03:40 Loaded module: sd_mod
2026-10-05 15:03:40 Loaded module: serio_raw
2026-10-05 15:03:40 Loaded module: sg
2026-10-05 15:03:40 Loaded module: snd
2026-10-05 15:03:40 Loaded module: snd_ac97_codec
2026-10-05 15:03:40 Loaded module: snd_ens1371
2026-10-05 15:03:40 Loaded module: snd_hrtimer
2026-10-05 15:03:40 Loaded module: snd_pcm
2026-10-05 15:03:40 Loaded module: snd_rawmidi
2026-10-05 15:03:40 Loaded module: snd_seq
2026-10-05 15:03:40 Loaded module: snd_seq_device
2026-10-05 15:03:40 Loaded module: snd_seq_dummy
2026-10-05 15:03:40 Loaded module: snd_seq_midi
2026-10-05 15:03:40 Loaded module: snd_seq_midi_event
2026-10-05 15:03:40 Loaded module: snd_timer
2026-10-05 15:03:40 Loaded module: soundcore
2026-10-05 15:03:40 Loaded module: sr_mod
2026-10-05 15:03:40 Loaded module: ttm
2026-10-05 15:03:40 Loaded module: uinput
2026-10-05 15:03:40 Loaded module: vfat
2026-10-05 15:03:40 Loaded module: vmw_balloon
2026-10-05 15:03:40 Loaded module: vmw_vmci
2026-10-05 15:03:40 Loaded module: vmw_vsock_virtio_transport_common
2026-10-05 15:03:40 Loaded module: vmw_vsock_vmci_transport
2026-10-05 15:03:40 Loaded module: vmwgfx
2026-10-05 15:03:40 Loaded module: vmxnet3
2026-10-05 15:03:40 Loaded module: vsock
2026-10-05 15:03:40 Loaded module: vsock_loopback
2026-10-05 15:03:40 Loaded module: xfs
2026-10-05 15:03:40 ====
2026-10-05 15:03:40 Performing test ID KRNL-5728 (Checking Linux kernel config)
2026-10-05 15:03:40 Result: found config (/boot/config-5.14.0-687.54.1.el9_8.x86_64)
2026-10-05 15:03:40 ====
2026-10-05 15:03:40 Performing test ID KRNL-5730 (Checking disk I/O kernel scheduler)
2026-10-05 15:03:40 Test: Checking the default I/O kernel scheduler
2026-10-05 15:03:40 Result: no default I/O kernel scheduler found
2026-10-05 15:03:40 ====
2026-10-05 15:03:40 Skipped test KRNL-5745 (Checking FreeBSD loaded kernel modules)
2026-10-05 15:03:40 Reason to skip: Incorrect guest OS (FreeBSD only)
2026-10-05 15:03:40 ====
2026-10-05 15:03:40 Skipped test KRNL-5831 (Checking DragonFly loaded kernel modules)
2026-10-05 15:03:40 Reason to skip: Incorrect guest OS (DragonFly only)
2026-10-05 15:03:40 ====
2026-10-05 15:03:41 Skipped test KRNL-5770 (Checking active kernel modules)
2026-10-05 15:03:41 Reason to skip: Incorrect guest OS (Solaris only)
2026-10-05 15:03:41 ====
2026-10-05 15:03:41 Skipped test KRNL-5788 (Checking availability new Linux kernel)
2026-10-05 15:03:41 Reason to skip: Prerequisites not met (ie missing tool, other type of Linux distribution)
2026-10-05 15:03:41 ====
2026-10-05 15:03:41 Performing test ID KRNL-5820 (Checking core dumps configuration)
2026-10-05 15:03:41 Test: Checking presence of systemd
2026-10-05 15:03:41 Result: systemd is present on this system
2026-10-05 15:03:41 Test: Checking if core dumps are disabled in /etc/systemd/coredump.conf and /etc/systemd/coredump.conf.d/*.conf
2026-10-05 15:03:41 Result: core dumps are not disabled in systemd configuration. Didn't find settings 'ProcessSizeMax=0' and 'Storage=none'
2026-10-05 15:03:41 Hardening: assigned partial number of hardening points (0 of 1). Currently having 10 points (out of 11)
2026-10-05 15:03:41 Test: Checking presence /etc/profile
2026-10-05 15:03:41 Test: Checking if 'ulimit -c 0' exists in /etc/profile or /etc/profile.d/*.sh
2026-10-05 15:03:41 Result: core dumps are not disabled in /etc/profile or /etc/profile.d/*.sh config files. Didn't find setting 'ulimit -c 0'
2026-10-05 15:03:41 Hardening: assigned partial number of hardening points (0 of 1). Currently having 10 points (out of 12)
2026-10-05 15:03:41 Test: Checking presence /etc/security/limits.conf
2026-10-05 15:03:41 Result: file /etc/security/limits.conf exists
2026-10-05 15:03:41 Test: Checking if core dumps are disabled in /etc/security/limits.conf and /etc/security/limits.d/*
2026-10-05 15:03:41 Result: core dumps are not explicitly disabled
2026-10-05 15:03:41 Suggestion: If not required, consider explicit disabling of core dump in /etc/security/limits.conf file [test:KRNL-5820] [details:-] [solution:-]
2026-10-05 15:03:41 Hardening: assigned partial number of hardening points (1 of 3). Currently having 11 points (out of 15)
2026-10-05 15:03:41 Test: Checking presence /usr/etc/security/limits.conf
2026-10-05 15:03:41 Result: file /usr/etc/security/limits.conf does not exist, skipping test for this file
2026-10-05 15:03:41 Test: Checking sysctl value of fs.suid_dumpable
2026-10-05 15:03:41 Result: value 2 found
2026-10-05 15:03:41 Result: programs can dump core dump, but only readable by root (value 2, for debugging with file protection)
2026-10-05 15:03:41 Hardening: assigned maximum number of hardening points for this item (1). Currently having 12 points (out of 16)
2026-10-05 15:03:41 ====
2026-10-05 15:03:42 Performing test ID KRNL-5830 (Checking if system is running on the latest installed kernel)
2026-10-05 15:03:42 Test: Checking presence /var/run/reboot-required.pkgs
2026-10-05 15:03:42 Result: file /var/run/reboot-required.pkgs not found
2026-10-05 15:03:42 Test: Checking presence /var/run/needs_restarting
2026-10-05 15:03:42 Result: file /var/run/needs_restarting not found
2026-10-05 15:03:42 Result: /boot exists, performing more tests from here
2026-10-05 15:03:42 Result: found /boot/vmlinuz-5.14.0-687.54.1.el9_8.x86_64
2026-10-05 15:03:42 Result: version derived from file name is '5.14.0-687.54.1.el9_8.x86_64'
2026-10-05 15:03:42 Result: found version 5.14.0-687.54.1.el9_8.x86_64
2026-10-05 15:03:42 Result: active kernel version 5.14.0-687.54.1.el9_8.x86_64
2026-10-05 15:03:42 Result: no reboot needed, active kernel is the same version as the one on disk
2026-10-05 15:03:42 Result: /var/cache/apt/archives/ does not exist
2026-10-05 15:03:42 Hardening: assigned maximum number of hardening points for this item (5). Currently having 17 points (out of 21)
2026-10-05 15:03:42 Security check: file is normal
2026-10-05 15:03:42 Checking permissions of /usr/share/lynis/include/tests_memory_processes
2026-10-05 15:03:42 File permissions are OK
2026-10-05 15:03:42 ====
2026-10-05 15:03:42 Action: Performing tests from category: Mémoire et processus
2026-10-05 15:03:42 ====
2026-10-05 15:03:42 Performing test ID PROC-3602 (Checking /proc/meminfo for memory details)
2026-10-05 15:03:42 Result: found /proc/meminfo
2026-10-05 15:03:42 Result: Found 3709424 kB memory
2026-10-05 15:03:42 ====
2026-10-05 15:03:42 Skipped test PROC-3604 (Query prtconf for memory details)
2026-10-05 15:03:42 Reason to skip: Incorrect guest OS (Solaris only)
2026-10-05 15:03:42 ====
2026-10-05 15:03:42 Performing test ID PROC-3612 (Check dead or zombie processes)
2026-10-05 15:03:42 Result: no zombie processes found
2026-10-05 15:03:42 ====
2026-10-05 15:03:42 Performing test ID PROC-3614 (Check heavy IO waiting based processes)
2026-10-05 15:03:42 Result: No processes were waiting for IO requests to be handled first
2026-10-05 15:03:42 ====
2026-10-05 15:03:43 Performing test ID PROC-3802 (Check presence of prelink tooling)
2026-10-05 15:03:44 Result: prelink package is NOT installed
2026-10-05 15:03:44 Hardening: assigned maximum number of hardening points for this item (3). Currently having 20 points (out of 24)
2026-10-05 15:03:44 Security check: file is normal
2026-10-05 15:03:44 Checking permissions of /usr/share/lynis/include/tests_authentication
2026-10-05 15:03:44 File permissions are OK
2026-10-05 15:03:44 ====
2026-10-05 15:03:44 Action: Performing tests from category: Utilisateurs, groupes et authentification
2026-10-05 15:03:44 ====
2026-10-05 15:03:44 Performing test ID AUTH-9204 (Check users with an UID of zero)
2026-10-05 15:03:44 Test: Searching accounts with UID 0
2026-10-05 15:03:44 Result: No accounts found with UID 0 other than root.
2026-10-05 15:03:44 ====
2026-10-05 15:03:44 Performing test ID AUTH-9208 (Check non-unique accounts in passwd file)
2026-10-05 15:03:44 Test: Checking for non-unique accounts
2026-10-05 15:03:44 Result: all accounts found in /etc/passwd are unique
2026-10-05 15:03:44 Remarks: Non unique UIDs can be a risk for the system or part of a configuration mistake
2026-10-05 15:03:44 Prerequisite test: /usr/sbin/chkgrp
2026-10-05 15:03:44 ====
2026-10-05 15:03:44 Skipped test AUTH-9212 (Test group file)
2026-10-05 15:03:44 Reason to skip: Prerequisites not met (ie missing tool, other type of Linux distribution)
2026-10-05 15:03:44 ====
2026-10-05 15:03:44 Performing test ID AUTH-9216 (Check group and shadow group files)
2026-10-05 15:03:44 Test: Checking for grpck binary output
2026-10-05 15:03:44 Result: grpck binary didn't find any errors in the group files
2026-10-05 15:03:44 ====
2026-10-05 15:03:45 Skipped test AUTH-9218 (Check login shells for passwordless accounts)
2026-10-05 15:03:45 Reason to skip: Incorrect guest OS (DragonFly FreeBSD NetBSD OpenBSD only)
2026-10-05 15:03:45 ====
2026-10-05 15:03:45 Performing test ID AUTH-9222 (Check unique groups (IDs))
2026-10-05 15:03:45 Test: Checking for non unique group ID's in /etc/group
2026-10-05 15:03:45 Result: All group ID's are unique
2026-10-05 15:03:45 ====
2026-10-05 15:03:45 Performing test ID AUTH-9226 (Check unique group names)
2026-10-05 15:03:45 Test: Checking for non unique group names in /etc/group
2026-10-05 15:03:45 Result: All group names are unique
2026-10-05 15:03:45 ====
2026-10-05 15:03:45 Performing test ID AUTH-9228 (Check password file consistency with pwck)
2026-10-05 15:03:45 Test: Checking password file consistency (pwck)
2026-10-05 15:03:45 Result: pwck check didn't find any problems
2026-10-05 15:03:45 Hardening: assigned maximum number of hardening points for this item (2). Currently having 22 points (out of 26)
2026-10-05 15:03:45 ====
2026-10-05 15:03:45 Performing test ID AUTH-9229 (Check password hashing methods)
2026-10-05 15:03:45 Test: Checking password hashing methods
2026-10-05 15:03:45 Result: poor password hashing methods found: sha256crypt/sha512crypt(default=5000rounds) 
2026-10-05 15:03:45 Suggestion: Check PAM configuration, add rounds if applicable and expire passwords to encrypt with new values [test:AUTH-9229] [details:-] [solution:-]
2026-10-05 15:03:45 Hardening: assigned partial number of hardening points (0 of 2). Currently having 22 points (out of 28)
2026-10-05 15:03:45 ====
2026-10-05 15:03:45 Performing test ID AUTH-9230 (Check password hashing rounds)
2026-10-05 15:03:45 Test: Checking SHA_CRYPT_{MIN,MAX}_ROUNDS option in /etc/login.defs
2026-10-05 15:03:45 Result: number of password hashing rounds is 100000
2026-10-05 15:03:45 Hardening: assigned maximum number of hardening points for this item (2). Currently having 24 points (out of 30)
2026-10-05 15:03:45 ====
2026-10-05 15:03:45 Performing test ID AUTH-9234 (Query user accounts)
2026-10-05 15:03:45 Test: Read system users (including root user) from password database (e.g. /etc/passwd)
2026-10-05 15:03:45 Result: found minimal user id specified: 1000
2026-10-05 15:03:45 Linux real users output (ID = 0, or 1000+, but not 65534):
2026-10-05 15:03:45 Real user: root,0
2026-10-05 15:03:45 Real user: eya,1000
2026-10-05 15:03:45 ====
2026-10-05 15:03:45 Performing test ID AUTH-9240 (Query NIS+ authentication support)
2026-10-05 15:03:45 Result: NIS+ authentication not enabled
2026-10-05 15:03:45 ====
2026-10-05 15:03:46 Performing test ID AUTH-9242 (Query NIS authentication support)
2026-10-05 15:03:46 Result: NIS authentication not enabled
2026-10-05 15:03:46 ====
2026-10-05 15:03:46 Performing test ID AUTH-9250 (Checking sudoers file)
2026-10-05 15:03:46 Test: checking presence /etc/sudoers
2026-10-05 15:03:46 Result: found file (/etc/sudoers)
2026-10-05 15:03:46 Test: checking presence /usr/local/etc/sudoers
2026-10-05 15:03:46 Result: file /usr/local/etc/sudoers not found
2026-10-05 15:03:46 Test: checking presence /usr/pkg/etc/sudoers
2026-10-05 15:03:46 Result: file /usr/pkg/etc/sudoers not found
2026-10-05 15:03:46 Result: sudoers file found (/etc/sudoers)
2026-10-05 15:03:46 ====
2026-10-05 15:03:46 Performing test ID AUTH-9252 (Check ownership and permissions for sudo configuration files)
2026-10-05 15:03:46 Test: checking drop-in directory (/etc/sudoers.d)
2026-10-05 15:03:46 Result: Found directory permissions: rwxr-x--- and owner UID GID: 00
2026-10-05 15:03:46 Result: directory /etc/sudoers.d permissions OK
2026-10-05 15:03:46 Result: directory /etc/sudoers.d ownership OK
2026-10-05 15:03:46 Test: checking file (/etc/sudoers)
2026-10-05 15:03:46 Result: Found file permissions: r--r----- and owner UID GID: 00
2026-10-05 15:03:46 Result: file /etc/sudoers permissions OK
2026-10-05 15:03:46 Result: file /etc/sudoers ownership OK
2026-10-05 15:03:46 ====
2026-10-05 15:03:46 Skipped test AUTH-9254 (Solaris passwordless accounts)
2026-10-05 15:03:46 Reason to skip: Incorrect guest OS (Solaris only)
2026-10-05 15:03:46 ====
2026-10-05 15:03:46 Performing test ID AUTH-9262 (Checking presence password strength testing tools (PAM))
2026-10-05 15:03:46 Searching PAM password testing modules (cracklib, passwdqc, pwquality)
2026-10-05 15:03:46 Result: found pam_pwquality.so (password quality control PAM) in /lib64/security
2026-10-05 15:03:46 Result: pam_cracklib.so NOT found (crack library PAM)
2026-10-05 15:03:46 Result: pam_passwdqc.so NOT found (passwd quality control PAM)
2026-10-05 15:03:46 Result: pam_pwquality.so found
2026-10-05 15:03:46 Result: found at least one PAM module for password strength testing
2026-10-05 15:03:46 Hardening: assigned maximum number of hardening points for this item (3). Currently having 27 points (out of 33)
2026-10-05 15:03:46 ====
2026-10-05 15:03:46 Performing test ID AUTH-9264 (Checking presence pam.conf)
2026-10-05 15:03:46 Test: Checking file /etc/pam.conf
2026-10-05 15:03:46 Result: file /etc/pam.conf could not be found
2026-10-05 15:03:46 ====
2026-10-05 15:03:46 Performing test ID AUTH-9266 (Checking presence pam.d files)
2026-10-05 15:03:46 Test: Checking directory /etc/pam.d
2026-10-05 15:03:46 Result: directory /etc/pam.d exists
2026-10-05 15:03:46 Test: searching PAM configuration files
2026-10-05 15:03:46 Found file: /etc/pam.d/atd
2026-10-05 15:03:46 Found file: /etc/pam.d/chfn
2026-10-05 15:03:46 Found file: /etc/pam.d/chsh
2026-10-05 15:03:46 Found file: /etc/pam.d/cockpit
2026-10-05 15:03:46 Found file: /etc/pam.d/config-util
2026-10-05 15:03:46 Found file: /etc/pam.d/crond
2026-10-05 15:03:46 Found file: /etc/pam.d/cups
2026-10-05 15:03:46 Found file: /etc/pam.d/fingerprint-auth
2026-10-05 15:03:46 Found file: /etc/pam.d/gdm-autologin
2026-10-05 15:03:47 Found file: /etc/pam.d/gdm-fingerprint
2026-10-05 15:03:47 Found file: /etc/pam.d/gdm-launch-environment
2026-10-05 15:03:47 Found file: /etc/pam.d/gdm-password
2026-10-05 15:03:47 Found file: /etc/pam.d/gdm-pin
2026-10-05 15:03:47 Found file: /etc/pam.d/gdm-smartcard
2026-10-05 15:03:47 Found file: /etc/pam.d/login
2026-10-05 15:03:47 Found file: /etc/pam.d/other
2026-10-05 15:03:47 Found file: /etc/pam.d/passwd
2026-10-05 15:03:47 Found file: /etc/pam.d/password-auth
2026-10-05 15:03:47 Found file: /etc/pam.d/polkit-1
2026-10-05 15:03:47 Found file: /etc/pam.d/postlogin
2026-10-05 15:03:47 Found file: /etc/pam.d/remote
2026-10-05 15:03:47 Found file: /etc/pam.d/runuser
2026-10-05 15:03:47 Found file: /etc/pam.d/runuser-l
2026-10-05 15:03:47 Found file: /etc/pam.d/smartcard-auth
2026-10-05 15:03:47 Found file: /etc/pam.d/sshd
2026-10-05 15:03:47 Found file: /etc/pam.d/sssd-shadowutils
2026-10-05 15:03:47 Found file: /etc/pam.d/su
2026-10-05 15:03:47 Found file: /etc/pam.d/su-l
2026-10-05 15:03:47 Found file: /etc/pam.d/subscription-manager
2026-10-05 15:03:47 Found file: /etc/pam.d/sudo
2026-10-05 15:03:47 Found file: /etc/pam.d/sudo-i
2026-10-05 15:03:47 Found file: /etc/pam.d/system-auth
2026-10-05 15:03:47 Found file: /etc/pam.d/systemd-user
2026-10-05 15:03:47 Found file: /etc/pam.d/vlock
2026-10-05 15:03:47 Found file: /etc/pam.d/vmtoolsd
2026-10-05 15:03:47 Found file: /etc/pam.d/xserver
2026-10-05 15:03:47 ====
2026-10-05 15:03:47 Performing test ID AUTH-9268 (Checking presence pam.d files)
2026-10-05 15:03:47 Test: Searching pam modules
2026-10-05 15:03:47 Test: Checking /usr/lib/aarch64-linux-gnu/security
2026-10-05 15:03:47 Result: directory /usr/lib/aarch64-linux-gnu/security could not be found or is a symlink to another directory
2026-10-05 15:03:47 Test: Checking /lib/arm-linux-gnueabihf/security
2026-10-05 15:03:47 Result: directory /lib/arm-linux-gnueabihf/security could not be found or is a symlink to another directory
2026-10-05 15:03:47 Test: Checking /lib/i386-linux-gnu/security
2026-10-05 15:03:47 Result: directory /lib/i386-linux-gnu/security could not be found or is a symlink to another directory
2026-10-05 15:03:47 Test: Checking /lib/security
2026-10-05 15:03:47 Result: directory /lib/security could not be found or is a symlink to another directory
2026-10-05 15:03:47 Test: Checking /lib/x86_64-linux-gnu/security
2026-10-05 15:03:47 Result: directory /lib/x86_64-linux-gnu/security could not be found or is a symlink to another directory
2026-10-05 15:03:47 Test: Checking /lib/powerpc64le-linux-gnu/security
2026-10-05 15:03:47 Result: directory /lib/powerpc64le-linux-gnu/security could not be found or is a symlink to another directory
2026-10-05 15:03:47 Test: Checking /lib64/security
2026-10-05 15:03:47 Result: directory /lib64/security exists
2026-10-05 15:03:47 Found file: /lib64/security/pam_access.so
2026-10-05 15:03:47 Found file: /lib64/security/pam_cap.so
2026-10-05 15:03:47 Found file: /lib64/security/pam_chroot.so
2026-10-05 15:03:47 Found file: /lib64/security/pam_console.so
2026-10-05 15:03:47 Found file: /lib64/security/pam_debug.so
2026-10-05 15:03:47 Found file: /lib64/security/pam_deny.so
2026-10-05 15:03:47 Found file: /lib64/security/pam_echo.so
2026-10-05 15:03:47 Found file: /lib64/security/pam_env.so
2026-10-05 15:03:47 Found file: /lib64/security/pam_exec.so
2026-10-05 15:03:47 Found file: /lib64/security/pam_faildelay.so
2026-10-05 15:03:47 Found file: /lib64/security/pam_faillock.so
2026-10-05 15:03:47 Found file: /lib64/security/pam_filter.so
2026-10-05 15:03:47 Found file: /lib64/security/pam_fprintd.so
2026-10-05 15:03:47 Found file: /lib64/security/pam_ftp.so
2026-10-05 15:03:47 Found file: /lib64/security/pam_gdm.so
2026-10-05 15:03:47 Found file: /lib64/security/pam_gnome_keyring.so
2026-10-05 15:03:47 Found file: /lib64/security/pam_group.so
2026-10-05 15:03:47 Found file: /lib64/security/pam_issue.so
2026-10-05 15:03:47 Found file: /lib64/security/pam_keyinit.so
2026-10-05 15:03:47 Found file: /lib64/security/pam_lastlog.so
2026-10-05 15:03:47 Found file: /lib64/security/pam_limits.so
2026-10-05 15:03:47 Found file: /lib64/security/pam_listfile.so
2026-10-05 15:03:47 Found file: /lib64/security/pam_localuser.so
2026-10-05 15:03:47 Found file: /lib64/security/pam_loginuid.so
2026-10-05 15:03:47 Found file: /lib64/security/pam_mail.so
2026-10-05 15:03:47 Found file: /lib64/security/pam_mkhomedir.so
2026-10-05 15:03:47 Found file: /lib64/security/pam_motd.so
2026-10-05 15:03:47 Found file: /lib64/security/pam_namespace.so
2026-10-05 15:03:47 Found file: /lib64/security/pam_nologin.so
2026-10-05 15:03:47 Found file: /lib64/security/pam_permit.so
2026-10-05 15:03:47 Found file: /lib64/security/pam_postgresok.so
2026-10-05 15:03:47 Found file: /lib64/security/pam_pwhistory.so
2026-10-05 15:03:47 Found file: /lib64/security/pam_pwquality.so
2026-10-05 15:03:47 Found file: /lib64/security/pam_rhosts.so
2026-10-05 15:03:47 Found file: /lib64/security/pam_rootok.so
2026-10-05 15:03:47 Found file: /lib64/security/pam_securetty.so
2026-10-05 15:03:47 Found file: /lib64/security/pam_selinux.so
2026-10-05 15:03:47 Found file: /lib64/security/pam_sepermit.so
2026-10-05 15:03:47 Found file: /lib64/security/pam_setquota.so
2026-10-05 15:03:47 Found file: /lib64/security/pam_shells.so
2026-10-05 15:03:47 Found file: /lib64/security/pam_ssh_add.so
2026-10-05 15:03:47 Found file: /lib64/security/pam_sss.so
2026-10-05 15:03:47 Found file: /lib64/security/pam_sss_gss.so
2026-10-05 15:03:47 Found file: /lib64/security/pam_stress.so
2026-10-05 15:03:47 Found file: /lib64/security/pam_succeed_if.so
2026-10-05 15:03:47 Found file: /lib64/security/pam_systemd.so
2026-10-05 15:03:47 Found file: /lib64/security/pam_time.so
2026-10-05 15:03:47 Found file: /lib64/security/pam_timestamp.so
2026-10-05 15:03:47 Found file: /lib64/security/pam_tty_audit.so
2026-10-05 15:03:47 Found file: /lib64/security/pam_umask.so
2026-10-05 15:03:47 Found file: /lib64/security/pam_unix.so
2026-10-05 15:03:47 Found file: /lib64/security/pam_userdb.so
2026-10-05 15:03:47 Found file: /lib64/security/pam_usertype.so
2026-10-05 15:03:47 Found file: /lib64/security/pam_warn.so
2026-10-05 15:03:47 Found file: /lib64/security/pam_wheel.so
2026-10-05 15:03:47 Found file: /lib64/security/pam_xauth.so
2026-10-05 15:03:47 Test: Checking /usr/lib
2026-10-05 15:03:47 Result: directory /usr/lib exists
2026-10-05 15:03:47 Test: Checking /usr/lib/security
2026-10-05 15:03:48 Result: directory /usr/lib/security could not be found or is a symlink to another directory
2026-10-05 15:03:48 ====
2026-10-05 15:03:48 Performing test ID AUTH-9278 (Determine LDAP support in PAM files)
2026-10-05 15:03:48 Test: checking presence /etc/pam.d/common-auth
2026-10-05 15:03:48 Result: file /etc/pam.d/common-auth not found, skipping test
2026-10-05 15:03:48 Test: checking presence /etc/pam.d/system-auth
2026-10-05 15:03:48 Result: file /etc/pam.d/system-auth exists
2026-10-05 15:03:48 Test: checking presence LDAP module
2026-10-05 15:03:48 Result: LDAP module not found
2026-10-05 15:03:50 ====
2026-10-05 15:03:50 Performing test ID AUTH-9282 (Checking password protected account without expire date)
2026-10-05 15:03:50 Test: Checking Linux version and password expire date status
2026-10-05 15:03:50 Result: found one or more accounts without expire date set
2026-10-05 15:03:50 Account without expire date: eya
2026-10-05 15:03:50 Suggestion: When possible set expire dates for all password protected accounts [test:AUTH-9282] [details:-] [solution:-]
2026-10-05 15:03:50 ====
2026-10-05 15:03:50 Performing test ID AUTH-9283 (Checking accounts without password)
2026-10-05 15:03:50 Test: Checking passwordless accounts
2026-10-05 15:03:50 Result: all accounts seem to have a password
2026-10-05 15:03:50 ====
2026-10-05 15:03:50 Performing test ID AUTH-9284 (Check locked user accounts in /etc/passwd)
2026-10-05 15:03:50 Test: Checking locked accounts
2026-10-05 15:03:50 Result: all accounts seem to be unlocked
2026-10-05 15:03:50 ====
2026-10-05 15:03:50 Performing test ID AUTH-9286 (Checking user password aging)
2026-10-05 15:03:50 Test: Checking PASS_MIN_DAYS option in /etc/login.defs
2026-10-05 15:03:50 Result: password minimum age is not configured
2026-10-05 15:03:51 Suggestion: Configure minimum password age in /etc/login.defs [test:AUTH-9286] [details:-] [solution:-]
2026-10-05 15:03:51 Hardening: assigned partial number of hardening points (0 of 1). Currently having 27 points (out of 34)
2026-10-05 15:03:51 Test: Checking PASS_MAX_DAYS option in /etc/login.defs 
2026-10-05 15:03:51 Result: password aging limits are not configured
2026-10-05 15:03:51 Suggestion: Configure maximum password age in /etc/login.defs [test:AUTH-9286] [details:-] [solution:-]
2026-10-05 15:03:51 Hardening: assigned partial number of hardening points (0 of 1). Currently having 27 points (out of 35)
2026-10-05 15:03:51 ====
2026-10-05 15:03:51 Performing test ID AUTH-9288 (Checking for expired passwords)
2026-10-05 15:03:51 Test: check if we can access /etc/shadow (escaped: /etc/shadow)
2026-10-05 15:03:51 Result: file is owned by our current user ID (0), checking if it is readable
2026-10-05 15:03:51 Result: file /etc/shadow is readable (or directory accessible).
2026-10-05 15:03:51 Data: Days since epoch is 20731
2026-10-05 15:03:51 Test: collecting accounts which have an expired password (last day changed + maximum change time)
2026-10-05 15:03:51 Result: good, no passwords have been expired
2026-10-05 15:03:51 Hardening: assigned maximum number of hardening points for this item (10). Currently having 37 points (out of 45)
2026-10-05 15:03:51 ====
2026-10-05 15:03:51 Skipped test AUTH-9304 (Check single user login configuration)
2026-10-05 15:03:51 Reason to skip: Incorrect guest OS (Solaris only)
2026-10-05 15:03:51 ====
2026-10-05 15:03:51 Skipped test AUTH-9306 (Check single boot authentication)
2026-10-05 15:03:51 Reason to skip: Incorrect guest OS (HP-UX only)
2026-10-05 15:03:51 ====
2026-10-05 15:03:51 Performing test ID AUTH-9308 (Check single user login configuration)
2026-10-05 15:03:51 Test: going to check several systemd targets now
2026-10-05 15:03:51 Test: checking if target console-shell.service is available (/lib/systemd/system/console-shell.service)
2026-10-05 15:03:51 Result: target console-shell.service not found
2026-10-05 15:03:51 Test: checking if target emergency.service is available (/lib/systemd/system/emergency.service)
2026-10-05 15:03:51 Result: found target emergency.service
2026-10-05 15:03:51 Result: sulogin was found, which is a good measure to protect single user mode
2026-10-05 15:03:51 Test: checking if target rescue.service is available (/lib/systemd/system/rescue.service)
2026-10-05 15:03:51 Result: found target rescue.service
2026-10-05 15:03:51 Result: sulogin was found, which is a good measure to protect single user mode
2026-10-05 15:03:51 Result: option set, password is needed at single user mode boot
2026-10-05 15:03:51 Hardening: assigned maximum number of hardening points for this item (2). Currently having 39 points (out of 47)
2026-10-05 15:03:51 ====
2026-10-05 15:03:51 Performing test ID AUTH-9328 (Default umask values)
2026-10-05 15:03:51 Test: Checking /etc/profile.d directory
2026-10-05 15:03:51 Result: found /etc/profile.d, with one or more files in it
2026-10-05 15:03:52 Test: Checking /etc/profile
2026-10-05 15:03:52 Result: file /etc/profile exists
2026-10-05 15:03:52 Test: Checking umask value in /etc/profile
2026-10-05 15:03:52 Result: did not find umask in /etc/profile
2026-10-05 15:03:52 Result: found no umask. Please check if this is correct
2026-10-05 15:03:52 Test: Checking umask entries in /etc/passwd (pam_umask)
2026-10-05 15:03:52 Result: file /etc/passwd exists
2026-10-05 15:03:52 Test: Checking umask value in /etc/passwd
2026-10-05 15:03:52 Manual: one or more manual actions are required for further testing of this control/plugin
2026-10-05 15:03:52 Test: Checking /etc/login.defs
2026-10-05 15:03:52 Result: file /etc/login.defs exists
2026-10-05 15:03:52 Test: Checking umask value in /etc/login.defs
2026-10-05 15:03:52 Result: found umask 022, which could be improved
2026-10-05 15:03:52 Suggestion: Default umask in /etc/login.defs could be more strict like 027 [test:AUTH-9328] [details:-] [solution:-]
2026-10-05 15:03:52 Hardening: assigned partial number of hardening points (0 of 2). Currently having 39 points (out of 49)
2026-10-05 15:03:52 Test: Checking /etc/init.d/functions
2026-10-05 15:03:52 Result: file /etc/init.d/functions does not exist
2026-10-05 15:03:52 Test: Checking /etc/init.d/rc
2026-10-05 15:03:52 Result: file /etc/init.d/rc does not exist
2026-10-05 15:03:52 Test: Checking /etc/init.d/rcS
2026-10-05 15:03:52 Result: file /etc/init.d/rcS does not exist
2026-10-05 15:03:52 ====
2026-10-05 15:03:52 Skipped test AUTH-9340 (Solaris account locking)
2026-10-05 15:03:52 Reason to skip: Incorrect guest OS (Solaris only)
2026-10-05 15:03:52 ====
2026-10-05 15:03:52 Performing test ID AUTH-9402 (Query LDAP authentication support)
2026-10-05 15:03:52 Result: LDAP authentication not enabled
2026-10-05 15:03:52 ====
2026-10-05 15:03:52 Skipped test AUTH-9406 (Query LDAP servers in client configuration)
2026-10-05 15:03:52 Reason to skip: Prerequisites not met (ie missing tool, other type of Linux distribution)
2026-10-05 15:03:52 ====
2026-10-05 15:03:52 Performing test ID AUTH-9408 (Logging of failed login attempts)
2026-10-05 15:03:52 Result: found /var/run/faillock directory
2026-10-05 15:03:53 Result: found pam_faillock module on disk
2026-10-05 15:03:53 Outcome: authentication failures are logged using pam_faillock
2026-10-05 15:03:53 Test: Checking FAILLOG_ENAB option in /etc/login.defs 
2026-10-05 15:03:53 Result: failed login attempts may not logged
2026-10-05 15:03:53 Hardening: assigned maximum number of hardening points for this item (3). Currently having 42 points (out of 52)
2026-10-05 15:03:53 ====
2026-10-05 15:03:53 Skipped test AUTH-9409 (Checking /etc/doas.conf file)
2026-10-05 15:03:53 Reason to skip: Incorrect guest OS (OpenBSD only)
2026-10-05 15:03:53 ====
2026-10-05 15:03:53 Skipped test AUTH-9410 (Check /etc/doas.conf file permissions)
2026-10-05 15:03:53 Reason to skip: Incorrect guest OS (OpenBSD only)
2026-10-05 15:03:53 Security check: file is normal
2026-10-05 15:03:53 Checking permissions of /usr/share/lynis/include/tests_kerberos
2026-10-05 15:03:54 File permissions are OK
2026-10-05 15:03:54 ====
2026-10-05 15:03:54 Action: Performing tests from category: Kerberos
2026-10-05 15:03:54 ====
2026-10-05 15:03:54 Performing test ID KRB-1000 (Check for Kerberos KDC tools)
2026-10-05 15:03:54 ====
2026-10-05 15:03:54 Skipped test KRB-1010 (Check that Kerberos principals have passwords that expire)
2026-10-05 15:03:54 Reason to skip: Prerequisites not met (ie missing tool, other type of Linux distribution)
2026-10-05 15:03:54 ====
2026-10-05 15:03:54 Skipped test KRB-1020 (Check last password change for Kerberos principals)
2026-10-05 15:03:54 Reason to skip: Prerequisites not met (ie missing tool, other type of Linux distribution)
2026-10-05 15:03:54 ====
2026-10-05 15:03:54 Skipped test KRB5-1030 (Check that Kerberos principals have a policy associated to them)
2026-10-05 15:03:54 Reason to skip: Prerequisites not met (ie missing tool, other type of Linux distribution)
2026-10-05 15:03:54 ====
2026-10-05 15:03:54 Skipped test KRB5-1040 (Check various attributes for Kerberos principals)
2026-10-05 15:03:54 Reason to skip: Prerequisites not met (ie missing tool, other type of Linux distribution)
2026-10-05 15:03:54 ====
2026-10-05 15:03:54 Skipped test KRB-1050 (Check for weak crypto)
2026-10-05 15:03:54 Reason to skip: Prerequisites not met (ie missing tool, other type of Linux distribution)
2026-10-05 15:03:54 Security check: file is normal
2026-10-05 15:03:54 Checking permissions of /usr/share/lynis/include/tests_shells
2026-10-05 15:03:54 File permissions are OK
2026-10-05 15:03:54 ====
2026-10-05 15:03:54 Action: Performing tests from category: Shells
2026-10-05 15:03:54 ====
2026-10-05 15:03:54 Skipped test SHLL-6202 (Check console TTYs)
2026-10-05 15:03:54 Reason to skip: Incorrect guest OS (FreeBSD only)
2026-10-05 15:03:54 ====
2026-10-05 15:03:54 Performing test ID SHLL-6211 (Available and valid shells)
2026-10-05 15:03:54 Test: Searching for /etc/shells
2026-10-05 15:03:54 Result: Found /etc/shells file
2026-10-05 15:03:54 Test: Reading available shells from /etc/shells
2026-10-05 15:03:54 Found installed shell: /bin/sh
2026-10-05 15:03:54 Found installed shell: /bin/bash
2026-10-05 15:03:54 Found installed shell: /usr/bin/sh
2026-10-05 15:03:54 Found installed shell: /usr/bin/bash
2026-10-05 15:03:54 ====
2026-10-05 15:03:54 Performing test ID SHLL-6220 (Idle session killing tools or settings)
2026-10-05 15:03:55 Test: Search for session timeout tools or settings in shell
2026-10-05 15:03:55 Performing pgrep scan without uid
2026-10-05 15:03:55 IsRunning: process 'timeoutd' not found
2026-10-05 15:03:55 Performing pgrep scan without uid
2026-10-05 15:03:55 IsRunning: process 'autolog' not found
2026-10-05 15:03:55 Result: could not find TMOUT setting in /etc/profile
2026-10-05 15:03:55 Result: could not find export, readonly or typeset -r in /etc/profile
2026-10-05 15:03:55 Result: could not find TMOUT setting in /etc/profile.d/*.sh
2026-10-05 15:03:55 Result: could not find export, readonly or typeset -r in /etc/profile
2026-10-05 15:03:55 Hardening: assigned partial number of hardening points (1 of 3). Currently having 43 points (out of 55)
2026-10-05 15:03:55 ====
2026-10-05 15:03:55 Performing test ID SHLL-6230 (Perform umask check for shell configurations)
2026-10-05 15:03:55 Result: file /etc/bashrc exists
2026-10-05 15:03:55 Result: found umask `umask` in /etc/bashrc
2026-10-05 15:03:55 Result: umask `umask` can be hardened 
2026-10-05 15:03:55 Hardening: assigned partial number of hardening points (1 of 3). Currently having 44 points (out of 58)
2026-10-05 15:03:55 Result: file /etc/bash.bashrc not found
2026-10-05 15:03:55 Result: file /etc/bash.bashrc.local not found
2026-10-05 15:03:55 Result: file /etc/csh.cshrc exists
2026-10-05 15:03:55 Result: found umask ( in /etc/csh.cshrc
2026-10-05 15:03:55 Result: umask ( can be hardened 
2026-10-05 15:03:55 Result: found umask 022 in /etc/csh.cshrc
2026-10-05 15:03:55 Result: umask 022 can be hardened 
2026-10-05 15:03:55 Hardening: assigned partial number of hardening points (1 of 3). Currently having 45 points (out of 61)
2026-10-05 15:03:55 Result: file /etc/profile exists
2026-10-05 15:03:55 Result: did not find umask configured in /etc/profile
2026-10-05 15:03:55 Security check: file is normal
2026-10-05 15:03:55 Checking permissions of /usr/share/lynis/include/tests_filesystems
2026-10-05 15:03:56 File permissions are OK
2026-10-05 15:03:56 ====
2026-10-05 15:03:56 Action: Performing tests from category: Systèmes de fichier
2026-10-05 15:03:56 ====
2026-10-05 15:03:56 Performing test ID FILE-6310 (Checking /tmp, /home and /var directory)
2026-10-05 15:03:56 Test: Checking if /home is mounted separately or mounted on / file system
2026-10-05 15:03:56 Result: directory /home exists
2026-10-05 15:03:56 Result: /home not found in mount list. Directory most likely stored on / file system
2026-10-05 15:03:56 Suggestion: To decrease the impact of a full /home file system, place /home on a separate partition [test:FILE-6310] [details:-] [solution:-]
2026-10-05 15:03:56 Hardening: assigned partial number of hardening points (9 of 10). Currently having 54 points (out of 71)
2026-10-05 15:03:56 Test: Checking if /tmp is mounted separately or mounted on / file system
2026-10-05 15:03:56 Result: directory /tmp exists
2026-10-05 15:03:56 Result: /tmp not found in mount list. Directory most likely stored on / file system
2026-10-05 15:03:56 Suggestion: To decrease the impact of a full /tmp file system, place /tmp on a separate partition [test:FILE-6310] [details:-] [solution:-]
2026-10-05 15:03:56 Hardening: assigned partial number of hardening points (9 of 10). Currently having 63 points (out of 81)
2026-10-05 15:03:56 Test: Checking if /var is mounted separately or mounted on / file system
2026-10-05 15:03:56 Result: directory /var exists
2026-10-05 15:03:56 Result: /var not found in mount list. Directory most likely stored on / file system
2026-10-05 15:03:56 Suggestion: To decrease the impact of a full /var file system, place /var on a separate partition [test:FILE-6310] [details:-] [solution:-]
2026-10-05 15:03:56 Hardening: assigned partial number of hardening points (9 of 10). Currently having 72 points (out of 91)
2026-10-05 15:03:56 ====
2026-10-05 15:03:56 Performing test ID FILE-6311 (Checking LVM volume groups)
2026-10-05 15:03:56 Test: Checking for LVM volume groups
2026-10-05 15:03:56 Result: found one or more volume groups
2026-10-05 15:03:56 Found LVM volume group: rhel
2026-10-05 15:03:56 ====
2026-10-05 15:03:56 Performing test ID FILE-6312 (Checking LVM volumes)
2026-10-05 15:03:56 Test: Checking for LVM volumes
2026-10-05 15:03:56 Result: found one or more volumes
2026-10-05 15:03:56 Found LVM volume: root
2026-10-05 15:03:56 Found LVM volume: swap
2026-10-05 15:03:56 ====
2026-10-05 15:03:56 Performing test ID FILE-6323 (Checking EXT file systems)
2026-10-05 15:03:56 Test: Checking for Linux EXT file systems
2026-10-05 15:03:56 Result: no EXT file systems found
2026-10-05 15:03:56 ====
2026-10-05 15:03:56 Performing test ID FILE-6324 (Checking XFS file systems)
2026-10-05 15:03:56 Test: Checking for Linux XFS file systems
2026-10-05 15:03:56 Result: found one or more XFS file systems
2026-10-05 15:03:56 File system: / (type: xfs)
2026-10-05 15:03:57 File system: /boot (type: xfs)
2026-10-05 15:03:57 ====
2026-10-05 15:03:57 Performing test ID FILE-6329 (Checking FFS/UFS file systems)
2026-10-05 15:03:57 Test: Query /etc/fstab for available FFS/UFS mount points
2026-10-05 15:03:57 Result: unable to find any single mount point (FFS/UFS)
2026-10-05 15:03:57 ====
2026-10-05 15:03:57 Skipped test FILE-6330 (Checking ZFS file systems)
2026-10-05 15:03:57 Reason to skip: Incorrect guest OS (FreeBSD only)
2026-10-05 15:03:57 ====
2026-10-05 15:03:57 Skipped test FILE-6439 (Checking HAMMER PFS mounts)
2026-10-05 15:03:57 Reason to skip: Incorrect guest OS (DragonFly only)
2026-10-05 15:03:57 ====
2026-10-05 15:03:57 Performing test ID FILE-6332 (Checking swap partitions)
2026-10-05 15:03:57 Test: query swap partitions from /etc/fstab file
2026-10-05 15:03:57 Swap partition found: /dev/mapper/rhel-swap
2026-10-05 15:03:57 ====
2026-10-05 15:03:57 Performing test ID FILE-6336 (Checking swap mount options)
2026-10-05 15:03:57 Test: check swap partitions with incorrect mount options
2026-10-05 15:03:57 Result: all swap partitions have correct options (sw or swap)
2026-10-05 15:03:57 ====
2026-10-05 15:03:57 Performing test ID FILE-6344 (Checking proc mount options)
2026-10-05 15:03:57 Test: check proc mount with incorrect mount options
2026-10-05 15:03:57 Hardening: assigned partial number of hardening points (0 of 3). Currently having 72 points (out of 94)
2026-10-05 15:03:57 Result: /proc filesystem is not mounted with option hidepid=1 or hidepid=2
2026-10-05 15:03:57 ====
2026-10-05 15:03:57 Performing test ID FILE-6354 (Searching for old files in /tmp)
2026-10-05 15:03:57 Test: Searching for old files in /tmp
2026-10-05 15:03:57 Result: no files found in /tmp which are older than 3 months
2026-10-05 15:03:57 ====
2026-10-05 15:03:57 Performing test ID FILE-6362 (Checking /tmp sticky bit)
2026-10-05 15:03:57 Result: sticky bit found on /tmp directory
2026-10-05 15:03:57 Hardening: assigned maximum number of hardening points for this item (3). Currently having 75 points (out of 97)
2026-10-05 15:03:57 ====
2026-10-05 15:03:57 Performing test ID FILE-6363 (Checking /var/tmp sticky bit)
2026-10-05 15:03:58 Result: sticky bit found on /var/tmp directory
2026-10-05 15:03:58 Hardening: assigned maximum number of hardening points for this item (3). Currently having 78 points (out of 100)
2026-10-05 15:03:58 ====
2026-10-05 15:03:58 Performing test ID FILE-6368 (Checking ACL support on root file system)
2026-10-05 15:03:58 Test: Checking acl option on ext[2-4] root file system
2026-10-05 15:03:58 Result: mount point probably mounted with defaults
2026-10-05 15:03:58 Test: Checking device which holds root file system
2026-10-05 15:03:58 Result: No file system found with root file system
2026-10-05 15:03:58 Test: Checking acl option on xfs root file system
2026-10-05 15:03:58 Result: ACL option enabled on root file system
2026-10-05 15:03:58 Hardening: assigned maximum number of hardening points for this item (3). Currently having 81 points (out of 103)
2026-10-05 15:03:58 ====
2026-10-05 15:03:58 Performing test ID FILE-6372 (Checking / mount options)
2026-10-05 15:03:58 Result: mount system / is configured with options: defaults
2026-10-05 15:03:58 ====
2026-10-05 15:03:58 Performing test ID FILE-6374 (Linux mount options)
2026-10-05 15:03:58 File system:    /boot
2026-10-05 15:03:58 Expected flags: nodev noexec nosuid
2026-10-05 15:03:58 Found flags:    defaults 
2026-10-05 15:03:58 Result: Could not find mount option nodev on file system /boot
2026-10-05 15:03:58 Result: Could not find mount option noexec on file system /boot
2026-10-05 15:03:58 Result: Could not find mount option nosuid on file system /boot
2026-10-05 15:03:58 Result: marked /boot options as default (not hardened)
2026-10-05 15:03:58 Hardening: assigned partial number of hardening points (3 of 5). Currently having 84 points (out of 108)
2026-10-05 15:03:58 File system:    /dev
2026-10-05 15:03:58 Expected flags: noexec nosuid
2026-10-05 15:03:58 Found flags:    (rw nosuid seclabel size=1820796k nr_inodes=455199 mode=755 inode64) 
2026-10-05 15:03:58 Result: Could not find mount option noexec on file system /dev
2026-10-05 15:03:58 Result: GOOD, found mount option nosuid on file system /dev
2026-10-05 15:03:58 Result: marked /dev as partially hardened
2026-10-05 15:03:58 Hardening: assigned partial number of hardening points (4 of 5). Currently having 88 points (out of 113)
2026-10-05 15:03:58 File system:    /dev/shm
2026-10-05 15:03:58 Expected flags: nosuid nodev noexec
2026-10-05 15:03:58 Found flags:    (rw nosuid nodev seclabel inode64) 
2026-10-05 15:03:58 Result: GOOD, found mount option nosuid on file system /dev/shm
2026-10-05 15:03:58 Result: GOOD, found mount option nodev on file system /dev/shm
2026-10-05 15:03:59 Result: Could not find mount option noexec on file system /dev/shm
2026-10-05 15:03:59 Result: marked /dev/shm as partially hardened
2026-10-05 15:03:59 Hardening: assigned partial number of hardening points (4 of 5). Currently having 92 points (out of 118)
2026-10-05 15:03:59 Result: file system /home not found in /etc/fstab
2026-10-05 15:03:59 File system:    /run
2026-10-05 15:03:59 Expected flags: nodev nosuid
2026-10-05 15:03:59 Found flags:    (rw nosuid nodev seclabel size=741888k nr_inodes=819200 mode=755 inode64) 
2026-10-05 15:03:59 Result: GOOD, found mount option nodev on file system /run
2026-10-05 15:03:59 Result: GOOD, found mount option nosuid on file system /run
2026-10-05 15:03:59 Result: marked /run as fully hardened
2026-10-05 15:03:59 Hardening: assigned maximum number of hardening points for this item (5). Currently having 97 points (out of 123)
2026-10-05 15:03:59 Result: file system /tmp not found in /etc/fstab
2026-10-05 15:03:59 Result: file system /var not found in /etc/fstab
2026-10-05 15:03:59 Result: file system /var/log not found in /etc/fstab
2026-10-05 15:03:59 Result: file system /var/log/audit not found in /etc/fstab
2026-10-05 15:03:59 Result: file system /var/tmp not found in /etc/fstab
2026-10-05 15:03:59 Result: Total without nodev:9 noexec:13 nosuid:6 ro or noexec (W^X): 12, of total 31
2026-10-05 15:03:59 ====
2026-10-05 15:03:59 Performing test ID FILE-6376 (Determine if /var/tmp is bound to /tmp)
2026-10-05 15:04:00 Result: no mount point /var/tmp or expected options found
2026-10-05 15:04:00 ====
2026-10-05 15:04:00 Performing test ID FILE-6394 (Determine level of swappiness.)
2026-10-05 15:04:00 Test: checking level of vm.swappiness: 60
2026-10-05 15:04:00 Result: vm.swappiness=60 which is the standard level of swappiness and works well for desktop systems.
2026-10-05 15:04:00 ====
2026-10-05 15:04:00 Performing test ID FILE-6410 (Checking Locate database)
2026-10-05 15:04:00 Test: Checking locate database
2026-10-05 15:04:00 Result: file /var/cache/locate/locatedb not found
2026-10-05 15:04:00 Result: file /var/db/locate.database not found
2026-10-05 15:04:00 Result: file /var/lib/locate/locatedb not found
2026-10-05 15:04:00 Result: file /var/lib/locatedb not found
2026-10-05 15:04:00 Result: file /var/lib/mlocate/mlocate.db not found
2026-10-05 15:04:00 Result: file /var/lib/plocate/plocate.db not found
2026-10-05 15:04:00 Result: file /var/lib/slocate/slocate.db not found
2026-10-05 15:04:00 Result: database not found
2026-10-05 15:04:00 Suggestion: The database required for 'locate' could not be found. Run 'updatedb' or 'locate.updatedb' to create this file. [test:FILE-6410] [details:-] [solution:-]
2026-10-05 15:04:00 ====
2026-10-05 15:04:00 Performing test ID FILE-6430 (Disable mounting of some filesystems)
2026-10-05 15:04:00 Hardening: assigned maximum number of hardening points for this item (3). Currently having 100 points (out of 126)
2026-10-05 15:04:00 Result: directory /etc/modprobe.d exists
2026-10-05 15:04:00 Result: directory /usr/lib/modprobe.d exists
2026-10-05 15:04:00 Hardening: assigned maximum number of hardening points for this item (3). Currently having 103 points (out of 129)
2026-10-05 15:04:00 Result: directory /etc/modprobe.d exists
2026-10-05 15:04:00 Result: directory /usr/lib/modprobe.d exists
2026-10-05 15:04:00 Hardening: assigned maximum number of hardening points for this item (3). Currently having 106 points (out of 132)
2026-10-05 15:04:00 Result: directory /etc/modprobe.d exists
2026-10-05 15:04:00 Result: directory /usr/lib/modprobe.d exists
2026-10-05 15:04:00 Hardening: assigned maximum number of hardening points for this item (3). Currently having 109 points (out of 135)
2026-10-05 15:04:00 Result: directory /etc/modprobe.d exists
2026-10-05 15:04:00 Result: directory /usr/lib/modprobe.d exists
2026-10-05 15:04:00 Hardening: assigned maximum number of hardening points for this item (3). Currently having 112 points (out of 138)
2026-10-05 15:04:00 Result: directory /etc/modprobe.d exists
2026-10-05 15:04:00 Result: directory /usr/lib/modprobe.d exists
2026-10-05 15:04:00 Result: found squashfs support in the kernel (output = insmod /lib/modules/5.14.0-687.54.1.el9_8.x86_64/kernel/fs/squashfs/squashfs.ko.xz )
2026-10-05 15:04:00 Test: Checking if squashfs is active
2026-10-05 15:04:00 Result: module squashfs is currently not loaded in the kernel.
2026-10-05 15:04:00 Hardening: assigned partial number of hardening points (2 of 3). Currently having 114 points (out of 141)
2026-10-05 15:04:00 Result: directory /etc/modprobe.d exists
2026-10-05 15:04:00 Result: directory /usr/lib/modprobe.d exists
2026-10-05 15:04:00 Result: found udf support in the kernel (output = insmod /lib/modules/5.14.0-687.54.1.el9_8.x86_64/kernel/fs/udf/udf.ko.xz )
2026-10-05 15:04:00 Test: Checking if udf is active
2026-10-05 15:04:00 Result: module udf is currently not loaded in the kernel.
2026-10-05 15:04:00 Hardening: assigned partial number of hardening points (2 of 3). Currently having 116 points (out of 144)
2026-10-05 15:04:00 Result: directory /etc/modprobe.d exists
2026-10-05 15:04:00 Result: directory /usr/lib/modprobe.d exists
2026-10-05 15:04:00 Security check: file is normal
2026-10-05 15:04:01 Checking permissions of /usr/share/lynis/include/tests_usb
2026-10-05 15:04:01 File permissions are OK
2026-10-05 15:04:01 ====
2026-10-05 15:04:01 Action: Performing tests from category: Périphériques USB
2026-10-05 15:04:01 ====
2026-10-05 15:04:01 Performing test ID USB-1000 (Check if USB storage is disabled)
2026-10-05 15:04:01 Test: Checking USB storage driver in directory /etc/modprobe.d and configuration file /etc/modprobe.conf
2026-10-05 15:04:01 Result: usb-storage driver is not explicitly disabled
2026-10-05 15:04:01 Suggestion: Disable drivers like USB storage when not used, to prevent unauthorized storage or data theft [test:USB-1000] [details:-] [solution:-]
2026-10-05 15:04:01 Hardening: assigned partial number of hardening points (2 of 3). Currently having 118 points (out of 147)
2026-10-05 15:04:01 ====
2026-10-05 15:04:01 Performing test ID USB-2000 (Check USB authorizations)
2026-10-05 15:04:01 Test: checking presence of USB devices path (/sys/bus/usb/devices)
2026-10-05 15:04:01 Test: Checking USB devices authorization to connect to the system
2026-10-05 15:04:01 Test: /sys/bus/usb/devices/usb1 is authorized by default (authorized_default=1)
2026-10-05 15:04:01 Test: /sys/bus/usb/devices/usb1 is authorized currently (authorized=1)
2026-10-05 15:04:01 Test: /sys/bus/usb/devices/usb2 is authorized by default (authorized_default=1)
2026-10-05 15:04:01 Test: /sys/bus/usb/devices/usb2 is authorized currently (authorized=1)
2026-10-05 15:04:01 Result: Some USB devices are authorized by default (or temporary) to connect to the system
2026-10-05 15:04:01 Hardening: assigned partial number of hardening points (0 of 3). Currently having 118 points (out of 150)
2026-10-05 15:04:01 ====
2026-10-05 15:04:01 Performing test ID USB-3000 (Check for presence of USBGuard)
2026-10-05 15:04:01 Result: USBGuard not found
2026-10-05 15:04:01 Hardening: assigned partial number of hardening points (0 of 8). Currently having 118 points (out of 158)
2026-10-05 15:04:01 Security check: file is normal
2026-10-05 15:04:01 Checking permissions of /usr/share/lynis/include/tests_storage
2026-10-05 15:04:01 File permissions are OK
2026-10-05 15:04:01 ====
2026-10-05 15:04:01 Action: Performing tests from category: Stockage
2026-10-05 15:04:01 ====
2026-10-05 15:04:01 Performing test ID STRG-1846 (Check if firewire storage is disabled)
2026-10-05 15:04:01 Test: Checking firewire storage driver in directory /etc/modprobe.d and configuration file /etc/modprobe.conf
2026-10-05 15:04:01 Result: firewire ohci driver is not explicitly disabled
2026-10-05 15:04:01 Suggestion: Disable drivers like firewire storage when not used, to prevent unauthorized storage or data theft [test:STRG-1846] [details:-] [solution:-]
2026-10-05 15:04:01 Hardening: assigned partial number of hardening points (2 of 3). Currently having 120 points (out of 161)
2026-10-05 15:04:01 Security check: file is normal
2026-10-05 15:04:01 Checking permissions of /usr/share/lynis/include/tests_storage_nfs
2026-10-05 15:04:02 File permissions are OK
2026-10-05 15:04:02 ====
2026-10-05 15:04:02 Action: Performing tests from category: NFS
2026-10-05 15:04:02 ====
2026-10-05 15:04:02 Skipped test STRG-1902 (Check rpcinfo registered programs)
2026-10-05 15:04:02 Reason to skip: Prerequisites not met (ie missing tool, other type of Linux distribution)
2026-10-05 15:04:02 ====
2026-10-05 15:04:02 Skipped test STRG-1904 (Check nfs rpc)
2026-10-05 15:04:02 Reason to skip: Prerequisites not met (ie missing tool, other type of Linux distribution)
2026-10-05 15:04:02 ====
2026-10-05 15:04:02 Skipped test STRG-1906 (Check nfs rpc)
2026-10-05 15:04:02 Reason to skip: Prerequisites not met (ie missing tool, other type of Linux distribution)
2026-10-05 15:04:02 ====
2026-10-05 15:04:02 Performing test ID STRG-1920 (Checking NFS daemon)
2026-10-05 15:04:02 Test: Checking running NFS daemon
2026-10-05 15:04:02 Output: NFS daemon is not running
2026-10-05 15:04:02 ====
2026-10-05 15:04:02 Skipped test STRG-1926 (Checking NFS exports)
2026-10-05 15:04:02 Reason to skip: Prerequisites not met (ie missing tool, other type of Linux distribution)
2026-10-05 15:04:02 ====
2026-10-05 15:04:02 Skipped test STRG-1928 (Checking empty /etc/exports)
2026-10-05 15:04:02 Reason to skip: Prerequisites not met (ie missing tool, other type of Linux distribution)
2026-10-05 15:04:02 ====
2026-10-05 15:04:02 Skipped test STRG-1930 (Check client access to nfs share)
2026-10-05 15:04:02 Reason to skip: Prerequisites not met (ie missing tool, other type of Linux distribution)
2026-10-05 15:04:02 Security check: file is normal
2026-10-05 15:04:02 Checking permissions of /usr/share/lynis/include/tests_nameservices
2026-10-05 15:04:02 File permissions are OK
2026-10-05 15:04:02 ====
2026-10-05 15:04:02 Action: Performing tests from category: Services de noms
2026-10-05 15:04:02 ====
2026-10-05 15:04:02 Performing test ID NAME-4016 (Check /etc/resolv.conf default domain)
2026-10-05 15:04:02 Test: check /etc/resolv.conf for default domain
2026-10-05 15:04:02 Result: /etc/resolv.conf found
2026-10-05 15:04:02 Result: no default domain found
2026-10-05 15:04:02 ====
2026-10-05 15:04:02 Performing test ID NAME-4018 (Check /etc/resolv.conf search domains)
2026-10-05 15:04:02 Test: check /etc/resolv.conf for search domains
2026-10-05 15:04:03 Result: /etc/resolv.conf found
2026-10-05 15:04:03 Found search domain: localdomain
2026-10-05 15:04:03 Result: Found 1 search domains
2026-10-05 15:04:03 Result: found 1 line(s) with a search statement (expecting less than 2 lines)
2026-10-05 15:04:03 ====
2026-10-05 15:04:03 Performing test ID NAME-4020 (Check non default options)
2026-10-05 15:04:03 Test: check /etc/resolv.conf for non default options
2026-10-05 15:04:03 Result: /etc/resolv.conf found
2026-10-05 15:04:03 Result: no specific other options configured in /etc/resolv.conf
2026-10-05 15:04:03 ====
2026-10-05 15:04:03 Skipped test NAME-4024 (Solaris uname -n output)
2026-10-05 15:04:03 Reason to skip: Incorrect guest OS (Solaris only)
2026-10-05 15:04:03 ====
2026-10-05 15:04:03 Skipped test NAME-4026 (Check /etc/nodename)
2026-10-05 15:04:03 Reason to skip: Incorrect guest OS (Solaris only)
2026-10-05 15:04:03 ====
2026-10-05 15:04:03 Performing test ID NAME-4028 (Check domain name)
2026-10-05 15:04:03 Test: Checking if dnsdomainname command is available
2026-10-05 15:04:03 Result: dnsdomainname command returned no value
2026-10-05 15:04:03 Result: using domain name from FQDN hostname (localhost.localdomain)
2026-10-05 15:04:03 Result: found domain name
2026-10-05 15:04:03 ====
2026-10-05 15:04:03 Performing test ID NAME-4032 (Check nscd status)
2026-10-05 15:04:03 Test: checking nscd status
2026-10-05 15:04:03 Performing pgrep scan without uid
2026-10-05 15:04:03 IsRunning: process 'nscd' not found
2026-10-05 15:04:03 Result: nscd is not running
2026-10-05 15:04:03 ====
2026-10-05 15:04:03 Performing test ID NAME-4034 (Check Unbound status)
2026-10-05 15:04:03 Test: checking Unbound (unbound) status
2026-10-05 15:04:03 Performing pgrep scan without uid
2026-10-05 15:04:03 IsRunning: process 'unbound' not found
2026-10-05 15:04:03 Result: Unbound daemon is not running
2026-10-05 15:04:03 ====
2026-10-05 15:04:03 Skipped test NAME-4036 (Check Unbound configuration file)
2026-10-05 15:04:03 Reason to skip: Prerequisites not met (ie missing tool, other type of Linux distribution)
2026-10-05 15:04:03 ====
2026-10-05 15:04:03 Performing test ID NAME-4202 (Check BIND status)
2026-10-05 15:04:03 Test: Checking for running BIND instance
2026-10-05 15:04:03 Performing pgrep scan without uid
2026-10-05 15:04:03 IsRunning: process 'named' not found
2026-10-05 15:04:03 Result: BIND not running
2026-10-05 15:04:03 ====
2026-10-05 15:04:04 Skipped test NAME-4204 (Search BIND configuration file)
2026-10-05 15:04:04 Reason to skip: Prerequisites not met (ie missing tool, other type of Linux distribution)
2026-10-05 15:04:04 ====
2026-10-05 15:04:04 Skipped test NAME-4206 (Check BIND configuration consistency)
2026-10-05 15:04:04 Reason to skip: Prerequisites not met (ie missing tool, other type of Linux distribution)
2026-10-05 15:04:04 ====
2026-10-05 15:04:04 Skipped test NAME-4210 (Check DNS banner)
2026-10-05 15:04:04 Reason to skip: Prerequisites not met (ie missing tool, other type of Linux distribution)
2026-10-05 15:04:04 ====
2026-10-05 15:04:04 Performing test ID NAME-4230 (Check PowerDNS status)
2026-10-05 15:04:04 Test: Checking for running PowerDNS instance
2026-10-05 15:04:04 Performing pgrep scan without uid
2026-10-05 15:04:04 IsRunning: process 'pdns_server' not found
2026-10-05 15:04:04 Result: PowerDNS not running
2026-10-05 15:04:04 ====
2026-10-05 15:04:04 Skipped test NAME-4232 (Search PowerDNS configuration file)
2026-10-05 15:04:04 Reason to skip: Prerequisites not met (ie missing tool, other type of Linux distribution)
2026-10-05 15:04:04 ====
2026-10-05 15:04:04 Skipped test NAME-4236 (Check PowerDNS backends)
2026-10-05 15:04:04 Reason to skip: Prerequisites not met (ie missing tool, other type of Linux distribution)
2026-10-05 15:04:04 ====
2026-10-05 15:04:04 Skipped test NAME-4238 (Check PowerDNS authoritative status)
2026-10-05 15:04:04 Reason to skip: Prerequisites not met (ie missing tool, other type of Linux distribution)
2026-10-05 15:04:04 ====
2026-10-05 15:04:04 Performing test ID NAME-4304 (Check NIS ypbind status)
2026-10-05 15:04:04 Test: Checking status of ypbind daemon
2026-10-05 15:04:04 Performing pgrep scan without uid
2026-10-05 15:04:04 IsRunning: process 'ypbind' not found
2026-10-05 15:04:04 Result: ypbind is not active
2026-10-05 15:04:04 ====
2026-10-05 15:04:04 Skipped test NAME-4306 (Check NIS domain)
2026-10-05 15:04:04 Reason to skip: Prerequisites not met (ie missing tool, other type of Linux distribution)
2026-10-05 15:04:04 ====
2026-10-05 15:04:04 Performing test ID NAME-4402 (Check duplicate line in /etc/hosts)
2026-10-05 15:04:04 Test: check duplicate line in /etc/hosts
2026-10-05 15:04:04 Result: OK, no duplicate lines found
2026-10-05 15:04:04 ====
2026-10-05 15:04:04 Performing test ID NAME-4404 (Check /etc/hosts contains an entry for this server name)
2026-10-05 15:04:04 Test: Check /etc/hosts contains an entry for this server name
2026-10-05 15:04:05 Result: Found entry for localhost in /etc/hosts
2026-10-05 15:04:05 ====
2026-10-05 15:04:05 Performing test ID NAME-4406 (Check server hostname mapping)
2026-10-05 15:04:05 Test: Check server hostname not locally mapped in /etc/hosts
2026-10-05 15:04:05 Result: Found this server hostname mapped to a local address
2026-10-05 15:04:05 Output: ::1         localhost localhost.localdomain localhost6 localhost6.localdomain6
2026-10-05 15:04:05 Information: Linking the hostname to the localhost entry may break some resolving. Split resolving so that localhost resolves back to 127.0.0.1 (and ::1) and the hostname of the machine to the real IP address on the network interface.
2026-10-05 15:04:05 Suggestion: Split resolving between localhost and the hostname of the system [test:NAME-4406] [details:-] [solution:-]
2026-10-05 15:04:05 ====
2026-10-05 15:04:05 Performing test ID NAME-4408 (Check localhost entry)
2026-10-05 15:04:05 Test: Check server hostname not locally mapped in /etc/hosts
2026-10-05 15:04:05 Result: localhost mapped to ::1
2026-10-05 15:04:05 Security check: file is normal
2026-10-05 15:04:05 Checking permissions of /usr/share/lynis/include/tests_dns
2026-10-05 15:04:05 File permissions are OK
2026-10-05 15:04:05 Security check: file is normal
2026-10-05 15:04:05 Checking permissions of /usr/share/lynis/include/tests_ports_packages
2026-10-05 15:04:05 File permissions are OK
2026-10-05 15:04:05 ====
2026-10-05 15:04:05 Action: Performing tests from category: Ports et packages
2026-10-05 15:04:05 ====
2026-10-05 15:04:05 Skipped test PKGS-7200 (Querying apk)
2026-10-05 15:04:05 Reason to skip: Prerequisites not met (ie missing tool, other type of Linux distribution)
2026-10-05 15:04:05 Result: apk NON
2026-10-05 15:04:05 ====
2026-10-05 15:04:05 Skipped test PKGS-7301 (Query FreeBSD pkg)
2026-10-05 15:04:05 Reason to skip: Prerequisites not met (ie missing tool, other type of Linux distribution)
2026-10-05 15:04:05 ====
2026-10-05 15:04:05 Skipped test PKGS-7302 (Query FreeBSD/NetBSD pkg_info)
2026-10-05 15:04:05 Reason to skip: Prerequisites not met (ie missing tool, other type of Linux distribution)
2026-10-05 15:04:05 ====
2026-10-05 15:04:05 Skipped test PKGS-7303 (Query brew package manager)
2026-10-05 15:04:05 Reason to skip: Prerequisites not met (ie missing tool, other type of Linux distribution)
2026-10-05 15:04:05 Result: brew can NOT be found on this system
2026-10-05 15:04:05 ====
2026-10-05 15:04:05 Skipped test PKGS-7304 (Querying Gentoo packages)
2026-10-05 15:04:06 Reason to skip: Prerequisites not met (ie missing tool, other type of Linux distribution)
2026-10-05 15:04:06 Result: emerge can NOT be found on this system
2026-10-05 15:04:06 ====
2026-10-05 15:04:06 Skipped test PKGS-7305 (Query macOS Apps in /Applications and CoreServices)
2026-10-05 15:04:06 Reason to skip: Incorrect guest OS (macOS only)
2026-10-05 15:04:06 ====
2026-10-05 15:04:06 Skipped test PKGS-7306 (Querying Solaris packages)
2026-10-05 15:04:06 Reason to skip: Incorrect guest OS (Solaris only)
2026-10-05 15:04:06 Result: pkginfo can NOT be found on this system
2026-10-05 15:04:06 ====
2026-10-05 15:04:06 Skipped test PKGS-7308 (Checking package list with RPM)
2026-10-05 15:04:06 Reason to skip: Prerequisites not met (ie missing tool, other type of Linux distribution)
2026-10-05 15:04:06 Result: RPM binary NOT found on this system, test skipped
2026-10-05 15:04:06 ====
2026-10-05 15:04:06 Skipped test PKGS-7310 (Checking package list with pacman)
2026-10-05 15:04:06 Reason to skip: Prerequisites not met (ie missing tool, other type of Linux distribution)
2026-10-05 15:04:06 ====
2026-10-05 15:04:06 Skipped test PKGS-7312 (Checking available updates for pacman based system)
2026-10-05 15:04:06 Reason to skip: Prerequisites not met (ie missing tool, other type of Linux distribution)
2026-10-05 15:04:06 Result: pacman binary NOT found on this system, test skipped
2026-10-05 15:04:06 ====
2026-10-05 15:04:06 Skipped test PKGS-7314 (Checking pacman configuration options)
2026-10-05 15:04:06 Reason to skip: Prerequisites not met (ie missing tool, other type of Linux distribution)
2026-10-05 15:04:06 ====
2026-10-05 15:04:06 Skipped test PKGS-7320 (Checking for arch-audit tooling)
2026-10-05 15:04:06 Reason to skip: Test only applies to Arch Linux and Garuda Linux
2026-10-05 15:04:06 ====
2026-10-05 15:04:06 Skipped test PKGS-7322 (Discover vulnerable packages with arch-audit)
2026-10-05 15:04:06 Reason to skip: arch-audit not found
2026-10-05 15:04:06 ====
2026-10-05 15:04:06 Skipped test PKGS-7328 (Querying Zypper for installed packages)
2026-10-05 15:04:06 Reason to skip: Prerequisites not met (ie missing tool, other type of Linux distribution)
2026-10-05 15:04:06 ====
2026-10-05 15:04:06 Skipped test PKGS-7330 (Querying Zypper for vulnerable packages)
2026-10-05 15:04:06 Reason to skip: Prerequisites not met (ie missing tool, other type of Linux distribution)
2026-10-05 15:04:06 ====
2026-10-05 15:04:06 Skipped test PKGS-7332 (Query macOS ports)
2026-10-05 15:04:06 Reason to skip: Incorrect guest OS (macOS only)
2026-10-05 15:04:06 ====
2026-10-05 15:04:06 Skipped test PKGS-7334 (Query port for port upgrades)
2026-10-05 15:04:06 Reason to skip: Incorrect guest OS (macOS only)
2026-10-05 15:04:06 ====
2026-10-05 15:04:06 Skipped test PKGS-7345 (Querying dpkg)
2026-10-05 15:04:06 Reason to skip: Prerequisites not met (ie missing tool, other type of Linux distribution)
2026-10-05 15:04:06 Result: dpkg can NOT be found on this system, test skipped
2026-10-05 15:04:06 ====
2026-10-05 15:04:07 Skipped test PKGS-7346 (Search unpurged packages on system)
2026-10-05 15:04:07 Reason to skip: Prerequisites not met (ie missing tool, other type of Linux distribution)
2026-10-05 15:04:07 Result: dpkg can NOT be found on this system, test skipped
2026-10-05 15:04:07 ====
2026-10-05 15:04:07 Skipped test PKGS-7348 (Check for old distfiles)
2026-10-05 15:04:07 Reason to skip: Incorrect guest OS (FreeBSD only)
2026-10-05 15:04:07 ====
2026-10-05 15:04:07 Performing test ID PKGS-7350 (Checking for installed packages with DNF utility)
2026-10-05 15:04:07 Result: found DNF (Dandified YUM) utility (binary: /usr/bin/dnf)
2026-10-05 15:04:13 Found package: ModemManager.x86_64 (version: 1.20.2-1.el9)
2026-10-05 15:04:13 Found package: ModemManager-glib.x86_64 (version: 1.20.2-1.el9)
2026-10-05 15:04:13 Found package: NetworkManager.x86_64 (version: 1:1.54.3-5.el9_8)
2026-10-05 15:04:13 Found package: NetworkManager-adsl.x86_64 (version: 1:1.54.3-5.el9_8)
2026-10-05 15:04:13 Found package: NetworkManager-bluetooth.x86_64 (version: 1:1.54.3-5.el9_8)
2026-10-05 15:04:13 Found package: NetworkManager-config-server.noarch (version: 1:1.54.3-5.el9_8)
2026-10-05 15:04:13 Found package: NetworkManager-libnm.x86_64 (version: 1:1.54.3-5.el9_8)
2026-10-05 15:04:13 Found package: NetworkManager-team.x86_64 (version: 1:1.54.3-5.el9_8)
2026-10-05 15:04:13 Found package: NetworkManager-tui.x86_64 (version: 1:1.54.3-5.el9_8)
2026-10-05 15:04:13 Found package: NetworkManager-wifi.x86_64 (version: 1:1.54.3-5.el9_8)
2026-10-05 15:04:13 Found package: NetworkManager-wwan.x86_64 (version: 1:1.54.3-5.el9_8)
2026-10-05 15:04:14 Found package: PackageKit.x86_64 (version: 1.2.6-2.el9_8)
2026-10-05 15:04:14 Found package: PackageKit-command-not-found.x86_64 (version: 1.2.6-2.el9_8)
2026-10-05 15:04:14 Found package: PackageKit-glib.x86_64 (version: 1.2.6-2.el9_8)
2026-10-05 15:04:14 Found package: PackageKit-gstreamer-plugin.x86_64 (version: 1.2.6-2.el9_8)
2026-10-05 15:04:14 Found package: PackageKit-gtk3-module.x86_64 (version: 1.2.6-2.el9_8)
2026-10-05 15:04:14 Found package: aardvark-dns.x86_64 (version: 2:1.17.1-1.el9_8)
2026-10-05 15:04:14 Found package: abattis-cantarell-fonts.noarch (version: 0.301-4.el9)
2026-10-05 15:04:14 Found package: accountsservice.x86_64 (version: 0.6.55-10.el9)
2026-10-05 15:04:14 Found package: accountsservice-libs.x86_64 (version: 0.6.55-10.el9)
2026-10-05 15:04:14 Found package: acl.x86_64 (version: 2.4.0-1.el9_8)
2026-10-05 15:04:14 Found package: adcli.x86_64 (version: 0.9.3.1-3.el9)
2026-10-05 15:04:14 Found package: adcli-selinux.noarch (version: 0.9.3.1-3.el9)
2026-10-05 15:04:14 Found package: adobe-mappings-cmap.noarch (version: 20171205-12.el9)
2026-10-05 15:04:14 Found package: adobe-mappings-cmap-deprecated.noarch (version: 20171205-12.el9)
2026-10-05 15:04:14 Found package: adobe-mappings-pdf.noarch (version: 20180407-10.el9)
2026-10-05 15:04:14 Found package: adobe-source-code-pro-fonts.noarch (version: 2.030.1.050-12.el9.1)
2026-10-05 15:04:14 Found package: adwaita-cursor-theme.noarch (version: 40.1.1-3.el9)
2026-10-05 15:04:14 Found package: adwaita-icon-theme.noarch (version: 40.1.1-3.el9)
2026-10-05 15:04:14 Found package: alsa-lib.x86_64 (version: 1.2.15.3-1.el9)
2026-10-05 15:04:14 Found package: alsa-ucm.noarch (version: 1.2.15.3-1.el9)
2026-10-05 15:04:14 Found package: alsa-utils.x86_64 (version: 1.2.15.2-1.el9)
2026-10-05 15:04:14 Found package: alternatives.x86_64 (version: 1.24-2.el9)
2026-10-05 15:04:14 Found package: appstream.x86_64 (version: 0.16.1-1.el9)
2026-10-05 15:04:14 Found package: appstream-data.noarch (version: 1:9-20240827.el9)
2026-10-05 15:04:14 Found package: at.x86_64 (version: 3.1.23-13.el9_7)
2026-10-05 15:04:14 Found package: at-spi2-atk.x86_64 (version: 2.38.0-4.el9)
2026-10-05 15:04:14 Found package: at-spi2-core.x86_64 (version: 2.40.3-1.el9)
2026-10-05 15:04:14 Found package: atk.x86_64 (version: 2.36.0-5.el9)
2026-10-05 15:04:14 Found package: atkmm.x86_64 (version: 2.28.2-2.el9)
2026-10-05 15:04:14 Found package: attr.x86_64 (version: 2.6.0-1.el9_8)
2026-10-05 15:04:14 Found package: audit.x86_64 (version: 3.1.5-8.el9)
2026-10-05 15:04:14 Found package: audit-libs.x86_64 (version: 3.1.5-8.el9)
2026-10-05 15:04:14 Found package: authselect.x86_64 (version: 1.2.6-3.el9)
2026-10-05 15:04:14 Found package: authselect-libs.x86_64 (version: 1.2.6-3.el9)
2026-10-05 15:04:14 Found package: avahi.x86_64 (version: 0.8-23.el9)
2026-10-05 15:04:14 Found package: avahi-glib.x86_64 (version: 0.8-23.el9)
2026-10-05 15:04:14 Found package: avahi-libs.x86_64 (version: 0.8-23.el9)
2026-10-05 15:04:14 Found package: avahi-tools.x86_64 (version: 0.8-23.el9)
2026-10-05 15:04:14 Found package: baobab.x86_64 (version: 40.0-4.el9)
2026-10-05 15:04:14 Found package: basesystem.noarch (version: 11-13.el9)
2026-10-05 15:04:14 Found package: bash.x86_64 (version: 5.1.8-9.el9)
2026-10-05 15:04:14 Found package: bash-completion.noarch (version: 1:2.11-5.el9)
2026-10-05 15:04:15 Found package: bc.x86_64 (version: 1.07.1-14.el9)
2026-10-05 15:04:15 Found package: bind-libs.x86_64 (version: 32:9.16.23-40.el9_8.9)
2026-10-05 15:04:15 Found package: bind-license.noarch (version: 32:9.16.23-40.el9_8.9)
2026-10-05 15:04:15 Found package: bind-utils.x86_64 (version: 32:9.16.23-40.el9_8.9)
2026-10-05 15:04:15 Found package: binutils.x86_64 (version: 2.35.2-72.el9)
2026-10-05 15:04:15 Found package: binutils-gold.x86_64 (version: 2.35.2-72.el9)
2026-10-05 15:04:15 Found package: blktrace.x86_64 (version: 1.2.0-20.el9)
2026-10-05 15:04:15 Found package: bluez.x86_64 (version: 5.87+1.git30db66dc971b-1.el9_8)
2026-10-05 15:04:15 Found package: bluez-libs.x86_64 (version: 5.87+1.git30db66dc971b-1.el9_8)
2026-10-05 15:04:15 Found package: bluez-obexd.x86_64 (version: 5.87+1.git30db66dc971b-1.el9_8)
2026-10-05 15:04:15 Found package: bolt.x86_64 (version: 0.9.10-1.el9)
2026-10-05 15:04:15 Found package: bpftool.x86_64 (version: 7.5.0-804.el9)
2026-10-05 15:04:15 Found package: brlapi.x86_64 (version: 0.8.2-4.el9)
2026-10-05 15:04:15 Found package: brltty.x86_64 (version: 6.3-4.el9)
2026-10-05 15:04:15 Found package: bubblewrap.x86_64 (version: 0.6.3-1.el9)
2026-10-05 15:04:15 Found package: buildah.x86_64 (version: 2:1.43.3-2.el9_8)
2026-10-05 15:04:15 Found package: bzip2.x86_64 (version: 1.0.8-11.el9)
2026-10-05 15:04:15 Found package: bzip2-libs.x86_64 (version: 1.0.8-11.el9)
2026-10-05 15:04:15 Found package: c-ares.x86_64 (version: 1.19.1-2.el9_4)
2026-10-05 15:04:15 Found package: ca-certificates.noarch (version: 2025.2.80_v9.0.305-91.el9)
2026-10-05 15:04:15 Found package: cairo.x86_64 (version: 1.17.4-7.el9)
2026-10-05 15:04:15 Found package: cairo-gobject.x86_64 (version: 1.17.4-7.el9)
2026-10-05 15:04:15 Found package: cairomm.x86_64 (version: 1.14.2-10.el9)
2026-10-05 15:04:15 Found package: checkpolicy.x86_64 (version: 3.6-1.el9)
2026-10-05 15:04:15 Found package: cheese.x86_64 (version: 2:3.38.0-6.el9)
2026-10-05 15:04:15 Found package: cheese-libs.x86_64 (version: 2:3.38.0-6.el9)
2026-10-05 15:04:15 Found package: chrome-gnome-shell.x86_64 (version: 42.1-1.el9)
2026-10-05 15:04:15 Found package: chrony.x86_64 (version: 4.8-1.el9)
2026-10-05 15:04:15 Found package: clevis.x86_64 (version: 21-209.el9)
2026-10-05 15:04:15 Found package: clevis-luks.x86_64 (version: 21-209.el9)
2026-10-05 15:04:15 Found package: clutter.x86_64 (version: 1.26.4-7.el9)
2026-10-05 15:04:15 Found package: clutter-gst3.x86_64 (version: 3.0.27-7.el9)
2026-10-05 15:04:15 Found package: clutter-gtk.x86_64 (version: 1.8.4-13.el9)
2026-10-05 15:04:15 Found package: cockpit.x86_64 (version: 356.3-1.el9_8)
2026-10-05 15:04:15 Found package: cockpit-bridge.noarch (version: 356.3-1.el9_8)
2026-10-05 15:04:15 Found package: cockpit-packagekit.noarch (version: 356.3-1.el9_8)
2026-10-05 15:04:15 Found package: cockpit-podman.noarch (version: 121-1.el9)
2026-10-05 15:04:15 Found package: cockpit-storaged.noarch (version: 356.3-1.el9_8)
2026-10-05 15:04:15 Found package: cockpit-system.noarch (version: 356.3-1.el9_8)
2026-10-05 15:04:15 Found package: cockpit-ws.x86_64 (version: 356.3-1.el9_8)
2026-10-05 15:04:16 Found package: cockpit-ws-selinux.x86_64 (version: 356.3-1.el9_8)
2026-10-05 15:04:16 Found package: cogl.x86_64 (version: 1.22.8-5.el9)
2026-10-05 15:04:16 Found package: color-filesystem.noarch (version: 1-28.el9)
2026-10-05 15:04:16 Found package: colord.x86_64 (version: 1.4.5-6.el9_6)
2026-10-05 15:04:16 Found package: colord-gtk.x86_64 (version: 0.2.0-7.el9)
2026-10-05 15:04:16 Found package: colord-libs.x86_64 (version: 1.4.5-6.el9_6)
2026-10-05 15:04:16 Found package: composefs.x86_64 (version: 1.0.8-1.el9)
2026-10-05 15:04:16 Found package: composefs-libs.x86_64 (version: 1.0.8-1.el9)
2026-10-05 15:04:16 Found package: conmon.x86_64 (version: 3:2.2.1-2.el9_8)
2026-10-05 15:04:16 Found package: container-selinux.noarch (version: 4:2.247.0-1.el9_8)
2026-10-05 15:04:16 Found package: containernetworking-plugins.x86_64 (version: 1:1.9.0-4.el9_8)
2026-10-05 15:04:16 Found package: containers-common.x86_64 (version: 5:5.8-1.el9)
2026-10-05 15:04:16 Found package: containers-common-extra.x86_64 (version: 5:5.8-1.el9)
2026-10-05 15:04:16 Found package: coreutils.x86_64 (version: 8.32-41.el9_8.1)
2026-10-05 15:04:16 Found package: coreutils-common.x86_64 (version: 8.32-41.el9_8.1)
2026-10-05 15:04:16 Found package: cpio.x86_64 (version: 2.13-16.el9)
2026-10-05 15:04:16 Found package: cpp.x86_64 (version: 11.5.0-14.el9)
2026-10-05 15:04:16 Found package: cracklib.x86_64 (version: 2.9.6-28.el9)
2026-10-05 15:04:16 Found package: cracklib-dicts.x86_64 (version: 2.9.6-28.el9)
2026-10-05 15:04:16 Found package: criu.x86_64 (version: 3.19-4.el9_8)
2026-10-05 15:04:16 Found package: criu-libs.x86_64 (version: 3.19-4.el9_8)
2026-10-05 15:04:16 Found package: cronie.x86_64 (version: 1.5.7-16.el9)
2026-10-05 15:04:16 Found package: cronie-anacron.x86_64 (version: 1.5.7-16.el9)
2026-10-05 15:04:16 Found package: crontabs.noarch (version: 1.11-27.20190603git.el9_0)
2026-10-05 15:04:16 Found package: crun.x86_64 (version: 1.27-1.el9_8)
2026-10-05 15:04:16 Found package: crypto-policies.noarch (version: 20260224-1.gitea0f072.el9_8)
2026-10-05 15:04:16 Found package: crypto-policies-scripts.noarch (version: 20260224-1.gitea0f072.el9_8)
2026-10-05 15:04:16 Found package: cryptsetup.x86_64 (version: 2.8.1-3.el9)
2026-10-05 15:04:16 Found package: cryptsetup-libs.x86_64 (version: 2.8.1-3.el9)
2026-10-05 15:04:16 Found package: cups.x86_64 (version: 1:2.3.3op2-39.el9_8)
2026-10-05 15:04:16 Found package: cups-client.x86_64 (version: 1:2.3.3op2-39.el9_8)
2026-10-05 15:04:16 Found package: cups-filesystem.noarch (version: 1:2.3.3op2-39.el9_8)
2026-10-05 15:04:16 Found package: cups-filters.x86_64 (version: 1.28.7-27.el9_8)
2026-10-05 15:04:16 Found package: cups-filters-libs.x86_64 (version: 1.28.7-27.el9_8)
2026-10-05 15:04:16 Found package: cups-ipptool.x86_64 (version: 1:2.3.3op2-39.el9_8)
2026-10-05 15:04:16 Found package: cups-libs.x86_64 (version: 1:2.3.3op2-39.el9_8)
2026-10-05 15:04:16 Found package: cups-pk-helper.x86_64 (version: 0.2.6-14.el9)
2026-10-05 15:04:16 Found package: curl.x86_64 (version: 7.76.1-40.el9_8.7)
2026-10-05 15:04:16 Found package: cyrus-sasl-gssapi.x86_64 (version: 2.1.27-22.el9)
2026-10-05 15:04:17 Found package: cyrus-sasl-lib.x86_64 (version: 2.1.27-22.el9)
2026-10-05 15:04:17 Found package: cyrus-sasl-plain.x86_64 (version: 2.1.27-22.el9)
2026-10-05 15:04:17 Found package: dbus.x86_64 (version: 1:1.12.20-8.el9)
2026-10-05 15:04:17 Found package: dbus-broker.x86_64 (version: 28-9.el9_8)
2026-10-05 15:04:17 Found package: dbus-common.noarch (version: 1:1.12.20-8.el9)
2026-10-05 15:04:17 Found package: dbus-daemon.x86_64 (version: 1:1.12.20-8.el9)
2026-10-05 15:04:17 Found package: dbus-glib.x86_64 (version: 0.110-13.el9)
2026-10-05 15:04:17 Found package: dbus-libs.x86_64 (version: 1:1.12.20-8.el9)
2026-10-05 15:04:17 Found package: dbus-tools.x86_64 (version: 1:1.12.20-8.el9)
2026-10-05 15:04:17 Found package: dconf.x86_64 (version: 0.40.0-6.el9)
2026-10-05 15:04:17 Found package: dejavu-sans-fonts.noarch (version: 2.37-18.el9)
2026-10-05 15:04:17 Found package: dejavu-sans-mono-fonts.noarch (version: 2.37-18.el9)
2026-10-05 15:04:17 Found package: dejavu-serif-fonts.noarch (version: 2.37-18.el9)
2026-10-05 15:04:17 Found package: desktop-file-utils.x86_64 (version: 0.26-6.el9)
2026-10-05 15:04:17 Found package: device-mapper.x86_64 (version: 9:1.02.207-4.el9_8.1)
2026-10-05 15:04:17 Found package: device-mapper-event.x86_64 (version: 9:1.02.207-4.el9_8.1)
2026-10-05 15:04:17 Found package: device-mapper-event-libs.x86_64 (version: 9:1.02.207-4.el9_8.1)
2026-10-05 15:04:17 Found package: device-mapper-libs.x86_64 (version: 9:1.02.207-4.el9_8.1)
2026-10-05 15:04:17 Found package: device-mapper-multipath.x86_64 (version: 0.8.7-45.el9)
2026-10-05 15:04:17 Found package: device-mapper-multipath-libs.x86_64 (version: 0.8.7-45.el9)
2026-10-05 15:04:17 Found package: device-mapper-persistent-data.x86_64 (version: 1.1.0-1.el9)
2026-10-05 15:04:17 Found package: diffutils.x86_64 (version: 3.7-12.el9)
2026-10-05 15:04:17 Found package: dmidecode.x86_64 (version: 1:3.6-2.el9)
2026-10-05 15:04:17 Found package: dnf.noarch (version: 4.14.0-34.el9_8)
2026-10-05 15:04:17 Found package: dnf-data.noarch (version: 4.14.0-34.el9_8)
2026-10-05 15:04:17 Found package: dnf-plugins-core.noarch (version: 4.3.0-26.el9)
2026-10-05 15:04:17 Found package: dnsmasq.x86_64 (version: 2.85-18.el9_8.2)
2026-10-05 15:04:17 Found package: dos2unix.x86_64 (version: 7.4.2-4.el9)
2026-10-05 15:04:17 Found package: dosfstools.x86_64 (version: 4.2-3.el9)
2026-10-05 15:04:17 Found package: dotconf.x86_64 (version: 1.3-28.el9)
2026-10-05 15:04:17 Found package: dracut.x86_64 (version: 057-120.git20260728.el9_8)
2026-10-05 15:04:17 Found package: dracut-config-rescue.x86_64 (version: 057-120.git20260728.el9_8)
2026-10-05 15:04:17 Found package: dracut-network.x86_64 (version: 057-120.git20260728.el9_8)
2026-10-05 15:04:17 Found package: dracut-squash.x86_64 (version: 057-120.git20260728.el9_8)
2026-10-05 15:04:17 Found package: e2fsprogs.x86_64 (version: 1.46.5-8.el9)
2026-10-05 15:04:17 Found package: e2fsprogs-libs.x86_64 (version: 1.46.5-8.el9)
2026-10-05 15:04:17 Found package: ed.x86_64 (version: 1.14.2-12.el9)
2026-10-05 15:04:17 Found package: efi-filesystem.noarch (version: 6-4.el9)
2026-10-05 15:04:18 Found package: efibootmgr.x86_64 (version: 16-12.el9)
2026-10-05 15:04:18 Found package: efivar-libs.x86_64 (version: 38-3.el9)
2026-10-05 15:04:18 Found package: elfutils-debuginfod-client.x86_64 (version: 0.194-1.el9)
2026-10-05 15:04:18 Found package: elfutils-default-yama-scope.noarch (version: 0.194-1.el9)
2026-10-05 15:04:18 Found package: elfutils-libelf.x86_64 (version: 0.194-1.el9)
2026-10-05 15:04:18 Found package: elfutils-libs.x86_64 (version: 0.194-1.el9)
2026-10-05 15:04:18 Found package: emacs-filesystem.noarch (version: 1:27.2-18.el9)
2026-10-05 15:04:18 Found package: enchant2.x86_64 (version: 2.2.15-6.el9)
2026-10-05 15:04:18 Found package: enscript.x86_64 (version: 1.6.6-28.el9)
2026-10-05 15:04:18 Found package: eog.x86_64 (version: 40.3-2.el9)
2026-10-05 15:04:18 Found package: epel-release.noarch (version: 9-11.el9)
2026-10-05 15:04:18 Found package: espeak-ng.x86_64 (version: 1.50-9.el9)
2026-10-05 15:04:18 Found package: ethtool.x86_64 (version: 2:6.15-2.el9)
2026-10-05 15:04:18 Found package: evince.x86_64 (version: 40.5-4.el9_8.1)
2026-10-05 15:04:18 Found package: evince-libs.x86_64 (version: 40.5-4.el9_8.1)
2026-10-05 15:04:18 Found package: evince-nautilus.x86_64 (version: 40.5-4.el9_8.1)
2026-10-05 15:04:18 Found package: evince-previewer.x86_64 (version: 40.5-4.el9_8.1)
2026-10-05 15:04:18 Found package: evince-thumbnailer.x86_64 (version: 40.5-4.el9_8.1)
2026-10-05 15:04:18 Found package: evolution-data-server.x86_64 (version: 3.40.4-10.el9)
2026-10-05 15:04:18 Found package: evolution-data-server-langpacks.noarch (version: 3.40.4-10.el9)
2026-10-05 15:04:18 Found package: evolution-data-server-ui.x86_64 (version: 3.40.4-10.el9)
2026-10-05 15:04:18 Found package: exempi.x86_64 (version: 2.6.0-0.2.20211007gite23c213.el9)
2026-10-05 15:04:18 Found package: exiv2.x86_64 (version: 0.27.5-2.el9)
2026-10-05 15:04:18 Found package: exiv2-libs.x86_64 (version: 0.27.5-2.el9)
2026-10-05 15:04:18 Found package: expat.x86_64 (version: 2.5.0-6.el9_8.5)
2026-10-05 15:04:18 Found package: fdk-aac-free.x86_64 (version: 2.0.0-8.el9)
2026-10-05 15:04:18 Found package: fftw-libs-single.x86_64 (version: 3.3.8-12.el9)
2026-10-05 15:04:18 Found package: file.x86_64 (version: 5.39-17.el9)
2026-10-05 15:04:18 Found package: file-libs.x86_64 (version: 5.39-17.el9)
2026-10-05 15:04:18 Found package: filesystem.x86_64 (version: 3.16-5.el9)
2026-10-05 15:04:18 Found package: findutils.x86_64 (version: 1:4.8.0-7.el9)
2026-10-05 15:04:18 Found package: firefox.x86_64 (version: 140.16.0-1.el9_8)
2026-10-05 15:04:18 Found package: firewalld.noarch (version: 1.3.4-20.el9_8)
2026-10-05 15:04:18 Found package: firewalld-filesystem.noarch (version: 1.3.4-20.el9_8)
2026-10-05 15:04:18 Found package: flac-libs.x86_64 (version: 1.3.3-10.el9_2.1)
2026-10-05 15:04:19 Found package: flashrom.x86_64 (version: 1.2-10.el9)
2026-10-05 15:04:19 Found package: flatpak.x86_64 (version: 1.12.9-4.el9_8.1)
2026-10-05 15:04:19 Found package: flatpak-libs.x86_64 (version: 1.12.9-4.el9_8.1)
2026-10-05 15:04:19 Found package: flatpak-selinux.noarch (version: 1.12.9-4.el9_8.1)
2026-10-05 15:04:19 Found package: flatpak-session-helper.x86_64 (version: 1.12.9-4.el9_8.1)
2026-10-05 15:04:19 Found package: fontconfig.x86_64 (version: 2.14.0-2.el9_1)
2026-10-05 15:04:19 Found package: fonts-filesystem.noarch (version: 1:2.0.5-7.el9.1)
2026-10-05 15:04:19 Found package: foomatic.x86_64 (version: 4.0.13-19.el9)
2026-10-05 15:04:19 Found package: foomatic-db.noarch (version: 4.0-72.20210209.el9)
2026-10-05 15:04:19 Found package: foomatic-db-filesystem.noarch (version: 4.0-72.20210209.el9)
2026-10-05 15:04:19 Found package: foomatic-db-ppds.noarch (version: 4.0-72.20210209.el9)
2026-10-05 15:04:19 Found package: fprintd.x86_64 (version: 1.94.0-3.el9)
2026-10-05 15:04:19 Found package: fprintd-pam.x86_64 (version: 1.94.0-3.el9)
2026-10-05 15:04:19 Found package: freetype.x86_64 (version: 2.10.4-10.el9_5)
2026-10-05 15:04:19 Found package: fribidi.x86_64 (version: 1.0.10-6.el9.2)
2026-10-05 15:04:19 Found package: fstrm.x86_64 (version: 0.6.1-3.el9)
2026-10-05 15:04:19 Found package: fuse.x86_64 (version: 2.9.9-17.el9)
2026-10-05 15:04:19 Found package: fuse-common.x86_64 (version: 3.10.2-9.el9)
2026-10-05 15:04:19 Found package: fuse-libs.x86_64 (version: 2.9.9-17.el9)
2026-10-05 15:04:19 Found package: fuse-overlayfs.x86_64 (version: 1.16-1.el9_7)
2026-10-05 15:04:19 Found package: fuse3.x86_64 (version: 3.10.2-9.el9)
2026-10-05 15:04:19 Found package: fuse3-libs.x86_64 (version: 3.10.2-9.el9)
2026-10-05 15:04:19 Found package: fwupd.x86_64 (version: 2.0.19-2.el9_8)
2026-10-05 15:04:19 Found package: fwupd-plugin-flashrom.x86_64 (version: 2.0.19-2.el9_8)
2026-10-05 15:04:19 Found package: gawk.x86_64 (version: 5.1.0-6.el9_8.1)
2026-10-05 15:04:19 Found package: gawk-all-langpacks.x86_64 (version: 5.1.0-6.el9_8.1)
2026-10-05 15:04:19 Found package: gcr.x86_64 (version: 3.40.0-3.el9)
2026-10-05 15:04:19 Found package: gcr-base.x86_64 (version: 3.40.0-3.el9)
2026-10-05 15:04:19 Found package: gd.x86_64 (version: 2.3.2-3.el9)
2026-10-05 15:04:19 Found package: gdbm-libs.x86_64 (version: 1:1.23-1.el9)
2026-10-05 15:04:19 Found package: gdisk.x86_64 (version: 1.0.7-5.el9)
2026-10-05 15:04:19 Found package: gdk-pixbuf2.x86_64 (version: 2.42.6-6.el9_8.1)
2026-10-05 15:04:19 Found package: gdk-pixbuf2-modules.x86_64 (version: 2.42.6-6.el9_8.1)
2026-10-05 15:04:19 Found package: gdm.x86_64 (version: 1:40.1-44.el9_8)
2026-10-05 15:04:20 Found package: gedit.x86_64 (version: 2:40.0-6.el9)
2026-10-05 15:04:20 Found package: geoclue2.x86_64 (version: 2.6.0-8.el9_6.1)
2026-10-05 15:04:20 Found package: geoclue2-libs.x86_64 (version: 2.6.0-8.el9_6.1)
2026-10-05 15:04:20 Found package: geocode-glib.x86_64 (version: 3.26.2-5.el9)
2026-10-05 15:04:20 Found package: gettext.x86_64 (version: 0.21-8.el9)
2026-10-05 15:04:20 Found package: gettext-libs.x86_64 (version: 0.21-8.el9)
2026-10-05 15:04:20 Found package: ghostscript.x86_64 (version: 9.54.0-19.el9_8.1)
2026-10-05 15:04:20 Found package: ghostscript-tools-fonts.x86_64 (version: 9.54.0-19.el9_8.1)
2026-10-05 15:04:20 Found package: ghostscript-tools-printing.x86_64 (version: 9.54.0-19.el9_8.1)
2026-10-05 15:04:20 Found package: giflib.x86_64 (version: 5.2.1-10.el9_8.2)
2026-10-05 15:04:20 Found package: gjs.x86_64 (version: 1.68.6-4.el9)
2026-10-05 15:04:20 Found package: glib-networking.x86_64 (version: 2.68.3-3.el9)
2026-10-05 15:04:20 Found package: glib2.x86_64 (version: 2.68.4-19.el9_8.10)
2026-10-05 15:04:20 Found package: glibc.x86_64 (version: 2.34-275.el9_8)
2026-10-05 15:04:20 Found package: glibc-all-langpacks.x86_64 (version: 2.34-275.el9_8)
2026-10-05 15:04:20 Found package: glibc-common.x86_64 (version: 2.34-275.el9_8)
2026-10-05 15:04:20 Found package: glibc-gconv-extra.x86_64 (version: 2.34-275.el9_8)
2026-10-05 15:04:20 Found package: glibc-langpack-fr.x86_64 (version: 2.34-275.el9_8)
2026-10-05 15:04:20 Found package: glibmm24.x86_64 (version: 2.66.1-1.el9)
2026-10-05 15:04:20 Found package: glx-utils.x86_64 (version: 8.4.0-12.20210504git0f9e7d9.el9)
2026-10-05 15:04:20 Found package: gmp.x86_64 (version: 1:6.2.0-13.el9)
2026-10-05 15:04:20 Found package: gnome-autoar.x86_64 (version: 0.4.1-3.el9)
2026-10-05 15:04:20 Found package: gnome-bluetooth.x86_64 (version: 1:3.34.5-3.el9)
2026-10-05 15:04:20 Found package: gnome-bluetooth-libs.x86_64 (version: 1:3.34.5-3.el9)
2026-10-05 15:04:20 Found package: gnome-calculator.x86_64 (version: 40.1-2.el9)
2026-10-05 15:04:20 Found package: gnome-characters.x86_64 (version: 40.0-3.el9)
2026-10-05 15:04:20 Found package: gnome-classic-session.noarch (version: 40.7-31.el9)
2026-10-05 15:04:20 Found package: gnome-color-manager.x86_64 (version: 3.36.0-7.el9)
2026-10-05 15:04:20 Found package: gnome-control-center.x86_64 (version: 40.0-45.el9_8)
2026-10-05 15:04:20 Found package: gnome-control-center-filesystem.noarch (version: 40.0-45.el9_8)
2026-10-05 15:04:20 Found package: gnome-desktop3.x86_64 (version: 40.4-1.el9)
2026-10-05 15:04:20 Found package: gnome-disk-utility.x86_64 (version: 40.2-2.el9)
2026-10-05 15:04:20 Found package: gnome-font-viewer.x86_64 (version: 40.0-3.el9)
2026-10-05 15:04:20 Found package: gnome-initial-setup.x86_64 (version: 40.4-4.el9)
2026-10-05 15:04:20 Found package: gnome-keyring.x86_64 (version: 40.0-4.el9_4)
2026-10-05 15:04:21 Found package: gnome-keyring-pam.x86_64 (version: 40.0-4.el9_4)
2026-10-05 15:04:21 Found package: gnome-logs.x86_64 (version: 3.36.0-8.el9)
2026-10-05 15:04:21 Found package: gnome-menus.x86_64 (version: 3.36.0-9.el9_4)
2026-10-05 15:04:21 Found package: gnome-online-accounts.x86_64 (version: 3.40.0-8.el9)
2026-10-05 15:04:21 Found package: gnome-remote-desktop.x86_64 (version: 40.0-11.el9_6)
2026-10-05 15:04:21 Found package: gnome-screenshot.x86_64 (version: 40.0-5.el9)
2026-10-05 15:04:21 Found package: gnome-session.x86_64 (version: 40.1.1-11.el9)
2026-10-05 15:04:21 Found package: gnome-session-wayland-session.x86_64 (version: 40.1.1-11.el9)
2026-10-05 15:04:21 Found package: gnome-session-xsession.x86_64 (version: 40.1.1-11.el9)
2026-10-05 15:04:21 Found package: gnome-settings-daemon.x86_64 (version: 40.0.1-24.el9)
2026-10-05 15:04:21 Found package: gnome-shell.x86_64 (version: 40.10-35.el9_8.1)
2026-10-05 15:04:21 Found package: gnome-shell-extension-apps-menu.noarch (version: 40.7-31.el9)
2026-10-05 15:04:21 Found package: gnome-shell-extension-background-logo.noarch (version: 40.0~rc-4.el9)
2026-10-05 15:04:21 Found package: gnome-shell-extension-common.noarch (version: 40.7-31.el9)
2026-10-05 15:04:21 Found package: gnome-shell-extension-desktop-icons.noarch (version: 40.7-31.el9)
2026-10-05 15:04:21 Found package: gnome-shell-extension-launch-new-instance.noarch (version: 40.7-31.el9)
2026-10-05 15:04:21 Found package: gnome-shell-extension-places-menu.noarch (version: 40.7-31.el9)
2026-10-05 15:04:21 Found package: gnome-shell-extension-window-list.noarch (version: 40.7-31.el9)
2026-10-05 15:04:21 Found package: gnome-software.x86_64 (version: 45.3-3.el9)
2026-10-05 15:04:21 Found package: gnome-system-monitor.x86_64 (version: 40.1-3.el9)
2026-10-05 15:04:21 Found package: gnome-terminal.x86_64 (version: 3.40.3-1.el9)
2026-10-05 15:04:21 Found package: gnome-terminal-nautilus.x86_64 (version: 3.40.3-1.el9)
2026-10-05 15:04:21 Found package: gnome-tour.x86_64 (version: 40.1-2.el9)
2026-10-05 15:04:21 Found package: gnome-user-docs.noarch (version: 40.0-3.el9)
2026-10-05 15:04:21 Found package: gnome-video-effects.noarch (version: 0.5.0-7.el9)
2026-10-05 15:04:21 Found package: gnupg2.x86_64 (version: 2.3.3-5.el9_7)
2026-10-05 15:04:21 Found package: gnutls.x86_64 (version: 3.8.10-8.el9_8)
2026-10-05 15:04:21 Found package: gobject-introspection.x86_64 (version: 1.68.0-11.el9)
2026-10-05 15:04:21 Found package: gom.x86_64 (version: 0.4-6.el9)
2026-10-05 15:04:21 Found package: google-droid-sans-fonts.noarch (version: 20200215-11.el9.2)
2026-10-05 15:04:21 Found package: google-noto-cjk-fonts-common.noarch (version: 20230817-2.el9)
2026-10-05 15:04:21 Found package: google-noto-emoji-color-fonts.noarch (version: 20211102-1.el9)
2026-10-05 15:04:21 Found package: google-noto-fonts-common.noarch (version: 20201206-5.el9)
2026-10-05 15:04:21 Found package: google-noto-sans-cjk-ttc-fonts.noarch (version: 20230817-2.el9)
2026-10-05 15:04:21 Found package: google-noto-sans-gurmukhi-fonts.noarch (version: 20201206-5.el9)
2026-10-05 15:04:21 Found package: google-noto-sans-sinhala-vf-fonts.noarch (version: 20201206-5.el9)
2026-10-05 15:04:21 Found package: google-noto-serif-cjk-ttc-fonts.noarch (version: 20230817-2.el9)
2026-10-05 15:04:21 Found package: gpgme.x86_64 (version: 1.15.1-6.el9)
2026-10-05 15:04:22 Found package: gpm-libs.x86_64 (version: 1.20.7-29.el9)
2026-10-05 15:04:22 Found package: graphene.x86_64 (version: 1.10.6-2.el9)
2026-10-05 15:04:22 Found package: graphite2.x86_64 (version: 1.3.14-9.el9)
2026-10-05 15:04:22 Found package: grep.x86_64 (version: 3.6-5.el9)
2026-10-05 15:04:22 Found package: grilo.x86_64 (version: 0.3.13-7.el9)
2026-10-05 15:04:22 Found package: grilo-plugins.x86_64 (version: 0.3.13-6.el9)
2026-10-05 15:04:22 Found package: groff-base.x86_64 (version: 1.22.4-10.el9)
2026-10-05 15:04:22 Found package: grub2-common.noarch (version: 1:2.06-126.el9_8)
2026-10-05 15:04:22 Found package: grub2-efi-x64.x86_64 (version: 1:2.06-126.el9_8)
2026-10-05 15:04:22 Found package: grub2-tools.x86_64 (version: 1:2.06-126.el9_8)
2026-10-05 15:04:22 Found package: grub2-tools-minimal.x86_64 (version: 1:2.06-126.el9_8)
2026-10-05 15:04:22 Found package: grubby.x86_64 (version: 8.40-69.el9)
2026-10-05 15:04:22 Found package: gsettings-desktop-schemas.x86_64 (version: 40.0-8.el9_7)
2026-10-05 15:04:22 Found package: gsm.x86_64 (version: 1.0.19-6.el9)
2026-10-05 15:04:22 Found package: gsound.x86_64 (version: 1.0.2-15.el9)
2026-10-05 15:04:22 Found package: gspell.x86_64 (version: 1.9.1-3.el9)
2026-10-05 15:04:22 Found package: gstreamer1.x86_64 (version: 1.22.12-3.el9)
2026-10-05 15:04:22 Found package: gstreamer1-plugins-bad-free.x86_64 (version: 1.22.12-7.el9_8.4)
2026-10-05 15:04:22 Found package: gstreamer1-plugins-bad-free-libs.x86_64 (version: 1.22.12-7.el9_8.4)
2026-10-05 15:04:22 Found package: gstreamer1-plugins-base.x86_64 (version: 1.22.12-8.el9_8.2)
2026-10-05 15:04:22 Found package: gstreamer1-plugins-good.x86_64 (version: 1.22.12-7.el9_8.8)
2026-10-05 15:04:22 Found package: gstreamer1-plugins-good-gtk.x86_64 (version: 1.22.12-7.el9_8.8)
2026-10-05 15:04:22 Found package: gstreamer1-plugins-ugly-free.x86_64 (version: 1.22.12-6.el9_8.2)
2026-10-05 15:04:22 Found package: gtk-update-icon-cache.x86_64 (version: 3.24.31-9.el9_8)
2026-10-05 15:04:22 Found package: gtk3.x86_64 (version: 3.24.31-9.el9_8)
2026-10-05 15:04:22 Found package: gtk4.x86_64 (version: 4.12.3-2.el9)
2026-10-05 15:04:22 Found package: gtkmm30.x86_64 (version: 3.24.5-1.el9)
2026-10-05 15:04:22 Found package: gtksourceview4.x86_64 (version: 4.8.1-5.el9)
2026-10-05 15:04:22 Found package: gutenprint.x86_64 (version: 5.3.4-4.el9)
2026-10-05 15:04:22 Found package: gutenprint-cups.x86_64 (version: 5.3.4-4.el9)
2026-10-05 15:04:22 Found package: gutenprint-doc.x86_64 (version: 5.3.4-4.el9)
2026-10-05 15:04:22 Found package: gutenprint-libs.x86_64 (version: 5.3.4-4.el9)
2026-10-05 15:04:22 Found package: gvfs.x86_64 (version: 1.48.1-8.el9_8.1)
2026-10-05 15:04:22 Found package: gvfs-client.x86_64 (version: 1.48.1-8.el9_8.1)
2026-10-05 15:04:22 Found package: gvfs-fuse.x86_64 (version: 1.48.1-8.el9_8.1)
2026-10-05 15:04:23 Found package: gvfs-goa.x86_64 (version: 1.48.1-8.el9_8.1)
2026-10-05 15:04:23 Found package: gvfs-gphoto2.x86_64 (version: 1.48.1-8.el9_8.1)
2026-10-05 15:04:23 Found package: gvfs-mtp.x86_64 (version: 1.48.1-8.el9_8.1)
2026-10-05 15:04:23 Found package: gvfs-smb.x86_64 (version: 1.48.1-8.el9_8.1)
2026-10-05 15:04:23 Found package: gzip.x86_64 (version: 1.12-2.el9_8)
2026-10-05 15:04:23 Found package: harfbuzz.x86_64 (version: 2.7.4-10.el9)
2026-10-05 15:04:23 Found package: harfbuzz-icu.x86_64 (version: 2.7.4-10.el9)
2026-10-05 15:04:23 Found package: hdparm.x86_64 (version: 9.62-2.el9)
2026-10-05 15:04:23 Found package: hicolor-icon-theme.noarch (version: 0.17-13.el9)
2026-10-05 15:04:23 Found package: highcontrast-icon-theme.noarch (version: 3.28-14.el9)
2026-10-05 15:04:23 Found package: hostname.x86_64 (version: 3.23-6.el9)
2026-10-05 15:04:23 Found package: hplip-common.x86_64 (version: 3.21.2-6.el9_8.5)
2026-10-05 15:04:23 Found package: hplip-libs.x86_64 (version: 3.21.2-6.el9_8.5)
2026-10-05 15:04:23 Found package: hunspell.x86_64 (version: 1.7.0-11.el9)
2026-10-05 15:04:23 Found package: hunspell-en-US.noarch (version: 0.20140811.1-20.el9)
2026-10-05 15:04:23 Found package: hunspell-filesystem.x86_64 (version: 1.7.0-11.el9)
2026-10-05 15:04:23 Found package: hunspell-fr.noarch (version: 6.2-9.el9)
2026-10-05 15:04:23 Found package: hwdata.noarch (version: 0.348-9.22.el9)
2026-10-05 15:04:23 Found package: hyperv-daemons.x86_64 (version: 0-0.44.20190303git.el9)
2026-10-05 15:04:23 Found package: hyperv-daemons-license.noarch (version: 0-0.44.20190303git.el9)
2026-10-05 15:04:23 Found package: hypervfcopyd.x86_64 (version: 0-0.44.20190303git.el9)
2026-10-05 15:04:23 Found package: hypervkvpd.x86_64 (version: 0-0.44.20190303git.el9)
2026-10-05 15:04:23 Found package: hypervvssd.x86_64 (version: 0-0.44.20190303git.el9)
2026-10-05 15:04:23 Found package: hyphen.x86_64 (version: 2.8.8-17.el9)
2026-10-05 15:04:23 Found package: hyphen-fr.noarch (version: 3.0-10.el9)
2026-10-05 15:04:23 Found package: ibus.x86_64 (version: 1.5.25-6.el9)
2026-10-05 15:04:23 Found package: ibus-gtk3.x86_64 (version: 1.5.25-6.el9)
2026-10-05 15:04:23 Found package: ibus-libs.x86_64 (version: 1.5.25-6.el9)
2026-10-05 15:04:23 Found package: ibus-setup.noarch (version: 1.5.25-6.el9)
2026-10-05 15:04:23 Found package: iio-sensor-proxy.x86_64 (version: 3.3-1.el9)
2026-10-05 15:04:23 Found package: ima-evm-utils.x86_64 (version: 1.6.2-2.el9)
2026-10-05 15:04:23 Found package: info.x86_64 (version: 6.7-15.el9)
2026-10-05 15:04:23 Found package: inih.x86_64 (version: 49-6.el9)
2026-10-05 15:04:23 Found package: initscripts-rename-device.x86_64 (version: 10.11.8-4.el9)
2026-10-05 15:04:23 Found package: initscripts-service.noarch (version: 10.11.8-4.el9)
2026-10-05 15:04:23 Found package: insights-client.noarch (version: 3.9.3-1.el9)
2026-10-05 15:04:23 Found package: insights-core.noarch (version: 3.8.1-1.el9_8)
2026-10-05 15:04:24 Found package: insights-core-selinux.noarch (version: 3.8.1-1.el9_8)
2026-10-05 15:04:24 Found package: iproute.x86_64 (version: 6.17.0-2.el9)
2026-10-05 15:04:24 Found package: iproute-tc.x86_64 (version: 6.17.0-2.el9)
2026-10-05 15:04:24 Found package: iprutils.x86_64 (version: 2.4.19-5.el9)
2026-10-05 15:04:24 Found package: ipset.x86_64 (version: 7.11-11.el9_5)
2026-10-05 15:04:24 Found package: ipset-libs.x86_64 (version: 7.11-11.el9_5)
2026-10-05 15:04:24 Found package: iptables-libs.x86_64 (version: 1.8.10-11.el9_5)
2026-10-05 15:04:24 Found package: iptables-nft.x86_64 (version: 1.8.10-11.el9_5)
2026-10-05 15:04:24 Found package: iputils.x86_64 (version: 20210202-15.el9_7)
2026-10-05 15:04:24 Found package: irqbalance.x86_64 (version: 2:1.9.4-5.el9)
2026-10-05 15:04:24 Found package: iscsi-initiator-utils.x86_64 (version: 6.2.1.11-1.git4b3e853.el9_8.2)
2026-10-05 15:04:24 Found package: iscsi-initiator-utils-iscsiuio.x86_64 (version: 6.2.1.11-1.git4b3e853.el9_8.2)
2026-10-05 15:04:24 Found package: isns-utils-libs.x86_64 (version: 0.101-4.el9_8.1)
2026-10-05 15:04:24 Found package: iso-codes.noarch (version: 4.6.0-3.el9)
2026-10-05 15:04:24 Found package: itstool.noarch (version: 2.0.6-7.el9)
2026-10-05 15:04:24 Found package: iw.x86_64 (version: 6.17-1.el9)
2026-10-05 15:04:24 Found package: iwl100-firmware.noarch (version: 39.31.5.1-161.2.el9_8)
2026-10-05 15:04:24 Found package: iwl1000-firmware.noarch (version: 1:39.31.5.1-161.2.el9_8)
2026-10-05 15:04:24 Found package: iwl105-firmware.noarch (version: 18.168.6.1-161.2.el9_8)
2026-10-05 15:04:24 Found package: iwl135-firmware.noarch (version: 18.168.6.1-161.2.el9_8)
2026-10-05 15:04:24 Found package: iwl2000-firmware.noarch (version: 18.168.6.1-161.2.el9_8)
2026-10-05 15:04:24 Found package: iwl2030-firmware.noarch (version: 18.168.6.1-161.2.el9_8)
2026-10-05 15:04:24 Found package: iwl3160-firmware.noarch (version: 1:25.30.13.0-161.2.el9_8)
2026-10-05 15:04:24 Found package: iwl5000-firmware.noarch (version: 8.83.5.1_1-161.2.el9_8)
2026-10-05 15:04:24 Found package: iwl5150-firmware.noarch (version: 8.24.2.2-161.2.el9_8)
2026-10-05 15:04:24 Found package: iwl6000g2a-firmware.noarch (version: 18.168.6.1-161.2.el9_8)
2026-10-05 15:04:24 Found package: iwl6000g2b-firmware.noarch (version: 18.168.6.1-161.2.el9_8)
2026-10-05 15:04:24 Found package: iwl6050-firmware.noarch (version: 41.28.5.1-161.2.el9_8)
2026-10-05 15:04:24 Found package: iwl7260-firmware.noarch (version: 1:25.30.13.0-161.2.el9_8)
2026-10-05 15:04:24 Found package: jansson.x86_64 (version: 2.14-1.el9)
2026-10-05 15:04:24 Found package: jbig2dec-libs.x86_64 (version: 0.19-7.el9)
2026-10-05 15:04:24 Found package: jbigkit-libs.x86_64 (version: 2.1-23.el9)
2026-10-05 15:04:24 Found package: jomolhari-fonts.noarch (version: 0.003-34.el9)
2026-10-05 15:04:24 Found package: jose.x86_64 (version: 14-1.el9)
2026-10-05 15:04:24 Found package: jq.x86_64 (version: 1.6-19.el9_8.2)
2026-10-05 15:04:25 Found package: json-c.x86_64 (version: 0.14-11.el9)
2026-10-05 15:04:25 Found package: json-glib.x86_64 (version: 1.6.6-1.el9)
2026-10-05 15:04:25 Found package: julietaula-montserrat-fonts.noarch (version: 1:7.210-6.el9)
2026-10-05 15:04:25 Found package: kbd.x86_64 (version: 2.4.0-12.el9_8)
2026-10-05 15:04:25 Found package: kbd-legacy.noarch (version: 2.4.0-12.el9_8)
2026-10-05 15:04:25 Found package: kbd-misc.noarch (version: 2.4.0-12.el9_8)
2026-10-05 15:04:25 Found package: kernel.x86_64 (version: 5.14.0-687.54.1.el9_8)
2026-10-05 15:04:25 Found package: kernel-core.x86_64 (version: 5.14.0-687.54.1.el9_8)
2026-10-05 15:04:25 Found package: kernel-modules.x86_64 (version: 5.14.0-687.54.1.el9_8)
2026-10-05 15:04:25 Found package: kernel-modules-core.x86_64 (version: 5.14.0-687.54.1.el9_8)
2026-10-05 15:04:25 Found package: kernel-tools.x86_64 (version: 5.14.0-687.54.1.el9_8)
2026-10-05 15:04:25 Found package: kernel-tools-libs.x86_64 (version: 5.14.0-687.54.1.el9_8)
2026-10-05 15:04:25 Found package: kexec-tools.x86_64 (version: 2.0.29-17.el9)
2026-10-05 15:04:25 Found package: keyutils.x86_64 (version: 1.6.3-1.el9)
2026-10-05 15:04:25 Found package: keyutils-libs.x86_64 (version: 1.6.3-1.el9)
2026-10-05 15:04:25 Found package: khmer-os-system-fonts.noarch (version: 5.0-36.el9)
2026-10-05 15:04:25 Found package: kmod.x86_64 (version: 28-11.el9)
2026-10-05 15:04:25 Found package: kmod-kvdo.x86_64 (version: 8.2.7.4-189.el9_8)
2026-10-05 15:04:25 Found package: kmod-libs.x86_64 (version: 28-11.el9)
2026-10-05 15:04:25 Found package: kpartx.x86_64 (version: 0.8.7-45.el9)
2026-10-05 15:04:25 Found package: kpatch.noarch (version: 0.9.10-10.el9)
2026-10-05 15:04:25 Found package: kpatch-dnf.noarch (version: 0.9.10_0.5-10.el9)
2026-10-05 15:04:25 Found package: krb5-libs.x86_64 (version: 1.21.1-10.el9_8)
2026-10-05 15:04:25 Found package: lame-libs.x86_64 (version: 3.100-12.el9)
2026-10-05 15:04:25 Found package: langpacks-core-font-en.noarch (version: 3.0-16.el9)
2026-10-05 15:04:25 Found package: langpacks-core-font-fr.noarch (version: 3.0-16.el9)
2026-10-05 15:04:25 Found package: langpacks-core-fr.noarch (version: 3.0-16.el9)
2026-10-05 15:04:25 Found package: langpacks-fr.noarch (version: 3.0-16.el9)
2026-10-05 15:04:25 Found package: lcms2.x86_64 (version: 2.12-3.el9)
2026-10-05 15:04:25 Found package: ledmon.x86_64 (version: 1.1.0-3.el9)
2026-10-05 15:04:25 Found package: ledmon-libs.x86_64 (version: 1.1.0-3.el9)
2026-10-05 15:04:25 Found package: less.x86_64 (version: 590-6.el9)
2026-10-05 15:04:25 Found package: libICE.x86_64 (version: 1.0.10-8.el9)
2026-10-05 15:04:25 Found package: libSM.x86_64 (version: 1.2.3-10.el9)
2026-10-05 15:04:25 Found package: libX11.x86_64 (version: 1.8.12-1.el9)
2026-10-05 15:04:25 Found package: libX11-common.noarch (version: 1.8.12-1.el9)
2026-10-05 15:04:26 Found package: libX11-xcb.x86_64 (version: 1.8.12-1.el9)
2026-10-05 15:04:26 Found package: libXau.x86_64 (version: 1.0.9-8.el9)
2026-10-05 15:04:26 Found package: libXcomposite.x86_64 (version: 0.4.5-7.el9)
2026-10-05 15:04:26 Found package: libXcursor.x86_64 (version: 1.2.0-7.el9)
2026-10-05 15:04:26 Found package: libXdamage.x86_64 (version: 1.1.5-7.el9)
2026-10-05 15:04:26 Found package: libXdmcp.x86_64 (version: 1.1.3-8.el9)
2026-10-05 15:04:26 Found package: libXext.x86_64 (version: 1.3.4-8.el9)
2026-10-05 15:04:26 Found package: libXfixes.x86_64 (version: 5.0.3-16.el9)
2026-10-05 15:04:26 Found package: libXfont2.x86_64 (version: 2.0.3-12.el9_8.3)
2026-10-05 15:04:26 Found package: libXft.x86_64 (version: 2.3.3-8.el9)
2026-10-05 15:04:26 Found package: libXi.x86_64 (version: 1.7.10-8.el9)
2026-10-05 15:04:26 Found package: libXinerama.x86_64 (version: 1.1.4-10.el9)
2026-10-05 15:04:26 Found package: libXmu.x86_64 (version: 1.1.3-8.el9)
2026-10-05 15:04:26 Found package: libXpm.x86_64 (version: 3.5.13-10.el9)
2026-10-05 15:04:26 Found package: libXrandr.x86_64 (version: 1.5.2-8.el9)
2026-10-05 15:04:26 Found package: libXrender.x86_64 (version: 0.9.10-16.el9_8.1)
2026-10-05 15:04:26 Found package: libXres.x86_64 (version: 1.2.0-14.el9)
2026-10-05 15:04:26 Found package: libXt.x86_64 (version: 1.2.0-6.el9)
2026-10-05 15:04:26 Found package: libXtst.x86_64 (version: 1.2.3-16.el9)
2026-10-05 15:04:26 Found package: libXv.x86_64 (version: 1.0.11-16.el9)
2026-10-05 15:04:26 Found package: libXxf86dga.x86_64 (version: 1.1.5-8.el9)
2026-10-05 15:04:26 Found package: libXxf86vm.x86_64 (version: 1.1.4-18.el9)
2026-10-05 15:04:26 Found package: liba52.x86_64 (version: 0.7.4-42.el9)
2026-10-05 15:04:26 Found package: libacl.x86_64 (version: 2.4.0-1.el9_8)
2026-10-05 15:04:26 Found package: libadwaita.x86_64 (version: 1.4.2-2.el9)
2026-10-05 15:04:26 Found package: libaio.x86_64 (version: 0.3.111-13.el9)
2026-10-05 15:04:26 Found package: libao.x86_64 (version: 1.2.0-22.el9)
2026-10-05 15:04:26 Found package: libappstream-glib.x86_64 (version: 0.7.18-5.el9_4)
2026-10-05 15:04:26 Found package: libarchive.x86_64 (version: 3.5.3-11.el9_8)
2026-10-05 15:04:26 Found package: libassuan.x86_64 (version: 2.5.5-3.el9)
2026-10-05 15:04:26 Found package: libasyncns.x86_64 (version: 0.8-22.el9)
2026-10-05 15:04:26 Found package: libatasmart.x86_64 (version: 0.19-22.el9)
2026-10-05 15:04:26 Found package: libattr.x86_64 (version: 2.6.0-1.el9_8)
2026-10-05 15:04:26 Found package: libbabeltrace.x86_64 (version: 1.5.8-10.el9)
2026-10-05 15:04:26 Found package: libbasicobjects.x86_64 (version: 0.1.1-53.el9)
2026-10-05 15:04:26 Found package: libblkid.x86_64 (version: 2.37.4-25.el9)
2026-10-05 15:04:27 Found package: libblockdev.x86_64 (version: 2.28-16.el9)
2026-10-05 15:04:27 Found package: libblockdev-crypto.x86_64 (version: 2.28-16.el9)
2026-10-05 15:04:27 Found package: libblockdev-fs.x86_64 (version: 2.28-16.el9)
2026-10-05 15:04:27 Found package: libblockdev-loop.x86_64 (version: 2.28-16.el9)
2026-10-05 15:04:27 Found package: libblockdev-lvm.x86_64 (version: 2.28-16.el9)
2026-10-05 15:04:27 Found package: libblockdev-mdraid.x86_64 (version: 2.28-16.el9)
2026-10-05 15:04:27 Found package: libblockdev-part.x86_64 (version: 2.28-16.el9)
2026-10-05 15:04:27 Found package: libblockdev-swap.x86_64 (version: 2.28-16.el9)
2026-10-05 15:04:27 Found package: libblockdev-utils.x86_64 (version: 2.28-16.el9)
2026-10-05 15:04:27 Found package: libbpf.x86_64 (version: 2:1.5.0-3.el9)
2026-10-05 15:04:27 Found package: libbrotli.x86_64 (version: 1.0.9-9.el9_7)
2026-10-05 15:04:27 Found package: libbytesize.x86_64 (version: 2.5-3.el9)
2026-10-05 15:04:27 Found package: libcanberra.x86_64 (version: 0.30-27.el9)
2026-10-05 15:04:27 Found package: libcanberra-gtk3.x86_64 (version: 0.30-27.el9)
2026-10-05 15:04:27 Found package: libcap.x86_64 (version: 2.48-10.el9_8.1)
2026-10-05 15:04:27 Found package: libcap-ng.x86_64 (version: 0.8.2-7.el9)
2026-10-05 15:04:27 Found package: libcap-ng-python3.x86_64 (version: 0.8.2-7.el9)
2026-10-05 15:04:27 Found package: libcbor.x86_64 (version: 0.7.0-5.el9)
2026-10-05 15:04:27 Found package: libcdio.x86_64 (version: 2.1.0-6.el9)
2026-10-05 15:04:27 Found package: libcdio-paranoia.x86_64 (version: 10.2+2.0.1-6.el9)
2026-10-05 15:04:27 Found package: libcollection.x86_64 (version: 0.7.0-53.el9)
2026-10-05 15:04:27 Found package: libcom_err.x86_64 (version: 1.46.5-8.el9)
2026-10-05 15:04:27 Found package: libcomps.x86_64 (version: 0.1.18-1.el9)
2026-10-05 15:04:27 Found package: libconfig.x86_64 (version: 1.7.2-9.el9)
2026-10-05 15:04:27 Found package: libcurl.x86_64 (version: 7.76.1-40.el9_8.7)
2026-10-05 15:04:27 Found package: libdaemon.x86_64 (version: 0.14-23.el9)
2026-10-05 15:04:27 Found package: libdatrie.x86_64 (version: 0.2.13-4.el9)
2026-10-05 15:04:27 Found package: libdb.x86_64 (version: 5.3.28-57.el9_6)
2026-10-05 15:04:27 Found package: libdecor.x86_64 (version: 0.1.1-1.el9)
2026-10-05 15:04:27 Found package: libdhash.x86_64 (version: 0.5.0-53.el9)
2026-10-05 15:04:27 Found package: libdmx.x86_64 (version: 1.1.4-14.el9)
2026-10-05 15:04:27 Found package: libdnf.x86_64 (version: 0.69.0-18.el9)
2026-10-05 15:04:27 Found package: libdnf-plugin-subscription-manager.x86_64 (version: 1.29.50-1.el9)
2026-10-05 15:04:28 Found package: libdrm.x86_64 (version: 2.4.128-1.el9)
2026-10-05 15:04:28 Found package: libdvdnav.x86_64 (version: 6.1.0-4.el9)
2026-10-05 15:04:28 Found package: libdvdread.x86_64 (version: 6.1.1-4.el9)
2026-10-05 15:04:28 Found package: libeconf.x86_64 (version: 0.4.1-7.el9_8)
2026-10-05 15:04:28 Found package: libedit.x86_64 (version: 3.1-39.20210216cvs.el9)
2026-10-05 15:04:28 Found package: libepoxy.x86_64 (version: 1.5.5-4.el9)
2026-10-05 15:04:28 Found package: liberation-fonts-common.noarch (version: 1:2.1.3-5.el9)
2026-10-05 15:04:28 Found package: liberation-mono-fonts.noarch (version: 1:2.1.3-5.el9)
2026-10-05 15:04:28 Found package: liberation-sans-fonts.noarch (version: 1:2.1.3-5.el9)
2026-10-05 15:04:28 Found package: liberation-serif-fonts.noarch (version: 1:2.1.3-5.el9)
2026-10-05 15:04:28 Found package: libertas-sd8787-firmware.noarch (version: 20260804-161.2.el9_8)
2026-10-05 15:04:28 Found package: libestr.x86_64 (version: 0.1.11-4.el9)
2026-10-05 15:04:28 Found package: libevdev.x86_64 (version: 1.11.0-3.el9)
2026-10-05 15:04:28 Found package: libevent.x86_64 (version: 2.1.13-1.el9_8)
2026-10-05 15:04:28 Found package: libexif.x86_64 (version: 0.6.22-6.el9_8.1)
2026-10-05 15:04:28 Found package: libfastjson.x86_64 (version: 0.99.9-5.el9)
2026-10-05 15:04:28 Found package: libfdisk.x86_64 (version: 2.37.4-25.el9)
2026-10-05 15:04:28 Found package: libffi.x86_64 (version: 3.4.2-8.el9)
2026-10-05 15:04:28 Found package: libfido2.x86_64 (version: 1.13.0-2.el9)
2026-10-05 15:04:28 Found package: libfontenc.x86_64 (version: 1.1.3-17.el9)
2026-10-05 15:04:28 Found package: libfprint.x86_64 (version: 1.94.6-1.el9)
2026-10-05 15:04:28 Found package: libgcc.x86_64 (version: 11.5.0-14.el9)
2026-10-05 15:04:28 Found package: libgcrypt.x86_64 (version: 1.10.0-13.el9_8)
2026-10-05 15:04:28 Found package: libgdata.x86_64 (version: 0.18.1-4.el9)
2026-10-05 15:04:28 Found package: libgee.x86_64 (version: 0.20.4-3.el9)
2026-10-05 15:04:28 Found package: libgexiv2.x86_64 (version: 0.14.3-1.el9)
2026-10-05 15:04:28 Found package: libglvnd.x86_64 (version: 1:1.3.4-1.el9)
2026-10-05 15:04:28 Found package: libglvnd-egl.x86_64 (version: 1:1.3.4-1.el9)
2026-10-05 15:04:28 Found package: libglvnd-gles.x86_64 (version: 1:1.3.4-1.el9)
2026-10-05 15:04:28 Found package: libglvnd-glx.x86_64 (version: 1:1.3.4-1.el9)
2026-10-05 15:04:28 Found package: libgnomekbd.x86_64 (version: 3.26.1-7.el9)
2026-10-05 15:04:28 Found package: libgomp.x86_64 (version: 11.5.0-14.el9)
2026-10-05 15:04:28 Found package: libgpg-error.x86_64 (version: 1.42-5.el9)
2026-10-05 15:04:28 Found package: libgphoto2.x86_64 (version: 2.5.27-3.el9)
2026-10-05 15:04:28 Found package: libgs.x86_64 (version: 9.54.0-19.el9_8.1)
2026-10-05 15:04:28 Found package: libgsf.x86_64 (version: 1.14.47-5.el9)
2026-10-05 15:04:29 Found package: libgtop2.x86_64 (version: 2.40.0-9.el9)
2026-10-05 15:04:29 Found package: libgudev.x86_64 (version: 237-1.el9)
2026-10-05 15:04:29 Found package: libgusb.x86_64 (version: 0.3.8-2.el9)
2026-10-05 15:04:29 Found package: libgweather.x86_64 (version: 40.0-3.el9)
2026-10-05 15:04:29 Found package: libgxps.x86_64 (version: 0.3.2-3.el9)
2026-10-05 15:04:29 Found package: libhandy.x86_64 (version: 1.2.3-2.el9)
2026-10-05 15:04:29 Found package: libibverbs.x86_64 (version: 61.0-2.el9)
2026-10-05 15:04:29 Found package: libical.x86_64 (version: 3.0.14-1.el9)
2026-10-05 15:04:29 Found package: libical-glib.x86_64 (version: 3.0.14-1.el9)
2026-10-05 15:04:29 Found package: libicu.x86_64 (version: 67.1-10.el9_6)
2026-10-05 15:04:29 Found package: libidn2.x86_64 (version: 2.3.0-7.el9)
2026-10-05 15:04:29 Found package: libieee1284.x86_64 (version: 0.2.11-37.el9)
2026-10-05 15:04:29 Found package: libijs.x86_64 (version: 0.35-15.el9)
2026-10-05 15:04:29 Found package: libini_config.x86_64 (version: 1.3.1-53.el9)
2026-10-05 15:04:29 Found package: libinput.x86_64 (version: 1.19.3-8.el9_7)
2026-10-05 15:04:29 Found package: libipa_hbac.x86_64 (version: 2.9.8-4.el9_8.1)
2026-10-05 15:04:29 Found package: libiptcdata.x86_64 (version: 1.0.5-10.el9)
2026-10-05 15:04:29 Found package: libjcat.x86_64 (version: 0.1.6-3.el9)
2026-10-05 15:04:29 Found package: libjose.x86_64 (version: 14-1.el9)
2026-10-05 15:04:29 Found package: libjpeg-turbo.x86_64 (version: 2.0.90-7.el9)
2026-10-05 15:04:29 Found package: libkcapi.x86_64 (version: 1.4.0-3.el9_8)
2026-10-05 15:04:29 Found package: libkcapi-hmaccalc.x86_64 (version: 1.4.0-3.el9_8)
2026-10-05 15:04:29 Found package: libksba.x86_64 (version: 1.5.1-7.el9)
2026-10-05 15:04:29 Found package: libldac.x86_64 (version: 2.0.2.3-10.el9)
2026-10-05 15:04:29 Found package: libldb.x86_64 (version: 4.23.5-11.el9_8)
2026-10-05 15:04:29 Found package: liblouis.x86_64 (version: 3.16.1-5.el9)
2026-10-05 15:04:29 Found package: libluksmeta.x86_64 (version: 10-1.el9)
2026-10-05 15:04:29 Found package: libmaxminddb.x86_64 (version: 1.5.2-4.el9)
2026-10-05 15:04:29 Found package: libmbim.x86_64 (version: 1.32.0-1.el9)
2026-10-05 15:04:29 Found package: libmbim-utils.x86_64 (version: 1.32.0-1.el9)
2026-10-05 15:04:29 Found package: libmediaart.x86_64 (version: 1.9.5-2.el9)
2026-10-05 15:04:29 Found package: libmnl.x86_64 (version: 1.0.4-16.el9_4)
2026-10-05 15:04:29 Found package: libmodulemd.x86_64 (version: 2.13.0-2.el9)
2026-10-05 15:04:29 Found package: libmount.x86_64 (version: 2.37.4-25.el9)
2026-10-05 15:04:29 Found package: libmpc.x86_64 (version: 1.2.1-4.el9)
2026-10-05 15:04:29 Found package: libmpeg2.x86_64 (version: 0.5.1-24.el9)
2026-10-05 15:04:30 Found package: libmspack.x86_64 (version: 0.10.1-0.7.alpha.el9)
2026-10-05 15:04:30 Found package: libmtp.x86_64 (version: 1.1.18-7.el9)
2026-10-05 15:04:30 Found package: libndp.x86_64 (version: 1.9-1.el9)
2026-10-05 15:04:30 Found package: libnet.x86_64 (version: 1.2-7.el9)
2026-10-05 15:04:30 Found package: libnetfilter_conntrack.x86_64 (version: 1.0.9-1.el9)
2026-10-05 15:04:30 Found package: libnfnetlink.x86_64 (version: 1.0.1-23.el9_5)
2026-10-05 15:04:30 Found package: libnftnl.x86_64 (version: 1.2.6-4.el9_4)
2026-10-05 15:04:30 Found package: libnghttp2.x86_64 (version: 1.43.0-6.el9_8.2)
2026-10-05 15:04:30 Found package: libnl3.x86_64 (version: 3.11.0-1.el9)
2026-10-05 15:04:30 Found package: libnl3-cli.x86_64 (version: 3.11.0-1.el9)
2026-10-05 15:04:30 Found package: libnma.x86_64 (version: 1.8.40-1.el9)
2026-10-05 15:04:30 Found package: libnotify.x86_64 (version: 0.7.9-8.el9)
2026-10-05 15:04:30 Found package: libnvme.x86_64 (version: 1.16.1-3.el9_8)
2026-10-05 15:04:30 Found package: libogg.x86_64 (version: 2:1.3.4-6.el9)
2026-10-05 15:04:30 Found package: libosinfo.x86_64 (version: 1.10.0-1.el9)
2026-10-05 15:04:30 Found package: libpaper.x86_64 (version: 1.1.28-4.el9)
2026-10-05 15:04:30 Found package: libpath_utils.x86_64 (version: 0.2.1-53.el9)
2026-10-05 15:04:30 Found package: libpcap.x86_64 (version: 14:1.10.0-4.el9_8.1)
2026-10-05 15:04:30 Found package: libpciaccess.x86_64 (version: 0.16-7.el9)
2026-10-05 15:04:30 Found package: libpeas.x86_64 (version: 1.30.0-4.el9)
2026-10-05 15:04:30 Found package: libpeas-gtk.x86_64 (version: 1.30.0-4.el9)
2026-10-05 15:04:30 Found package: libpeas-loader-python3.x86_64 (version: 1.30.0-4.el9)
2026-10-05 15:04:30 Found package: libpipeline.x86_64 (version: 1.5.3-4.el9)
2026-10-05 15:04:30 Found package: libpkgconf.x86_64 (version: 1.7.3-10.el9)
2026-10-05 15:04:30 Found package: libpng.x86_64 (version: 2:1.6.37-15.el9_8.2)
2026-10-05 15:04:30 Found package: libproxy.x86_64 (version: 0.4.15-35.el9)
2026-10-05 15:04:30 Found package: libproxy-webkitgtk4.x86_64 (version: 0.4.15-35.el9)
2026-10-05 15:04:30 Found package: libpsl.x86_64 (version: 0.21.1-5.el9)
2026-10-05 15:04:30 Found package: libpwquality.x86_64 (version: 1.4.4-8.el9)
2026-10-05 15:04:30 Found package: libqmi.x86_64 (version: 1.32.2-1.el9)
2026-10-05 15:04:30 Found package: libqmi-utils.x86_64 (version: 1.32.2-1.el9)
2026-10-05 15:04:30 Found package: libqrtr-glib.x86_64 (version: 1.2.2-1.el9)
2026-10-05 15:04:30 Found package: libref_array.x86_64 (version: 0.1.5-53.el9)
2026-10-05 15:04:31 Found package: librelp.x86_64 (version: 1.10.0-5.el9)
2026-10-05 15:04:31 Found package: librepo.x86_64 (version: 1.19.0-1.el9)
2026-10-05 15:04:31 Found package: libreport-filesystem.noarch (version: 2.15.2-6.el9)
2026-10-05 15:04:31 Found package: librhsm.x86_64 (version: 0.0.3-9.el9)
2026-10-05 15:04:31 Found package: librsvg2.x86_64 (version: 2.50.7-3.el9)
2026-10-05 15:04:31 Found package: librsvg2-tools.x86_64 (version: 2.50.7-3.el9)
2026-10-05 15:04:31 Found package: libsamplerate.x86_64 (version: 0.1.9-10.el9)
2026-10-05 15:04:31 Found package: libsane-airscan.x86_64 (version: 0.99.24-3.el9)
2026-10-05 15:04:31 Found package: libsane-hpaio.x86_64 (version: 3.21.2-6.el9_8.5)
2026-10-05 15:04:31 Found package: libsbc.x86_64 (version: 1.4-10.el9)
2026-10-05 15:04:31 Found package: libseccomp.x86_64 (version: 2.5.2-2.el9)
2026-10-05 15:04:31 Found package: libsecret.x86_64 (version: 0.20.4-4.el9)
2026-10-05 15:04:31 Found package: libselinux.x86_64 (version: 3.6-3.el9)
2026-10-05 15:04:31 Found package: libselinux-utils.x86_64 (version: 3.6-3.el9)
2026-10-05 15:04:31 Found package: libsemanage.x86_64 (version: 3.6-5.el9_6)
2026-10-05 15:04:31 Found package: libsepol.x86_64 (version: 3.6-3.el9)
2026-10-05 15:04:31 Found package: libshout.x86_64 (version: 2.4.3-7.el9)
2026-10-05 15:04:31 Found package: libsigc++20.x86_64 (version: 2.10.7-2.el9)
2026-10-05 15:04:31 Found package: libsigsegv.x86_64 (version: 2.13-4.el9)
2026-10-05 15:04:31 Found package: libslirp.x86_64 (version: 4.4.0-8.el9)
2026-10-05 15:04:31 Found package: libsmartcols.x86_64 (version: 2.37.4-25.el9)
2026-10-05 15:04:31 Found package: libsmbclient.x86_64 (version: 4.23.5-11.el9_8)
2026-10-05 15:04:31 Found package: libsndfile.x86_64 (version: 1.0.31-9.el9_8.1)
2026-10-05 15:04:31 Found package: libsolv.x86_64 (version: 0.7.24-6.el9_8)
2026-10-05 15:04:31 Found package: libsoup.x86_64 (version: 2.72.0-16.el9_8.3)
2026-10-05 15:04:31 Found package: libspectre.x86_64 (version: 0.2.9-6.el9)
2026-10-05 15:04:31 Found package: libsrtp.x86_64 (version: 2.3.0-8.el9)
2026-10-05 15:04:31 Found package: libss.x86_64 (version: 1.46.5-8.el9)
2026-10-05 15:04:31 Found package: libssh.x86_64 (version: 0.10.4-19.el9_8)
2026-10-05 15:04:31 Found package: libssh-config.noarch (version: 0.10.4-19.el9_8)
2026-10-05 15:04:31 Found package: libsss_certmap.x86_64 (version: 2.9.8-4.el9_8.1)
2026-10-05 15:04:32 Found package: libsss_idmap.x86_64 (version: 2.9.8-4.el9_8.1)
2026-10-05 15:04:32 Found package: libsss_nss_idmap.x86_64 (version: 2.9.8-4.el9_8.1)
2026-10-05 15:04:32 Found package: libsss_sudo.x86_64 (version: 2.9.8-4.el9_8.1)
2026-10-05 15:04:32 Found package: libstdc++.x86_64 (version: 11.5.0-14.el9)
2026-10-05 15:04:32 Found package: libstemmer.x86_64 (version: 0-18.585svn.el9)
2026-10-05 15:04:32 Found package: libstoragemgmt.x86_64 (version: 1.10.1-1.el9)
2026-10-05 15:04:32 Found package: libsysfs.x86_64 (version: 2.1.1-11.el9)
2026-10-05 15:04:32 Found package: libtalloc.x86_64 (version: 2.4.3-1.el9)
2026-10-05 15:04:32 Found package: libtasn1.x86_64 (version: 4.16.0-10.el9_8)
2026-10-05 15:04:32 Found package: libtdb.x86_64 (version: 1.4.14-1.el9)
2026-10-05 15:04:32 Found package: libteam.x86_64 (version: 1.31-16.el9_1)
2026-10-05 15:04:32 Found package: libtevent.x86_64 (version: 0.17.1-1.el9)
2026-10-05 15:04:32 Found package: libthai.x86_64 (version: 0.1.28-8.el9)
2026-10-05 15:04:32 Found package: libtheora.x86_64 (version: 1:1.1.1-31.el9)
2026-10-05 15:04:32 Found package: libtiff.x86_64 (version: 4.4.0-18.el9_8.1)
2026-10-05 15:04:32 Found package: libtirpc.x86_64 (version: 1.3.3-9.el9)
2026-10-05 15:04:32 Found package: libtool-ltdl.x86_64 (version: 2.4.6-46.el9)
2026-10-05 15:04:32 Found package: libtraceevent.x86_64 (version: 1.8.4-2.el9)
2026-10-05 15:04:32 Found package: libtracker-sparql.x86_64 (version: 3.1.2-3.el9_1)
2026-10-05 15:04:32 Found package: libudisks2.x86_64 (version: 2.9.4-12.el9_7)
2026-10-05 15:04:32 Found package: libunistring.x86_64 (version: 0.9.10-15.el9)
2026-10-05 15:04:32 Found package: liburing.x86_64 (version: 2.12-1.el9)
2026-10-05 15:04:32 Found package: libusbx.x86_64 (version: 1.0.30-1.el9_8)
2026-10-05 15:04:32 Found package: libuser.x86_64 (version: 0.63-17.el9)
2026-10-05 15:04:32 Found package: libutempter.x86_64 (version: 1.2.1-6.el9)
2026-10-05 15:04:32 Found package: libuuid.x86_64 (version: 2.37.4-25.el9)
2026-10-05 15:04:32 Found package: libuv.x86_64 (version: 1:1.42.0-2.el9_4)
2026-10-05 15:04:32 Found package: libv4l.x86_64 (version: 1.20.0-6.el9)
2026-10-05 15:04:32 Found package: libva.x86_64 (version: 2.22.0-1.el9)
2026-10-05 15:04:32 Found package: libverto.x86_64 (version: 0.3.2-3.el9)
2026-10-05 15:04:32 Found package: libvorbis.x86_64 (version: 1:1.3.7-5.el9)
2026-10-05 15:04:32 Found package: libvpx.x86_64 (version: 1.9.0-10.el9_8)
2026-10-05 15:04:33 Found package: libwacom.x86_64 (version: 1.12.1-6.el9_7)
2026-10-05 15:04:33 Found package: libwacom-data.noarch (version: 1.12.1-6.el9_7)
2026-10-05 15:04:33 Found package: libwayland-client.x86_64 (version: 1.21.0-1.el9)
2026-10-05 15:04:33 Found package: libwayland-cursor.x86_64 (version: 1.21.0-1.el9)
2026-10-05 15:04:33 Found package: libwayland-egl.x86_64 (version: 1.21.0-1.el9)
2026-10-05 15:04:33 Found package: libwayland-server.x86_64 (version: 1.21.0-1.el9)
2026-10-05 15:04:33 Found package: libwbclient.x86_64 (version: 4.23.5-11.el9_8)
2026-10-05 15:04:33 Found package: libwebp.x86_64 (version: 1.2.0-8.el9_3)
2026-10-05 15:04:33 Found package: libwnck3.x86_64 (version: 40.0-2.el9)
2026-10-05 15:04:33 Found package: libxcb.x86_64 (version: 1.13.1-9.el9)
2026-10-05 15:04:33 Found package: libxcrypt.x86_64 (version: 4.4.18-3.el9)
2026-10-05 15:04:33 Found package: libxcrypt-compat.x86_64 (version: 4.4.18-3.el9)
2026-10-05 15:04:33 Found package: libxcvt.x86_64 (version: 0.1.2-2.el9)
2026-10-05 15:04:33 Found package: libxkbcommon.x86_64 (version: 1.0.3-4.el9)
2026-10-05 15:04:33 Found package: libxkbcommon-x11.x86_64 (version: 1.0.3-4.el9)
2026-10-05 15:04:33 Found package: libxkbfile.x86_64 (version: 1.1.0-8.el9)
2026-10-05 15:04:33 Found package: libxklavier.x86_64 (version: 5.4-20.el9)
2026-10-05 15:04:33 Found package: libxml2.x86_64 (version: 2.9.13-14.el9_8.5)
2026-10-05 15:04:33 Found package: libxmlb.x86_64 (version: 0.3.24-1.el9)
2026-10-05 15:04:33 Found package: libxshmfence.x86_64 (version: 1.3-10.el9)
2026-10-05 15:04:33 Found package: libxslt.x86_64 (version: 1.1.34-14.el9_8.1)
2026-10-05 15:04:33 Found package: libyaml.x86_64 (version: 0.2.5-7.el9)
2026-10-05 15:04:33 Found package: libzstd.x86_64 (version: 1.5.5-1.el9)
2026-10-05 15:04:33 Found package: linux-firmware.noarch (version: 20260804-161.2.el9_8)
2026-10-05 15:04:33 Found package: linux-firmware-whence.noarch (version: 20260804-161.2.el9_8)
2026-10-05 15:04:33 Found package: llvm-filesystem.x86_64 (version: 21.1.8-2.el9)
2026-10-05 15:04:33 Found package: llvm-libs.x86_64 (version: 21.1.8-2.el9)
2026-10-05 15:04:33 Found package: lmdb-libs.x86_64 (version: 0.9.29-3.el9)
2026-10-05 15:04:33 Found package: lockdev.x86_64 (version: 1.0.4-0.38.20111007git.el9_6)
2026-10-05 15:04:33 Found package: logrotate.x86_64 (version: 3.18.0-12.el9)
2026-10-05 15:04:33 Found package: lohit-assamese-fonts.noarch (version: 2.91.5-13.el9)
2026-10-05 15:04:33 Found package: lohit-bengali-fonts.noarch (version: 2.91.5-13.el9)
2026-10-05 15:04:33 Found package: lohit-devanagari-fonts.noarch (version: 2.95.4-14.el9)
2026-10-05 15:04:33 Found package: lohit-gujarati-fonts.noarch (version: 2.92.4-13.el9)
2026-10-05 15:04:33 Found package: lohit-kannada-fonts.noarch (version: 2.5.4-12.el9)
2026-10-05 15:04:34 Found package: lohit-odia-fonts.noarch (version: 2.91.2-13.el9)
2026-10-05 15:04:34 Found package: lohit-tamil-fonts.noarch (version: 2.91.3-13.el9)
2026-10-05 15:04:34 Found package: lohit-telugu-fonts.noarch (version: 2.5.5-12.el9)
2026-10-05 15:04:34 Found package: low-memory-monitor.x86_64 (version: 2.1-4.el9)
2026-10-05 15:04:34 Found package: lshw.x86_64 (version: B.02.20-4.el9)
2026-10-05 15:04:34 Found package: lsof.x86_64 (version: 4.94.0-3.el9)
2026-10-05 15:04:34 Found package: lsscsi.x86_64 (version: 0.32-6.el9)
2026-10-05 15:04:34 Found package: lua-libs.x86_64 (version: 5.4.4-4.el9)
2026-10-05 15:04:34 Found package: luksmeta.x86_64 (version: 10-1.el9)
2026-10-05 15:04:34 Found package: lvm2.x86_64 (version: 9:2.03.33-4.el9_8.1)
2026-10-05 15:04:34 Found package: lvm2-libs.x86_64 (version: 9:2.03.33-4.el9_8.1)
2026-10-05 15:04:34 Found package: lynis.noarch (version: 3.1.7-1.el9)
2026-10-05 15:04:34 Found package: lz4-libs.x86_64 (version: 1.9.3-5.el9)
2026-10-05 15:04:34 Found package: lzo.x86_64 (version: 2.10-7.el9)
2026-10-05 15:04:34 Found package: mailcap.noarch (version: 2.1.49-5.el9)
2026-10-05 15:04:34 Found package: mallard-rng.noarch (version: 1.1.0-7.el9)
2026-10-05 15:04:34 Found package: man-db.x86_64 (version: 2.9.3-9.el9)
2026-10-05 15:04:34 Found package: man-pages.noarch (version: 6.04-10.el9_8)
2026-10-05 15:04:34 Found package: man-pages-overrides.noarch (version: 9.0.0.0-1.el9)
2026-10-05 15:04:34 Found package: mcelog.x86_64 (version: 3:201-1.el9)
2026-10-05 15:04:34 Found package: mdadm.x86_64 (version: 4.4-4.el9_8.1)
2026-10-05 15:04:34 Found package: mesa-compat-libxatracker.x86_64 (version: 25.0.7-2.el9)
2026-10-05 15:04:34 Found package: mesa-dri-drivers.x86_64 (version: 25.2.7-5.el9_8)
2026-10-05 15:04:34 Found package: mesa-filesystem.x86_64 (version: 25.2.7-5.el9_8)
2026-10-05 15:04:34 Found package: mesa-libEGL.x86_64 (version: 25.2.7-5.el9_8)
2026-10-05 15:04:34 Found package: mesa-libGL.x86_64 (version: 25.2.7-5.el9_8)
2026-10-05 15:04:34 Found package: mesa-libgbm.x86_64 (version: 25.2.7-5.el9_8)
2026-10-05 15:04:34 Found package: mesa-vulkan-drivers.x86_64 (version: 25.2.7-5.el9_8)
2026-10-05 15:04:34 Found package: microcode_ctl.noarch (version: 4:20260210-1.20260812.1.el9_8)
2026-10-05 15:04:34 Found package: mlocate.x86_64 (version: 0.26-30.el9)
2026-10-05 15:04:34 Found package: mobile-broadband-provider-info.noarch (version: 20210805-2.el9)
2026-10-05 15:04:34 Found package: mokutil.x86_64 (version: 2:0.7.2-4.el9)
2026-10-05 15:04:34 Found package: mozilla-filesystem.x86_64 (version: 1.9-30.el9)
2026-10-05 15:04:35 Found package: mpfr.x86_64 (version: 4.1.0-10.el9)
2026-10-05 15:04:35 Found package: mpg123-libs.x86_64 (version: 1.32.9-1.el9_5)
2026-10-05 15:04:35 Found package: mtdev.x86_64 (version: 1.1.5-22.el9)
2026-10-05 15:04:35 Found package: mtr.x86_64 (version: 2:0.94-6.el9_4)
2026-10-05 15:04:35 Found package: mutter.x86_64 (version: 40.9-34.el9_8)
2026-10-05 15:04:35 Found package: nano.x86_64 (version: 5.6.1-7.el9)
2026-10-05 15:04:35 Found package: nautilus.x86_64 (version: 40.2-15.el9)
2026-10-05 15:04:35 Found package: nautilus-extensions.x86_64 (version: 40.2-15.el9)
2026-10-05 15:04:35 Found package: ncurses.x86_64 (version: 6.2-12.20210508.el9)
2026-10-05 15:04:35 Found package: ncurses-base.noarch (version: 6.2-12.20210508.el9)
2026-10-05 15:04:35 Found package: ncurses-libs.x86_64 (version: 6.2-12.20210508.el9)
2026-10-05 15:04:35 Found package: net-snmp-libs.x86_64 (version: 1:5.9.1-21.el9)
2026-10-05 15:04:35 Found package: net-tools.x86_64 (version: 2.0-0.64.20160912git.el9)
2026-10-05 15:04:35 Found package: netavark.x86_64 (version: 2:1.17.2-1.el9)
2026-10-05 15:04:35 Found package: netronome-firmware.noarch (version: 20260804-161.2.el9_8)
2026-10-05 15:04:35 Found package: nettle.x86_64 (version: 3.10.1-1.el9)
2026-10-05 15:04:35 Found package: newt.x86_64 (version: 0.52.21-11.el9)
2026-10-05 15:04:35 Found package: nftables.x86_64 (version: 1:1.0.9-9.el9_8)
2026-10-05 15:04:35 Found package: nm-connection-editor.x86_64 (version: 1.26.0-2.el9)
2026-10-05 15:04:35 Found package: nmap-ncat.x86_64 (version: 3:7.92-5.el9)
2026-10-05 15:04:35 Found package: npth.x86_64 (version: 1.6-8.el9)
2026-10-05 15:04:35 Found package: nspr.x86_64 (version: 4.39.0-5.el9_6)
2026-10-05 15:04:35 Found package: nss.x86_64 (version: 3.124.0-5.el9_6)
2026-10-05 15:04:35 Found package: nss-softokn.x86_64 (version: 3.124.0-5.el9_6)
2026-10-05 15:04:35 Found package: nss-softokn-freebl.x86_64 (version: 3.124.0-5.el9_6)
2026-10-05 15:04:35 Found package: nss-sysinit.x86_64 (version: 3.124.0-5.el9_6)
2026-10-05 15:04:35 Found package: nss-util.x86_64 (version: 3.124.0-5.el9_6)
2026-10-05 15:04:35 Found package: numactl-libs.x86_64 (version: 2.0.19-3.el9)
2026-10-05 15:04:35 Found package: nvme-cli.x86_64 (version: 2.16-1.el9)
2026-10-05 15:04:35 Found package: oniguruma.x86_64 (version: 6.9.6-1.el9.6)
2026-10-05 15:04:35 Found package: open-vm-tools.x86_64 (version: 13.0.10-1.el9)
2026-10-05 15:04:35 Found package: open-vm-tools-desktop.x86_64 (version: 13.0.10-1.el9)
2026-10-05 15:04:36 Found package: openjpeg2.x86_64 (version: 2.4.0-8.el9)
2026-10-05 15:04:36 Found package: openldap.x86_64 (version: 2.6.8-4.el9)
2026-10-05 15:04:36 Found package: openscap.x86_64 (version: 1:1.3.14-1.el9_8)
2026-10-05 15:04:36 Found package: openscap-scanner.x86_64 (version: 1:1.3.14-1.el9_8)
2026-10-05 15:04:36 Found package: openssh.x86_64 (version: 9.9p1-12.el9_8)
2026-10-05 15:04:36 Found package: openssh-clients.x86_64 (version: 9.9p1-12.el9_8)
2026-10-05 15:04:36 Found package: openssh-server.x86_64 (version: 9.9p1-12.el9_8)
2026-10-05 15:04:36 Found package: openssl.x86_64 (version: 1:3.5.8-1.el9_8)
2026-10-05 15:04:36 Found package: openssl-fips-provider.x86_64 (version: 3.0.7-11.el9_8)
2026-10-05 15:04:36 Found package: openssl-fips-provider-so.x86_64 (version: 3.0.7-11.el9_8)
2026-10-05 15:04:36 Found package: openssl-libs.x86_64 (version: 1:3.5.8-1.el9_8)
2026-10-05 15:04:36 Found package: opus.x86_64 (version: 1.3.1-10.el9)
2026-10-05 15:04:36 Found package: orc.x86_64 (version: 0.4.31-8.el9)
2026-10-05 15:04:36 Found package: orca.noarch (version: 40.3-1.el9)
2026-10-05 15:04:36 Found package: os-prober.x86_64 (version: 1.77-12.el9_5)
2026-10-05 15:04:36 Found package: osinfo-db.noarch (version: 20250606-2.el9_8)
2026-10-05 15:04:36 Found package: osinfo-db-tools.x86_64 (version: 1.10.0-1.el9)
2026-10-05 15:04:36 Found package: ostree.x86_64 (version: 2025.7-1.el9)
2026-10-05 15:04:36 Found package: ostree-libs.x86_64 (version: 2025.7-1.el9)
2026-10-05 15:04:36 Found package: p11-kit.x86_64 (version: 0.26.4-1.el9_8)
2026-10-05 15:04:36 Found package: p11-kit-server.x86_64 (version: 0.26.4-1.el9_8)
2026-10-05 15:04:36 Found package: p11-kit-trust.x86_64 (version: 0.26.4-1.el9_8)
2026-10-05 15:04:36 Found package: paktype-naskh-basic-fonts.noarch (version: 5.0-6.el9)
2026-10-05 15:04:36 Found package: pam.x86_64 (version: 1.5.1-28.el9_8.1)
2026-10-05 15:04:36 Found package: pango.x86_64 (version: 1.48.7-3.el9)
2026-10-05 15:04:36 Found package: pangomm.x86_64 (version: 2.46.1-1.el9)
2026-10-05 15:04:36 Found package: paps.x86_64 (version: 0.7.1-4.el9)
2026-10-05 15:04:36 Found package: parted.x86_64 (version: 3.5-3.el9)
2026-10-05 15:04:36 Found package: passt.x86_64 (version: 0^20251210.gd04c480-6.el9_8)
2026-10-05 15:04:36 Found package: passt-selinux.noarch (version: 0^20251210.gd04c480-6.el9_8)
2026-10-05 15:04:36 Found package: passwd.x86_64 (version: 0.80-12.el9)
2026-10-05 15:04:37 Found package: pcaudiolib.x86_64 (version: 1.1-9.el9)
2026-10-05 15:04:37 Found package: pciutils.x86_64 (version: 3.7.0-7.el9)
2026-10-05 15:04:37 Found package: pciutils-libs.x86_64 (version: 3.7.0-7.el9)
2026-10-05 15:04:37 Found package: pcre.x86_64 (version: 8.44-4.el9)
2026-10-05 15:04:37 Found package: pcre2.x86_64 (version: 10.40-6.el9)
2026-10-05 15:04:37 Found package: pcre2-syntax.noarch (version: 10.40-6.el9)
2026-10-05 15:04:37 Found package: pcre2-utf32.x86_64 (version: 10.40-6.el9)
2026-10-05 15:04:37 Found package: perl-AutoLoader.noarch (version: 5.74-484.el9_8)
2026-10-05 15:04:37 Found package: perl-B.x86_64 (version: 1.80-484.el9_8)
2026-10-05 15:04:37 Found package: perl-Carp.noarch (version: 1.50-460.el9)
2026-10-05 15:04:37 Found package: perl-Class-Struct.noarch (version: 0.66-484.el9_8)
2026-10-05 15:04:37 Found package: perl-DBD-SQLite.x86_64 (version: 1.66-5.el9)
2026-10-05 15:04:37 Found package: perl-DBI.x86_64 (version: 1.643-9.el9_8.6)
2026-10-05 15:04:37 Found package: perl-Data-Dumper.x86_64 (version: 2.174-462.el9)
2026-10-05 15:04:37 Found package: perl-Digest.noarch (version: 1.19-4.el9)
2026-10-05 15:04:37 Found package: perl-Digest-MD5.x86_64 (version: 2.58-4.el9)
2026-10-05 15:04:37 Found package: perl-DynaLoader.x86_64 (version: 1.47-484.el9_8)
2026-10-05 15:04:37 Found package: perl-Encode.x86_64 (version: 4:3.08-462.el9)
2026-10-05 15:04:37 Found package: perl-Errno.x86_64 (version: 1.30-484.el9_8)
2026-10-05 15:04:37 Found package: perl-Exporter.noarch (version: 5.74-461.el9)
2026-10-05 15:04:37 Found package: perl-Fcntl.x86_64 (version: 1.13-484.el9_8)
2026-10-05 15:04:37 Found package: perl-File-Basename.noarch (version: 2.85-484.el9_8)
2026-10-05 15:04:37 Found package: perl-File-Find.noarch (version: 1.37-484.el9_8)
2026-10-05 15:04:37 Found package: perl-File-Path.noarch (version: 2.18-4.el9)
2026-10-05 15:04:37 Found package: perl-File-Temp.noarch (version: 1:0.231.100-4.el9)
2026-10-05 15:04:37 Found package: perl-File-stat.noarch (version: 1.09-484.el9_8)
2026-10-05 15:04:37 Found package: perl-FileHandle.noarch (version: 2.03-484.el9_8)
2026-10-05 15:04:37 Found package: perl-Getopt-Long.noarch (version: 1:2.52-4.el9)
2026-10-05 15:04:37 Found package: perl-Getopt-Std.noarch (version: 1.12-484.el9_8)
2026-10-05 15:04:37 Found package: perl-HTTP-Tiny.noarch (version: 0.076-462.el9)
2026-10-05 15:04:37 Found package: perl-IO.x86_64 (version: 1.43-484.el9_8)
2026-10-05 15:04:37 Found package: perl-IO-Socket-IP.noarch (version: 0.41-5.el9)
2026-10-05 15:04:38 Found package: perl-IO-Socket-SSL.noarch (version: 2.073-2.el9)
2026-10-05 15:04:38 Found package: perl-IPC-Open3.noarch (version: 1.21-484.el9_8)
2026-10-05 15:04:38 Found package: perl-MIME-Base64.x86_64 (version: 3.16-4.el9)
2026-10-05 15:04:38 Found package: perl-Math-BigInt.noarch (version: 1:1.9998.18-460.el9)
2026-10-05 15:04:38 Found package: perl-Math-Complex.noarch (version: 1.59-484.el9_8)
2026-10-05 15:04:38 Found package: perl-Module-Load.noarch (version: 1:0.36-4.el9)
2026-10-05 15:04:38 Found package: perl-Mozilla-CA.noarch (version: 20200520-6.el9)
2026-10-05 15:04:38 Found package: perl-NDBM_File.x86_64 (version: 1.15-484.el9_8)
2026-10-05 15:04:38 Found package: perl-Net-SSLeay.x86_64 (version: 1.94-3.el9)
2026-10-05 15:04:38 Found package: perl-POSIX.x86_64 (version: 1.94-484.el9_8)
2026-10-05 15:04:38 Found package: perl-PathTools.x86_64 (version: 3.78-461.el9)
2026-10-05 15:04:38 Found package: perl-Pod-Escapes.noarch (version: 1:1.07-460.el9)
2026-10-05 15:04:38 Found package: perl-Pod-Perldoc.noarch (version: 3.28.01-461.el9)
2026-10-05 15:04:38 Found package: perl-Pod-Simple.noarch (version: 1:3.42-4.el9)
2026-10-05 15:04:38 Found package: perl-Pod-Usage.noarch (version: 4:2.01-4.el9)
2026-10-05 15:04:38 Found package: perl-Scalar-List-Utils.x86_64 (version: 4:1.56-462.el9)
2026-10-05 15:04:38 Found package: perl-SelectSaver.noarch (version: 1.02-484.el9_8)
2026-10-05 15:04:38 Found package: perl-Socket.x86_64 (version: 4:2.031-4.el9)
2026-10-05 15:04:38 Found package: perl-Storable.x86_64 (version: 1:3.21-460.el9)
2026-10-05 15:04:38 Found package: perl-Symbol.noarch (version: 1.08-484.el9_8)
2026-10-05 15:04:38 Found package: perl-Term-ANSIColor.noarch (version: 5.01-461.el9)
2026-10-05 15:04:38 Found package: perl-Term-Cap.noarch (version: 1.17-460.el9)
2026-10-05 15:04:38 Found package: perl-Text-ParseWords.noarch (version: 3.30-460.el9)
2026-10-05 15:04:38 Found package: perl-Text-Tabs+Wrap.noarch (version: 2013.0523-460.el9)
2026-10-05 15:04:38 Found package: perl-Time-Local.noarch (version: 2:1.300-7.el9)
2026-10-05 15:04:38 Found package: perl-URI.noarch (version: 5.09-3.el9)
2026-10-05 15:04:38 Found package: perl-base.noarch (version: 2.27-484.el9_8)
2026-10-05 15:04:38 Found package: perl-constant.noarch (version: 1.33-461.el9)
2026-10-05 15:04:38 Found package: perl-if.noarch (version: 0.60.800-484.el9_8)
2026-10-05 15:04:38 Found package: perl-interpreter.x86_64 (version: 4:5.32.1-484.el9_8)
2026-10-05 15:04:38 Found package: perl-libnet.noarch (version: 3.13-4.el9)
2026-10-05 15:04:39 Found package: perl-libs.x86_64 (version: 4:5.32.1-484.el9_8)
2026-10-05 15:04:39 Found package: perl-locale.noarch (version: 1.09-484.el9_8)
2026-10-05 15:04:39 Found package: perl-mro.x86_64 (version: 1.23-484.el9_8)
2026-10-05 15:04:39 Found package: perl-overload.noarch (version: 1.31-484.el9_8)
2026-10-05 15:04:39 Found package: perl-overloading.noarch (version: 0.02-484.el9_8)
2026-10-05 15:04:39 Found package: perl-parent.noarch (version: 1:0.238-460.el9)
2026-10-05 15:04:39 Found package: perl-podlators.noarch (version: 1:4.14-460.el9)
2026-10-05 15:04:39 Found package: perl-subs.noarch (version: 1.03-484.el9_8)
2026-10-05 15:04:39 Found package: perl-vars.noarch (version: 1.05-484.el9_8)
2026-10-05 15:04:39 Found package: pigz.x86_64 (version: 2.8-1.el9)
2026-10-05 15:04:39 Found package: pinentry.x86_64 (version: 1.1.1-8.el9)
2026-10-05 15:04:39 Found package: pinentry-gnome3.x86_64 (version: 1.1.1-8.el9)
2026-10-05 15:04:39 Found package: pinfo.x86_64 (version: 0.6.10-29.el9)
2026-10-05 15:04:39 Found package: pipewire.x86_64 (version: 1.4.11-1.el9_8.2)
2026-10-05 15:04:39 Found package: pipewire-alsa.x86_64 (version: 1.4.11-1.el9_8.2)
2026-10-05 15:04:39 Found package: pipewire-gstreamer.x86_64 (version: 1.4.11-1.el9_8.2)
2026-10-05 15:04:39 Found package: pipewire-jack-audio-connection-kit.x86_64 (version: 1.4.11-1.el9_8.2)
2026-10-05 15:04:39 Found package: pipewire-jack-audio-connection-kit-libs.x86_64 (version: 1.4.11-1.el9_8.2)
2026-10-05 15:04:39 Found package: pipewire-libs.x86_64 (version: 1.4.11-1.el9_8.2)
2026-10-05 15:04:39 Found package: pipewire-pulseaudio.x86_64 (version: 1.4.11-1.el9_8.2)
2026-10-05 15:04:39 Found package: pipewire-utils.x86_64 (version: 1.4.11-1.el9_8.2)
2026-10-05 15:04:39 Found package: pixman.x86_64 (version: 0.40.0-6.el9_3)
2026-10-05 15:04:39 Found package: pkgconf.x86_64 (version: 1.7.3-10.el9)
2026-10-05 15:04:39 Found package: pkgconf-m4.noarch (version: 1.7.3-10.el9)
2026-10-05 15:04:39 Found package: pkgconf-pkg-config.x86_64 (version: 1.7.3-10.el9)
2026-10-05 15:04:39 Found package: plymouth.x86_64 (version: 0.9.5-8.20210331git1ea1020.el9)
2026-10-05 15:04:39 Found package: plymouth-core-libs.x86_64 (version: 0.9.5-8.20210331git1ea1020.el9)
2026-10-05 15:04:39 Found package: plymouth-graphics-libs.x86_64 (version: 0.9.5-8.20210331git1ea1020.el9)
2026-10-05 15:04:39 Found package: plymouth-plugin-label.x86_64 (version: 0.9.5-8.20210331git1ea1020.el9)
2026-10-05 15:04:39 Found package: plymouth-plugin-two-step.x86_64 (version: 0.9.5-8.20210331git1ea1020.el9)
2026-10-05 15:04:39 Found package: plymouth-scripts.x86_64 (version: 0.9.5-8.20210331git1ea1020.el9)
2026-10-05 15:04:40 Found package: plymouth-system-theme.x86_64 (version: 0.9.5-8.20210331git1ea1020.el9)
2026-10-05 15:04:40 Found package: plymouth-theme-spinner.x86_64 (version: 0.9.5-8.20210331git1ea1020.el9)
2026-10-05 15:04:40 Found package: pnm2ppa.x86_64 (version: 1:1.04-52.el9)
2026-10-05 15:04:40 Found package: podman.x86_64 (version: 6:5.8.2-7.el9_8)
2026-10-05 15:04:40 Found package: policycoreutils.x86_64 (version: 3.6-5.el9)
2026-10-05 15:04:40 Found package: policycoreutils-python-utils.noarch (version: 3.6-5.el9)
2026-10-05 15:04:40 Found package: polkit.x86_64 (version: 0.117-14.el9)
2026-10-05 15:04:40 Found package: polkit-libs.x86_64 (version: 0.117-14.el9)
2026-10-05 15:04:40 Found package: polkit-pkla-compat.x86_64 (version: 0.1-21.el9)
2026-10-05 15:04:40 Found package: poppler.x86_64 (version: 21.01.0-24.el9_8.1)
2026-10-05 15:04:40 Found package: poppler-cpp.x86_64 (version: 21.01.0-24.el9_8.1)
2026-10-05 15:04:40 Found package: poppler-data.noarch (version: 0.4.9-9.el9)
2026-10-05 15:04:40 Found package: poppler-glib.x86_64 (version: 21.01.0-24.el9_8.1)
2026-10-05 15:04:40 Found package: poppler-utils.x86_64 (version: 21.01.0-24.el9_8.1)
2026-10-05 15:04:40 Found package: popt.x86_64 (version: 1.18-8.el9)
2026-10-05 15:04:40 Found package: prefixdevname.x86_64 (version: 0.1.0-8.el9)
2026-10-05 15:04:40 Found package: procps-ng.x86_64 (version: 3.3.17-14.el9)
2026-10-05 15:04:40 Found package: protobuf-c.x86_64 (version: 1.3.3-13.el9)
2026-10-05 15:04:40 Found package: psacct.x86_64 (version: 6.6.4-13.el9)
2026-10-05 15:04:40 Found package: psmisc.x86_64 (version: 23.4-3.el9)
2026-10-05 15:04:40 Found package: pt-sans-fonts.noarch (version: 20141121-23.el9)
2026-10-05 15:04:40 Found package: publicsuffix-list-dafsa.noarch (version: 20210518-3.el9)
2026-10-05 15:04:40 Found package: pulseaudio-libs.x86_64 (version: 15.0-3.el9)
2026-10-05 15:04:40 Found package: pulseaudio-libs-glib2.x86_64 (version: 15.0-3.el9)
2026-10-05 15:04:40 Found package: python-unversioned-command.noarch (version: 3.9.25-7.el9_8.3)
2026-10-05 15:04:40 Found package: python3.x86_64 (version: 3.9.25-7.el9_8.3)
2026-10-05 15:04:40 Found package: python3-audit.x86_64 (version: 3.1.5-8.el9)
2026-10-05 15:04:40 Found package: python3-brlapi.x86_64 (version: 0.8.2-4.el9)
2026-10-05 15:04:40 Found package: python3-cairo.x86_64 (version: 1.20.1-1.el9)
2026-10-05 15:04:40 Found package: python3-chardet.noarch (version: 4.0.0-5.el9)
2026-10-05 15:04:40 Found package: python3-cloud-what.x86_64 (version: 1.29.50-1.el9)
2026-10-05 15:04:40 Found package: python3-cups.x86_64 (version: 2.0.1-10.el9)
2026-10-05 15:04:40 Found package: python3-dasbus.noarch (version: 1.7-1.el9)
2026-10-05 15:04:41 Found package: python3-dateutil.noarch (version: 1:2.9.0.post0-1.el9_7)
2026-10-05 15:04:41 Found package: python3-dbus.x86_64 (version: 1.2.18-2.el9)
2026-10-05 15:04:41 Found package: python3-decorator.noarch (version: 4.4.2-6.el9)
2026-10-05 15:04:41 Found package: python3-distro.noarch (version: 1.5.0-7.el9)
2026-10-05 15:04:41 Found package: python3-dnf.noarch (version: 4.14.0-34.el9_8)
2026-10-05 15:04:41 Found package: python3-dnf-plugins-core.noarch (version: 4.3.0-26.el9)
2026-10-05 15:04:41 Found package: python3-file-magic.noarch (version: 5.39-17.el9)
2026-10-05 15:04:41 Found package: python3-firewall.noarch (version: 1.3.4-20.el9_8)
2026-10-05 15:04:41 Found package: python3-gobject.x86_64 (version: 3.40.1-6.el9)
2026-10-05 15:04:41 Found package: python3-gobject-base.x86_64 (version: 3.40.1-6.el9)
2026-10-05 15:04:41 Found package: python3-gobject-base-noarch.noarch (version: 3.40.1-6.el9)
2026-10-05 15:04:41 Found package: python3-gpg.x86_64 (version: 1.15.1-6.el9)
2026-10-05 15:04:41 Found package: python3-hawkey.x86_64 (version: 0.69.0-18.el9)
2026-10-05 15:04:41 Found package: python3-idna.noarch (version: 2.10-8.el9_8)
2026-10-05 15:04:41 Found package: python3-iniparse.noarch (version: 0.4-45.el9)
2026-10-05 15:04:41 Found package: python3-inotify.noarch (version: 0.9.6-25.el9)
2026-10-05 15:04:41 Found package: python3-libcomps.x86_64 (version: 0.1.18-1.el9)
2026-10-05 15:04:41 Found package: python3-libdnf.x86_64 (version: 0.69.0-18.el9)
2026-10-05 15:04:41 Found package: python3-librepo.x86_64 (version: 1.19.0-1.el9)
2026-10-05 15:04:41 Found package: python3-libs.x86_64 (version: 3.9.25-7.el9_8.3)
2026-10-05 15:04:41 Found package: python3-libselinux.x86_64 (version: 3.6-3.el9)
2026-10-05 15:04:41 Found package: python3-libsemanage.x86_64 (version: 3.6-5.el9_6)
2026-10-05 15:04:41 Found package: python3-libstoragemgmt.x86_64 (version: 1.10.1-1.el9)
2026-10-05 15:04:41 Found package: python3-libxml2.x86_64 (version: 2.9.13-14.el9_8.5)
2026-10-05 15:04:41 Found package: python3-linux-procfs.noarch (version: 0.7.4-2.el9)
2026-10-05 15:04:41 Found package: python3-louis.noarch (version: 3.16.1-5.el9)
2026-10-05 15:04:41 Found package: python3-lxml.x86_64 (version: 4.6.5-3.el9_8.1)
2026-10-05 15:04:41 Found package: python3-nftables.x86_64 (version: 1:1.0.9-9.el9_8)
2026-10-05 15:04:41 Found package: python3-perf.x86_64 (version: 5.14.0-687.54.1.el9_8)
2026-10-05 15:04:41 Found package: python3-pexpect.noarch (version: 4.8.0-7.el9)
2026-10-05 15:04:41 Found package: python3-pip-wheel.noarch (version: 21.3.1-2.el9_8)
2026-10-05 15:04:41 Found package: python3-policycoreutils.noarch (version: 3.6-5.el9)
2026-10-05 15:04:42 Found package: python3-psutil.x86_64 (version: 5.8.0-12.el9)
2026-10-05 15:04:42 Found package: python3-ptyprocess.noarch (version: 0.6.0-12.el9)
2026-10-05 15:04:42 Found package: python3-pyatspi.noarch (version: 2.38.1-3.el9)
2026-10-05 15:04:42 Found package: python3-pycurl.x86_64 (version: 7.43.0.6-8.el9)
2026-10-05 15:04:42 Found package: python3-pysocks.noarch (version: 1.7.1-12.el9)
2026-10-05 15:04:42 Found package: python3-pyudev.noarch (version: 0.22.0-6.el9)
2026-10-05 15:04:42 Found package: python3-pyyaml.x86_64 (version: 5.4.1-6.el9)
2026-10-05 15:04:42 Found package: python3-requests.noarch (version: 2.25.1-10.el9_6)
2026-10-05 15:04:42 Found package: python3-rpm.x86_64 (version: 4.16.1.3-40.el9)
2026-10-05 15:04:42 Found package: python3-setools.x86_64 (version: 4.4.4-1.el9)
2026-10-05 15:04:42 Found package: python3-setuptools.noarch (version: 53.0.0-15.el9)
2026-10-05 15:04:42 Found package: python3-setuptools-wheel.noarch (version: 53.0.0-15.el9)
2026-10-05 15:04:42 Found package: python3-six.noarch (version: 1.15.0-9.el9)
2026-10-05 15:04:42 Found package: python3-speechd.x86_64 (version: 0.10.2-4.el9)
2026-10-05 15:04:42 Found package: python3-subscription-manager-rhsm.x86_64 (version: 1.29.50-1.el9)
2026-10-05 15:04:42 Found package: python3-systemd.x86_64 (version: 234-19.el9)
2026-10-05 15:04:42 Found package: python3-tracer.noarch (version: 1.1-2.el9)
2026-10-05 15:04:42 Found package: python3-urllib3.noarch (version: 1.26.5-8.el9_8)
2026-10-05 15:04:42 Found package: qemu-guest-agent.x86_64 (version: 17:10.1.0-17.el9_8.5)
2026-10-05 15:04:42 Found package: qpdf-libs.x86_64 (version: 10.3.1-7.el9)
2026-10-05 15:04:42 Found package: quota.x86_64 (version: 1:4.09-4.el9)
2026-10-05 15:04:42 Found package: quota-nls.noarch (version: 1:4.09-4.el9)
2026-10-05 15:04:42 Found package: rasdaemon.x86_64 (version: 0.6.7-18.el9)
2026-10-05 15:04:42 Found package: readline.x86_64 (version: 8.1-4.el9)
2026-10-05 15:04:42 Found package: realmd.x86_64 (version: 0.17.1-2.el9)
2026-10-05 15:04:42 Found package: redhat-backgrounds.noarch (version: 90.6-1.el9)
2026-10-05 15:04:42 Found package: redhat-indexhtml.noarch (version: 9-4.el9_2)
2026-10-05 15:04:42 Found package: redhat-logos.x86_64 (version: 90.6-1.el9)
2026-10-05 15:04:42 Found package: redhat-release.x86_64 (version: 9.8-1.0.el9)
2026-10-05 15:04:42 Found package: redhat-release-eula.x86_64 (version: 9.8-1.0.el9)
2026-10-05 15:04:42 Found package: rest.x86_64 (version: 0.8.1-12.el9)
2026-10-05 15:04:43 Found package: rhc.x86_64 (version: 1:0.2.7-13.el9_8)
2026-10-05 15:04:43 Found package: rhsm-icons.noarch (version: 6-2.el9)
2026-10-05 15:04:43 Found package: rootfiles.noarch (version: 8.1-35.el9)
2026-10-05 15:04:43 Found package: rpm.x86_64 (version: 4.16.1.3-40.el9)
2026-10-05 15:04:43 Found package: rpm-build-libs.x86_64 (version: 4.16.1.3-40.el9)
2026-10-05 15:04:43 Found package: rpm-libs.x86_64 (version: 4.16.1.3-40.el9)
2026-10-05 15:04:43 Found package: rpm-plugin-audit.x86_64 (version: 4.16.1.3-40.el9)
2026-10-05 15:04:43 Found package: rpm-plugin-selinux.x86_64 (version: 4.16.1.3-40.el9)
2026-10-05 15:04:43 Found package: rpm-plugin-systemd-inhibit.x86_64 (version: 4.16.1.3-40.el9)
2026-10-05 15:04:43 Found package: rpm-sign-libs.x86_64 (version: 4.16.1.3-40.el9)
2026-10-05 15:04:43 Found package: rsync.x86_64 (version: 3.2.7-1.el9_8)
2026-10-05 15:04:43 Found package: rsyslog.x86_64 (version: 8.2510.0-2.el9_8.2)
2026-10-05 15:04:43 Found package: rsyslog-gnutls.x86_64 (version: 8.2510.0-2.el9_8.2)
2026-10-05 15:04:43 Found package: rsyslog-gssapi.x86_64 (version: 8.2510.0-2.el9_8.2)
2026-10-05 15:04:43 Found package: rsyslog-logrotate.x86_64 (version: 8.2510.0-2.el9_8.2)
2026-10-05 15:04:43 Found package: rsyslog-relp.x86_64 (version: 8.2510.0-2.el9_8.2)
2026-10-05 15:04:43 Found package: rtkit.x86_64 (version: 0.11-29.el9)
2026-10-05 15:04:43 Found package: samba-client-libs.x86_64 (version: 4.23.5-11.el9_8)
2026-10-05 15:04:43 Found package: samba-common.noarch (version: 4.23.5-11.el9_8)
2026-10-05 15:04:43 Found package: samba-common-libs.x86_64 (version: 4.23.5-11.el9_8)
2026-10-05 15:04:43 Found package: sane-airscan.x86_64 (version: 0.99.24-3.el9)
2026-10-05 15:04:43 Found package: sane-backends.x86_64 (version: 1.0.32-7.el9)
2026-10-05 15:04:43 Found package: sane-backends-drivers-cameras.x86_64 (version: 1.0.32-7.el9)
2026-10-05 15:04:43 Found package: sane-backends-drivers-scanners.x86_64 (version: 1.0.32-7.el9)
2026-10-05 15:04:43 Found package: sane-backends-libs.x86_64 (version: 1.0.32-7.el9)
2026-10-05 15:04:43 Found package: scap-security-guide.noarch (version: 0.1.82-2.el9_8)
2026-10-05 15:04:43 Found package: sed.x86_64 (version: 4.8-10.el9)
2026-10-05 15:04:43 Found package: selinux-policy.noarch (version: 38.1.75-2.el9_8)
2026-10-05 15:04:43 Found package: selinux-policy-targeted.noarch (version: 38.1.75-2.el9_8)
2026-10-05 15:04:43 Found package: setroubleshoot-plugins.noarch (version: 3.3.14-4.el9)
2026-10-05 15:04:43 Found package: setroubleshoot-server.x86_64 (version: 3.3.35-2.el9)
2026-10-05 15:04:44 Found package: setup.noarch (version: 2.13.7-10.el9)
2026-10-05 15:04:44 Found package: setxkbmap.x86_64 (version: 1.3.2-5.el9)
2026-10-05 15:04:44 Found package: sg3_utils.x86_64 (version: 1.47-10.el9_8.1)
2026-10-05 15:04:44 Found package: sg3_utils-libs.x86_64 (version: 1.47-10.el9_8.1)
2026-10-05 15:04:44 Found package: shadow-utils.x86_64 (version: 2:4.9-16.el9)
2026-10-05 15:04:44 Found package: shadow-utils-subid.x86_64 (version: 2:4.9-16.el9)
2026-10-05 15:04:44 Found package: shared-mime-info.x86_64 (version: 2.1-5.el9)
2026-10-05 15:04:44 Found package: shim-x64.x86_64 (version: 16.1-7.el9)
2026-10-05 15:04:44 Found package: sil-abyssinica-fonts.noarch (version: 1.200-23.el9)
2026-10-05 15:04:44 Found package: sil-nuosu-fonts.noarch (version: 2.200-4.el9)
2026-10-05 15:04:44 Found package: sil-padauk-fonts.noarch (version: 3.003-9.el9)
2026-10-05 15:04:44 Found package: slang.x86_64 (version: 2.3.2-11.el9)
2026-10-05 15:04:44 Found package: slirp4netns.x86_64 (version: 1.3.3-1.el9)
2026-10-05 15:04:44 Found package: smartmontools.x86_64 (version: 1:7.2-10.el9)
2026-10-05 15:04:44 Found package: smc-meera-fonts.noarch (version: 7.0.3-5.el9)
2026-10-05 15:04:44 Found package: snappy.x86_64 (version: 1.1.8-8.el9)
2026-10-05 15:04:44 Found package: sos.noarch (version: 4.11.2-4.el9_8)
2026-10-05 15:04:44 Found package: sound-theme-freedesktop.noarch (version: 0.8-17.el9)
2026-10-05 15:04:44 Found package: soundtouch.x86_64 (version: 2.1.1-8.el9)
2026-10-05 15:04:44 Found package: speech-dispatcher.x86_64 (version: 0.10.2-4.el9)
2026-10-05 15:04:44 Found package: speech-dispatcher-espeak-ng.x86_64 (version: 0.10.2-4.el9)
2026-10-05 15:04:44 Found package: speex.x86_64 (version: 1.2.0-11.el9)
2026-10-05 15:04:44 Found package: spice-vdagent.x86_64 (version: 0.21.0-5.el9)
2026-10-05 15:04:44 Found package: spirv-tools-libs.x86_64 (version: 2025.4-1.el9)
2026-10-05 15:04:44 Found package: sqlite-libs.x86_64 (version: 3.34.1-11.el9_8)
2026-10-05 15:04:44 Found package: squashfs-tools.x86_64 (version: 4.4-10.git1.el9)
2026-10-05 15:04:44 Found package: sscg.x86_64 (version: 4.0.3-2.el9)
2026-10-05 15:04:44 Found package: sssd.x86_64 (version: 2.9.8-4.el9_8.1)
2026-10-05 15:04:44 Found package: sssd-ad.x86_64 (version: 2.9.8-4.el9_8.1)
2026-10-05 15:04:44 Found package: sssd-client.x86_64 (version: 2.9.8-4.el9_8.1)
2026-10-05 15:04:44 Found package: sssd-common.x86_64 (version: 2.9.8-4.el9_8.1)
2026-10-05 15:04:44 Found package: sssd-common-pac.x86_64 (version: 2.9.8-4.el9_8.1)
2026-10-05 15:04:44 Found package: sssd-ipa.x86_64 (version: 2.9.8-4.el9_8.1)
2026-10-05 15:04:44 Found package: sssd-kcm.x86_64 (version: 2.9.8-4.el9_8.1)
2026-10-05 15:04:45 Found package: sssd-krb5.x86_64 (version: 2.9.8-4.el9_8.1)
2026-10-05 15:04:45 Found package: sssd-krb5-common.x86_64 (version: 2.9.8-4.el9_8.1)
2026-10-05 15:04:45 Found package: sssd-ldap.x86_64 (version: 2.9.8-4.el9_8.1)
2026-10-05 15:04:45 Found package: sssd-proxy.x86_64 (version: 2.9.8-4.el9_8.1)
2026-10-05 15:04:45 Found package: startup-notification.x86_64 (version: 0.12-23.el9)
2026-10-05 15:04:45 Found package: stix-fonts.noarch (version: 2.0.2-11.el9)
2026-10-05 15:04:45 Found package: strace.x86_64 (version: 6.12-1.el9)
2026-10-05 15:04:45 Found package: subscription-manager.x86_64 (version: 1.29.50-1.el9)
2026-10-05 15:04:45 Found package: subscription-manager-cockpit.noarch (version: 6-2.el9)
2026-10-05 15:04:45 Found package: subscription-manager-rhsm-certificates.noarch (version: 20220623-1.el9)
2026-10-05 15:04:45 Found package: sudo.x86_64 (version: 1.9.17p2-3.el9_8.1)
2026-10-05 15:04:45 Found package: sushi.x86_64 (version: 3.38.1-2.el9_4.1)
2026-10-05 15:04:45 Found package: switcheroo-control.x86_64 (version: 2.4-4.el9)
2026-10-05 15:04:45 Found package: symlinks.x86_64 (version: 1.7-6.el9)
2026-10-05 15:04:45 Found package: system-config-printer-libs.noarch (version: 1.5.15-4.el9)
2026-10-05 15:04:45 Found package: system-config-printer-udev.x86_64 (version: 1.5.15-4.el9)
2026-10-05 15:04:45 Found package: systemd.x86_64 (version: 252-67.el9_8.6)
2026-10-05 15:04:45 Found package: systemd-libs.x86_64 (version: 252-67.el9_8.6)
2026-10-05 15:04:45 Found package: systemd-pam.x86_64 (version: 252-67.el9_8.6)
2026-10-05 15:04:45 Found package: systemd-rpm-macros.noarch (version: 252-67.el9_8.6)
2026-10-05 15:04:45 Found package: systemd-udev.x86_64 (version: 252-67.el9_8.6)
2026-10-05 15:04:45 Found package: taglib.x86_64 (version: 1.12-6.el9)
2026-10-05 15:04:45 Found package: tar.x86_64 (version: 2:1.34-13.el9_8)
2026-10-05 15:04:45 Found package: tcl.x86_64 (version: 1:8.6.10-7.el9)
2026-10-05 15:04:45 Found package: tcpdump.x86_64 (version: 14:4.99.0-9.el9)
2026-10-05 15:04:45 Found package: teamd.x86_64 (version: 1.31-16.el9_1)
2026-10-05 15:04:45 Found package: texlive-lib.x86_64 (version: 9:20200406-26.el9_2)
2026-10-05 15:04:45 Found package: thai-scalable-fonts-common.noarch (version: 0.7.2-5.el9)
2026-10-05 15:04:45 Found package: thai-scalable-waree-fonts.noarch (version: 0.7.2-5.el9)
2026-10-05 15:04:45 Found package: time.x86_64 (version: 1.9-18.el9)
2026-10-05 15:04:45 Found package: totem.x86_64 (version: 1:3.38.2-2.el9)
2026-10-05 15:04:45 Found package: totem-pl-parser.x86_64 (version: 3.26.6-2.el9)
2026-10-05 15:04:46 Found package: totem-video-thumbnailer.x86_64 (version: 1:3.38.2-2.el9)
2026-10-05 15:04:46 Found package: tpm2-tools.x86_64 (version: 5.2-7.el9)
2026-10-05 15:04:46 Found package: tpm2-tss.x86_64 (version: 3.2.3-1.el9)
2026-10-05 15:04:46 Found package: tracer-common.noarch (version: 1.1-2.el9)
2026-10-05 15:04:46 Found package: tracker.x86_64 (version: 3.1.2-3.el9_1)
2026-10-05 15:04:46 Found package: tracker-miners.x86_64 (version: 3.1.2-4.el9_3)
2026-10-05 15:04:46 Found package: tree.x86_64 (version: 1.8.0-10.el9)
2026-10-05 15:04:46 Found package: tuned.noarch (version: 2.27.0-2.el9_8)
2026-10-05 15:04:46 Found package: tuned-ppd.noarch (version: 2.27.0-2.el9_8)
2026-10-05 15:04:46 Found package: twolame-libs.x86_64 (version: 0.3.13-19.el9)
2026-10-05 15:04:46 Found package: tzdata.noarch (version: 2026c-1.el9_8)
2026-10-05 15:04:46 Found package: udisks2.x86_64 (version: 2.9.4-12.el9_7)
2026-10-05 15:04:46 Found package: udisks2-iscsi.x86_64 (version: 2.9.4-12.el9_7)
2026-10-05 15:04:46 Found package: udisks2-lvm2.x86_64 (version: 2.9.4-12.el9_7)
2026-10-05 15:04:46 Found package: unzip.x86_64 (version: 6.0-60.el9)
2026-10-05 15:04:46 Found package: upower.x86_64 (version: 0.99.13-2.el9)
2026-10-05 15:04:46 Found package: urw-base35-bookman-fonts.noarch (version: 20200910-6.el9)
2026-10-05 15:04:46 Found package: urw-base35-c059-fonts.noarch (version: 20200910-6.el9)
2026-10-05 15:04:46 Found package: urw-base35-d050000l-fonts.noarch (version: 20200910-6.el9)
2026-10-05 15:04:46 Found package: urw-base35-fonts.noarch (version: 20200910-6.el9)
2026-10-05 15:04:46 Found package: urw-base35-fonts-common.noarch (version: 20200910-6.el9)
2026-10-05 15:04:46 Found package: urw-base35-gothic-fonts.noarch (version: 20200910-6.el9)
2026-10-05 15:04:46 Found package: urw-base35-nimbus-mono-ps-fonts.noarch (version: 20200910-6.el9)
2026-10-05 15:04:46 Found package: urw-base35-nimbus-roman-fonts.noarch (version: 20200910-6.el9)
2026-10-05 15:04:46 Found package: urw-base35-nimbus-sans-fonts.noarch (version: 20200910-6.el9)
2026-10-05 15:04:46 Found package: urw-base35-p052-fonts.noarch (version: 20200910-6.el9)
2026-10-05 15:04:46 Found package: urw-base35-standard-symbols-ps-fonts.noarch (version: 20200910-6.el9)
2026-10-05 15:04:46 Found package: urw-base35-z003-fonts.noarch (version: 20200910-6.el9)
2026-10-05 15:04:46 Found package: usb_modeswitch.x86_64 (version: 2.6.1-4.el9)
2026-10-05 15:04:46 Found package: usb_modeswitch-data.noarch (version: 20191128-6.el9)
2026-10-05 15:04:47 Found package: usbutils.x86_64 (version: 017-1.el9)
2026-10-05 15:04:47 Found package: usermode.x86_64 (version: 1.114-7.el9)
2026-10-05 15:04:47 Found package: userspace-rcu.x86_64 (version: 0.12.1-6.el9)
2026-10-05 15:04:47 Found package: util-linux.x86_64 (version: 2.37.4-25.el9)
2026-10-05 15:04:47 Found package: util-linux-core.x86_64 (version: 2.37.4-25.el9)
2026-10-05 15:04:47 Found package: util-linux-user.x86_64 (version: 2.37.4-25.el9)
2026-10-05 15:04:47 Found package: vdo.x86_64 (version: 8.2.2.2-1.el9)
2026-10-05 15:04:47 Found package: vim-common.x86_64 (version: 2:8.2.2637-26.el9_8.21)
2026-10-05 15:04:47 Found package: vim-enhanced.x86_64 (version: 2:8.2.2637-26.el9_8.21)
2026-10-05 15:04:47 Found package: vim-filesystem.noarch (version: 2:8.2.2637-26.el9_8.21)
2026-10-05 15:04:47 Found package: vim-minimal.x86_64 (version: 2:8.2.2637-26.el9_8.21)
2026-10-05 15:04:47 Found package: virt-what.x86_64 (version: 1.27-2.el9)
2026-10-05 15:04:47 Found package: volume_key-libs.x86_64 (version: 0.3.12-17.el9)
2026-10-05 15:04:47 Found package: vte-profile.x86_64 (version: 0.64.2-2.el9)
2026-10-05 15:04:47 Found package: vte291.x86_64 (version: 0.64.2-2.el9)
2026-10-05 15:04:47 Found package: vulkan-loader.x86_64 (version: 1.4.328.1-1.el9)
2026-10-05 15:04:47 Found package: wavpack.x86_64 (version: 5.4.0-5.el9)
2026-10-05 15:04:47 Found package: webkit2gtk3.x86_64 (version: 2.54.0-1.el9_8)
2026-10-05 15:04:47 Found package: webkit2gtk3-jsc.x86_64 (version: 2.54.0-1.el9_8)
2026-10-05 15:04:47 Found package: webrtc-audio-processing.x86_64 (version: 0.3.1-8.el9)
2026-10-05 15:04:47 Found package: wget.x86_64 (version: 1.21.1-11.el9_8)
2026-10-05 15:04:47 Found package: which.x86_64 (version: 2.21-30.el9_6)
2026-10-05 15:04:47 Found package: wireless-regdb.noarch (version: 2025.10.07-1.el9)
2026-10-05 15:04:47 Found package: wireplumber.x86_64 (version: 0.5.12-1.el9)
2026-10-05 15:04:47 Found package: wireplumber-libs.x86_64 (version: 0.5.12-1.el9)
2026-10-05 15:04:47 Found package: words.noarch (version: 3.0-39.el9)
2026-10-05 15:04:47 Found package: wpa_supplicant.x86_64 (version: 1:2.11-2.el9)
2026-10-05 15:04:47 Found package: xcb-util.x86_64 (version: 0.4.0-19.el9)
2026-10-05 15:04:47 Found package: xdg-dbus-proxy.x86_64 (version: 0.1.3-1.el9)
2026-10-05 15:04:47 Found package: xdg-desktop-portal.x86_64 (version: 1.12.6-1.el9)
2026-10-05 15:04:47 Found package: xdg-desktop-portal-gnome.x86_64 (version: 41.2-3.el9)
2026-10-05 15:04:47 Found package: xdg-desktop-portal-gtk.x86_64 (version: 1.12.0-3.el9)
2026-10-05 15:04:47 Found package: xdg-user-dirs.x86_64 (version: 0.17-10.el9)
2026-10-05 15:04:48 Found package: xdg-user-dirs-gtk.x86_64 (version: 0.10-22.el9)
2026-10-05 15:04:48 Found package: xdg-utils.noarch (version: 1.1.3-13.el9_6)
2026-10-05 15:04:48 Found package: xfsdump.x86_64 (version: 3.1.12-4.el9_3)
2026-10-05 15:04:48 Found package: xfsprogs.x86_64 (version: 6.4.0-7.el9)
2026-10-05 15:04:48 Found package: xkbcomp.x86_64 (version: 1.4.4-4.el9)
2026-10-05 15:04:48 Found package: xkeyboard-config.noarch (version: 2.33-2.el9)
2026-10-05 15:04:48 Found package: xml-common.noarch (version: 0.6.3-58.el9)
2026-10-05 15:04:48 Found package: xmlsec1.x86_64 (version: 1.2.29-13.el9)
2026-10-05 15:04:48 Found package: xmlsec1-openssl.x86_64 (version: 1.2.29-13.el9)
2026-10-05 15:04:48 Found package: xorg-x11-drv-evdev.x86_64 (version: 2.10.6-12.el9)
2026-10-05 15:04:48 Found package: xorg-x11-drv-fbdev.x86_64 (version: 0.5.0-11.el9)
2026-10-05 15:04:48 Found package: xorg-x11-drv-libinput.x86_64 (version: 1.0.1-4.el9_6)
2026-10-05 15:04:48 Found package: xorg-x11-drv-vmware.x86_64 (version: 13.2.1-19.el9)
2026-10-05 15:04:48 Found package: xorg-x11-drv-wacom.x86_64 (version: 1.0.0-5.el9_8)
2026-10-05 15:04:48 Found package: xorg-x11-drv-wacom-serial-support.x86_64 (version: 1.0.0-5.el9_8)
2026-10-05 15:04:48 Found package: xorg-x11-server-Xorg.x86_64 (version: 1.20.11-34.el9_8.3)
2026-10-05 15:04:48 Found package: xorg-x11-server-Xwayland.x86_64 (version: 24.1.9-4.el9_8.3)
2026-10-05 15:04:48 Found package: xorg-x11-server-common.x86_64 (version: 1.20.11-34.el9_8.3)
2026-10-05 15:04:48 Found package: xorg-x11-server-utils.x86_64 (version: 7.7-44.el9)
2026-10-05 15:04:48 Found package: xorg-x11-utils.x86_64 (version: 7.5-40.el9)
2026-10-05 15:04:48 Found package: xorg-x11-xauth.x86_64 (version: 1:1.1-10.el9)
2026-10-05 15:04:48 Found package: xorg-x11-xinit.x86_64 (version: 1.4.0-11.el9)
2026-10-05 15:04:48 Found package: xorg-x11-xinit-session.x86_64 (version: 1.4.0-11.el9)
2026-10-05 15:04:48 Found package: xz.x86_64 (version: 5.2.5-8.el9_0)
2026-10-05 15:04:48 Found package: xz-libs.x86_64 (version: 5.2.5-8.el9_0)
2026-10-05 15:04:48 Found package: yajl.x86_64 (version: 2.1.0-25.el9)
2026-10-05 15:04:48 Found package: yelp.x86_64 (version: 2:40.3-3.el9_8.1)
2026-10-05 15:04:48 Found package: yelp-libs.x86_64 (version: 2:40.3-3.el9_8.1)
2026-10-05 15:04:48 Found package: yelp-tools.noarch (version: 40.0-3.el9)
2026-10-05 15:04:48 Found package: yelp-xsl.noarch (version: 40.2-1.el9_6.1)
2026-10-05 15:04:48 Found package: yum.noarch (version: 4.14.0-34.el9_8)
2026-10-05 15:04:48 Found package: zenity.x86_64 (version: 3.32.0-8.el9)
2026-10-05 15:04:49 Found package: zip.x86_64 (version: 3.0-35.el9)
2026-10-05 15:04:49 Found package: zlib.x86_64 (version: 1.2.11-40.el9)
2026-10-05 15:04:49 ====
2026-10-05 15:04:49 Performing test ID PKGS-7352 (Checking for security updates with DNF utility)
2026-10-05 15:04:49 Action: checking updateinfo for security updates
2026-10-05 15:04:59 Result: no security updates found
2026-10-05 15:04:59 Hardening: assigned maximum number of hardening points for this item (5). Currently having 125 points (out of 166)
2026-10-05 15:04:59 ====
2026-10-05 15:04:59 Performing test ID PKGS-7354 (Checking package database integrity)
2026-10-05 15:05:06 Action: checking integrity of package database
2026-10-05 15:05:25 ====
2026-10-05 15:05:25 Skipped test PKGS-7366 (Checking for debsecan utility)
2026-10-05 15:05:25 Reason to skip: Prerequisites not met (ie missing tool, other type of Linux distribution)
2026-10-05 15:05:25 ====
2026-10-05 15:05:25 Skipped test PKGS-7370 (Checking for debsums utility)
2026-10-05 15:05:25 Reason to skip: Prerequisites not met (ie missing tool, other type of Linux distribution)
2026-10-05 15:05:25 ====
2026-10-05 15:05:25 Skipped test PKGS-7378 (Query portmaster for port upgrades)
2026-10-05 15:05:25 Reason to skip: Prerequisites not met (ie missing tool, other type of Linux distribution)
2026-10-05 15:05:25 ====
2026-10-05 15:05:25 Skipped test PKGS-7380 (Check for vulnerable NetBSD packages)
2026-10-05 15:05:25 Reason to skip: Incorrect guest OS (NetBSD only)
2026-10-05 15:05:25 ====
2026-10-05 15:05:25 Skipped test PKGS-7381 (Check for vulnerable FreeBSD packages with pkg)
2026-10-05 15:05:25 Reason to skip: pkg tool not available
2026-10-05 15:05:25 ====
2026-10-05 15:05:26 Skipped test PKGS-7382 (Check for vulnerable FreeBSD packages with portaudit)
2026-10-05 15:05:26 Reason to skip: Prerequisites not met (ie missing tool, other type of Linux distribution)
2026-10-05 15:05:26 ====
2026-10-05 15:05:26 Skipped test PKGS-7383 (Check for YUM package update management)
2026-10-05 15:05:26 Reason to skip: Prerequisites not met (ie missing tool, other type of Linux distribution)
2026-10-05 15:05:26 ====
2026-10-05 15:05:26 Skipped test PKGS-7384 (Check for YUM utils package)
2026-10-05 15:05:26 Reason to skip: Prerequisites not met (ie missing tool, other type of Linux distribution)
2026-10-05 15:05:26 ====
2026-10-05 15:05:26 Skipped test PKGS-7386 (Check for YUM security package)
2026-10-05 15:05:26 Reason to skip: Prerequisites not met (ie missing tool, other type of Linux distribution)
2026-10-05 15:05:26 ====
2026-10-05 15:05:26 Skipped test PKGS-7387 (Check for GPG signing in YUM security package)
2026-10-05 15:05:26 Reason to skip: Prerequisites not met (ie missing tool, other type of Linux distribution)
2026-10-05 15:05:26 ====
2026-10-05 15:05:26 Skipped test PKGS-7388 (Check security repository in apt sources.list file)
2026-10-05 15:05:26 Reason to skip: Prerequisites not met (ie missing tool, other type of Linux distribution)
2026-10-05 15:05:26 ====
2026-10-05 15:05:26 Skipped test PKGS-7390 (Check Ubuntu database consistency)
2026-10-05 15:05:26 Reason to skip: Prerequisites not met (ie missing tool, other type of Linux distribution)
2026-10-05 15:05:26 ====
2026-10-05 15:05:26 Skipped test PKGS-7392 (Check for Debian/Ubuntu security updates)
2026-10-05 15:05:26 Reason to skip: Prerequisites not met (ie missing tool, other type of Linux distribution)
2026-10-05 15:05:26 ====
2026-10-05 15:05:26 Skipped test PKGS-7393 (Check for Gentoo vulnerable packages)
2026-10-05 15:05:26 Reason to skip: Prerequisites not met (ie missing tool, other type of Linux distribution)
2026-10-05 15:05:26 ====
2026-10-05 15:05:26 Skipped test PKGS-7394 (Check for Ubuntu updates)
2026-10-05 15:05:26 Reason to skip: Prerequisites not met (ie missing tool, other type of Linux distribution)
2026-10-05 15:05:26 ====
2026-10-05 15:05:26 Skipped test PKGS-7395 (Check for Alpine updates)
2026-10-05 15:05:26 Reason to skip: Prerequisites not met (ie missing tool, other type of Linux distribution)
2026-10-05 15:05:26 ====
2026-10-05 15:05:26 Performing test ID PKGS-7398 (Check for package audit tool)
2026-10-05 15:05:26 Test: checking for package audit tool
2026-10-05 15:05:26 Result: found package audit tool: dnf
2026-10-05 15:05:26 ====
2026-10-05 15:05:26 Performing test ID PKGS-7410 (Count installed kernel packages)
2026-10-05 15:05:26 Test: Checking how many kernel packages are installed
2026-10-05 15:05:26 Result: found 1 kernel packages on the system, which is fine
2026-10-05 15:05:26 ====
2026-10-05 15:05:26 Performing test ID PKGS-7420 (Detect toolkit to automatically download and apply upgrades)
2026-10-05 15:05:26 Hardening: assigned partial number of hardening points (1 of 5). Currently having 126 points (out of 171)
2026-10-05 15:05:26 Result: no toolkit for automatic updates discovered
2026-10-05 15:05:26 Suggestion: Consider using a tool to automatically apply upgrades [test:PKGS-7420] [details:-] [solution:-]
2026-10-05 15:05:27 Security check: file is normal
2026-10-05 15:05:27 Checking permissions of /usr/share/lynis/include/tests_networking
2026-10-05 15:05:27 File permissions are OK
2026-10-05 15:05:27 ====
2026-10-05 15:05:27 Action: Performing tests from category: Mise en réseau
2026-10-05 15:05:27 ====
2026-10-05 15:05:27 Performing test ID NETW-2400 (Hostname length and value check)
2026-10-05 15:05:27 Result: FQDN is defined and not longer than 253 characters (21 characters)
2026-10-05 15:05:27 Result: hostnamed is defined and not longer than 63 characters
2026-10-05 15:05:27 Result: good, no unexpected characters discovered in hostname
2026-10-05 15:05:27 ====
2026-10-05 15:05:27 Performing test ID NETW-2600 (Checking IPv6 configuration)
2026-10-05 15:05:34 Result: IPV6 mode is auto
2026-10-05 15:05:34 Result: IPv6 only configuration: NON
2026-10-05 15:05:34 ====
2026-10-05 15:05:35 Performing test ID NETW-2704 (Basic nameserver configuration tests)
2026-10-05 15:05:35 Test: Checking /etc/resolv.conf file
2026-10-05 15:05:35 Result: Found /etc/resolv.conf file
2026-10-05 15:05:35 Test: Querying nameservers
2026-10-05 15:05:35 Found nameserver: 192.168.127.2
2026-10-05 15:05:35 Nameserver 192.168.127.2 seems to respond to queries from this host.
2026-10-05 15:05:35 ====
2026-10-05 15:05:35 Performing test ID NETW-2705 (Check availability two nameservers)
2026-10-05 15:05:35 Result: less than 2 responsive nameservers found
2026-10-05 15:05:35 Warning: Couldn't find 2 responsive nameservers [test:NETW-2705] [details:-] [solution:-]
2026-10-05 15:05:35 Note: Non responsive nameservers can give problems for your system(s). Like the lack of recursive lookups, bad connectivity to update servers etc.
2026-10-05 15:05:35 Suggestion: Check your resolv.conf file and fill in a backup nameserver if possible [test:NETW-2705] [details:-] [solution:-]
2026-10-05 15:05:35 Hardening: assigned partial number of hardening points (1 of 2). Currently having 127 points (out of 173)
2026-10-05 15:05:35 ====
2026-10-05 15:05:35 Skipped test NETW-2706 (Check systemd-resolved and upstream DNSSEC status)
2026-10-05 15:05:35 Reason to skip: Prerequisites not met (ie missing tool, other type of Linux distribution)
2026-10-05 15:05:35 Result: Test most likely skipped due to not having resolvectl
2026-10-05 15:05:35 ====
2026-10-05 15:05:35 Performing test ID NETW-3001 (Find default gateway (route))
2026-10-05 15:05:35 Test: Searching default gateway(s)
2026-10-05 15:05:35 Result: Found default gateway 192.168.127.2
2026-10-05 15:05:35 ====
2026-10-05 15:05:35 Performing test ID NETW-3004 (Search for available network interfaces)
2026-10-05 15:05:35 Found network interface: lo
2026-10-05 15:05:35 Found network interface: ens160
2026-10-05 15:05:35 ====
2026-10-05 15:05:35 Performing test ID NETW-3006 (Get network MAC addresses)
2026-10-05 15:05:35 Found MAC address: 00:0c:29:f8:a1:bc
2026-10-05 15:05:35 ====
2026-10-05 15:05:36 Performing test ID NETW-3008 (Get network IP addresses)
2026-10-05 15:05:36 Found IPv4 address: 192.168.127.135
2026-10-05 15:05:36 Found IPv4 address: 127.0.0.1
2026-10-05 15:05:36 Found IPv6 address: fe80::20c:29ff:fef8:a1bc
2026-10-05 15:05:36 Found IPv6 address: ::1
2026-10-05 15:05:36 ====
2026-10-05 15:05:36 Performing test ID NETW-3012 (Check listening ports)
2026-10-05 15:05:36 Test: Retrieving ss information to find listening ports
2026-10-05 15:05:36 ====
2026-10-05 15:05:36 Skipped test NETW-3014 (Checking promiscuous interfaces (BSD))
2026-10-05 15:05:36 Reason to skip: Prerequisites not met (ie missing tool, other type of Linux distribution)
2026-10-05 15:05:36 ====
2026-10-05 15:05:36 Performing test ID NETW-3015 (Checking promiscuous interfaces (Linux))
2026-10-05 15:05:36 Test: Using ip binary to retrieve network interfaces
2026-10-05 15:05:36 Test: Checking all interfaces to discover any with promiscuous mode enabled
2026-10-05 15:05:36 Result: No promiscuous interfaces found
2026-10-05 15:05:36 ====
2026-10-05 15:05:36 Performing test ID NETW-3028 (Checking connections in WAIT state)
2026-10-05 15:05:36 Test: Using netstat for check for connections in WAIT state
2026-10-05 15:05:36 Result: currently 0 connections are in a waiting state (max configured: 5000).
2026-10-05 15:05:36 Result: 0 connections are in WAIT state
2026-10-05 15:05:36 ====
2026-10-05 15:05:36 Performing test ID NETW-3030 (Checking DHCP client status)
2026-10-05 15:05:36 Performing pgrep scan without uid
2026-10-05 15:05:36 IsRunning: process 'dhclient' not found
2026-10-05 15:05:36 Performing pgrep scan without uid
2026-10-05 15:05:36 IsRunning: process 'dhcpcd' not found
2026-10-05 15:05:36 Performing pgrep scan without uid
2026-10-05 15:05:36 IsRunning: process 'udhcpc' not found
2026-10-05 15:05:37 ====
2026-10-05 15:05:37 Performing test ID NETW-3032 (Checking for ARP monitoring software)
2026-10-05 15:05:37 Performing pgrep scan without uid
2026-10-05 15:05:37 IsRunning: process 'addrwatch' not found
2026-10-05 15:05:37 Performing pgrep scan without uid
2026-10-05 15:05:37 IsRunning: process 'arpwatch' not found
2026-10-05 15:05:37 Performing pgrep scan without uid
2026-10-05 15:05:37 IsRunning: process 'arpon' not found
2026-10-05 15:05:37 ====
2026-10-05 15:05:37 Performing test ID NETW-3200 (Determine available network protocols)
2026-10-05 15:05:37 Test: checking the status of some network protocols that typically are not used
2026-10-05 15:05:37 Test: now checking module 'dccp'
2026-10-05 15:05:37 Suggestion: Determine if protocol 'dccp' is really needed on this system [test:NETW-3200] [details:-] [solution:-]
2026-10-05 15:05:37 Test: now checking module 'sctp'
2026-10-05 15:05:37 Suggestion: Determine if protocol 'sctp' is really needed on this system [test:NETW-3200] [details:-] [solution:-]
2026-10-05 15:05:37 Test: now checking module 'rds'
2026-10-05 15:05:37 Suggestion: Determine if protocol 'rds' is really needed on this system [test:NETW-3200] [details:-] [solution:-]
2026-10-05 15:05:37 Test: now checking module 'tipc'
2026-10-05 15:05:37 Suggestion: Determine if protocol 'tipc' is really needed on this system [test:NETW-3200] [details:-] [solution:-]
2026-10-05 15:05:37 Security check: file is normal
2026-10-05 15:05:37 Checking permissions of /usr/share/lynis/include/tests_printers_spoolers
2026-10-05 15:05:37 File permissions are OK
2026-10-05 15:05:37 ====
2026-10-05 15:05:37 Action: Performing tests from category: Imprimantes et serveurs d'impression
2026-10-05 15:05:37 ====
2026-10-05 15:05:37 Skipped test PRNT-2302 (Check for printcap consistency)
2026-10-05 15:05:37 Reason to skip: Incorrect guest OS (FreeBSD only)
2026-10-05 15:05:37 ====
2026-10-05 15:05:37 Performing test ID PRNT-2304 (Check cupsd status)
2026-10-05 15:05:37 Test: Checking cupsd status
2026-10-05 15:05:37 Performing pgrep scan without uid
2026-10-05 15:05:37 IsRunning: process 'cupsd' found (1073 )
2026-10-05 15:05:37 Result: cups daemon running
2026-10-05 15:05:37 ====
2026-10-05 15:05:37 Performing test ID PRNT-2306 (Check CUPSd configuration file)
2026-10-05 15:05:37 Test: Searching cupsd configuration file
2026-10-05 15:05:37 Test: check if we can access /etc/cups/cupsd.conf (escaped: /etc/cups/cupsd.conf)
2026-10-05 15:05:38 Result: file is owned by our current user ID (0), checking if it is readable
2026-10-05 15:05:38 Result: file /etc/cups/cupsd.conf is readable (or directory accessible).
2026-10-05 15:05:38 Result: found /etc/cups/cupsd.conf
2026-10-05 15:05:38 Result: configuration file found (/etc/cups/cupsd.conf)
2026-10-05 15:05:38 ====
2026-10-05 15:05:38 Performing test ID PRNT-2307 (Check CUPSd configuration file permissions)
2026-10-05 15:05:38 Test: Checking CUPS configuration file permissions
2026-10-05 15:05:38 Result: found rw-r-----
2026-10-05 15:05:38 Hardening: assigned maximum number of hardening points for this item (1). Currently having 128 points (out of 174)
2026-10-05 15:05:38 ====
2026-10-05 15:05:38 Performing test ID PRNT-2308 (Check CUPSd network configuration)
2026-10-05 15:05:38 Test: Checking CUPS daemon listening network addresses
2026-10-05 15:05:38 Result: found network address: localhost:631
2026-10-05 15:05:38 Result: CUPS daemon only running on localhost
2026-10-05 15:05:38 Hardening: assigned maximum number of hardening points for this item (2). Currently having 130 points (out of 176)
2026-10-05 15:05:38 Test: Checking cups daemon listening sockets
2026-10-05 15:05:38 Found socket address: /run/cups/cups.sock
2026-10-05 15:05:38 Result: CUPS daemon is listening on network/socket
2026-10-05 15:05:38 ====
2026-10-05 15:05:38 Performing test ID PRNT-2314 (Check lpd status)
2026-10-05 15:05:38 Test: Checking lpd status
2026-10-05 15:05:38 Performing pgrep scan without uid
2026-10-05 15:05:38 IsRunning: process 'lpd' not found
2026-10-05 15:05:38 Result: lp daemon not running
2026-10-05 15:05:38 Hardening: assigned maximum number of hardening points for this item (4). Currently having 134 points (out of 180)
2026-10-05 15:05:38 ====
2026-10-05 15:05:38 Skipped test PRNT-2316 (Checking /etc/qconfig file)
2026-10-05 15:05:38 Reason to skip: Incorrect guest OS (AIX only)
2026-10-05 15:05:38 ====
2026-10-05 15:05:38 Skipped test PRNT-2418 (Checking qdaemon printer spooler status)
2026-10-05 15:05:38 Reason to skip: Incorrect guest OS (AIX only)
2026-10-05 15:05:38 ====
2026-10-05 15:05:38 Skipped test PRNT-2420 (Checking old print jobs)
2026-10-05 15:05:38 Reason to skip: Incorrect guest OS (AIX only)
2026-10-05 15:05:38 Security check: file is normal
2026-10-05 15:05:38 Checking permissions of /usr/share/lynis/include/tests_mail_messaging
2026-10-05 15:05:38 File permissions are OK
2026-10-05 15:05:38 ====
2026-10-05 15:05:38 Action: Performing tests from category: Logiciel : Email et messagerie
2026-10-05 15:05:38 ====
2026-10-05 15:05:39 Performing test ID MAIL-8802 (Check Exim status)
2026-10-05 15:05:39 Test: check Exim status
2026-10-05 15:05:39 Performing pgrep scan without uid
2026-10-05 15:05:39 IsRunning: process 'exim4' not found
2026-10-05 15:05:39 Performing pgrep scan without uid
2026-10-05 15:05:39 IsRunning: process 'exim' not found
2026-10-05 15:05:39 Result: no running Exim processes found
2026-10-05 15:05:39 ====
2026-10-05 15:05:39 Skipped test MAIL-8804 (Exim configuration options)
2026-10-05 15:05:39 Reason to skip: Prerequisites not met (ie missing tool, other type of Linux distribution)
2026-10-05 15:05:39 ====
2026-10-05 15:05:39 Performing test ID MAIL-8814 (Check postfix process status)
2026-10-05 15:05:39 Test: check Postfix status
2026-10-05 15:05:39 Result: no running Postfix processes found
2026-10-05 15:05:39 ====
2026-10-05 15:05:39 Skipped test MAIL-8816 (Check Postfix configuration)
2026-10-05 15:05:39 Reason to skip: Prerequisites not met (ie missing tool, other type of Linux distribution)
2026-10-05 15:05:39 ====
2026-10-05 15:05:39 Skipped test MAIL-8817 (Check Postfix configuration errors)
2026-10-05 15:05:39 Reason to skip: Prerequisites not met (ie missing tool, other type of Linux distribution)
2026-10-05 15:05:39 ====
2026-10-05 15:05:39 Skipped test MAIL-8818 (Check Postfix configuration: banner)
2026-10-05 15:05:39 Reason to skip: Prerequisites not met (ie missing tool, other type of Linux distribution)
2026-10-05 15:05:39 ====
2026-10-05 15:05:39 Performing test ID MAIL-8820 (Postfix configuration scan)
2026-10-05 15:05:39 ====
2026-10-05 15:05:39 Performing test ID MAIL-8838 (Check dovecot process)
2026-10-05 15:05:39 Test: check dovecot status
2026-10-05 15:05:39 Performing pgrep scan without uid
2026-10-05 15:05:39 IsRunning: process 'dovecot' not found
2026-10-05 15:05:39 Result: dovecot not found
2026-10-05 15:05:39 ====
2026-10-05 15:05:39 Performing test ID MAIL-8860 (Check Qmail status)
2026-10-05 15:05:39 Test: check Qmail status
2026-10-05 15:05:39 Performing pgrep scan without uid
2026-10-05 15:05:39 IsRunning: process 'qmail-smtpd' not found
2026-10-05 15:05:39 Result: no running Qmail processes found
2026-10-05 15:05:39 ====
2026-10-05 15:05:40 Performing test ID MAIL-8880 (Check Sendmail status)
2026-10-05 15:05:40 Test: check sendmail status
2026-10-05 15:05:40 Performing pgrep scan without uid
2026-10-05 15:05:40 IsRunning: process 'sendmail' not found
2026-10-05 15:05:40 Result: no running Sendmail processes found
2026-10-05 15:05:40 ====
2026-10-05 15:05:40 Skipped test MAIL-8920 (Check OpenSMTPD status)
2026-10-05 15:05:40 Reason to skip: Prerequisites not met (ie missing tool, other type of Linux distribution)
2026-10-05 15:05:40 Security check: file is normal
2026-10-05 15:05:40 Checking permissions of /usr/share/lynis/include/tests_firewalls
2026-10-05 15:05:40 File permissions are OK
2026-10-05 15:05:40 ====
2026-10-05 15:05:40 Action: Performing tests from category: Logiciel : Pare-feu
2026-10-05 15:05:40 ====
2026-10-05 15:05:40 Performing test ID FIRE-4502 (Check iptables kernel module)
2026-10-05 15:05:40 Result: found kernel configuration file (/boot/config-5.14.0-687.54.1.el9_8.x86_64)
2026-10-05 15:05:40 Result: no iptables found in Linux kernel config file
2026-10-05 15:05:40 ====
2026-10-05 15:05:40 Skipped test FIRE-4508 (Check used policies of iptables chains)
2026-10-05 15:05:40 Reason to skip: Prerequisites not met (ie missing tool, other type of Linux distribution)
2026-10-05 15:05:40 ====
2026-10-05 15:05:40 Skipped test FIRE-4512 (Check iptables for empty ruleset)
2026-10-05 15:05:40 Reason to skip: Prerequisites not met (ie missing tool, other type of Linux distribution)
2026-10-05 15:05:40 ====
2026-10-05 15:05:40 Skipped test FIRE-4513 (Check iptables for unused rules)
2026-10-05 15:05:40 Reason to skip: Prerequisites not met (ie missing tool, other type of Linux distribution)
2026-10-05 15:05:40 ====
2026-10-05 15:05:40 Skipped test FIRE-4518 (Check pf firewall components)
2026-10-05 15:05:40 Reason to skip: No /dev/pf device
2026-10-05 15:05:40 ====
2026-10-05 15:05:40 Skipped test FIRE-4520 (Check pf configuration consistency)
2026-10-05 15:05:40 Reason to skip: Prerequisites not met (ie missing tool, other type of Linux distribution)
2026-10-05 15:05:40 ====
2026-10-05 15:05:40 Performing test ID FIRE-4524 (Check for CSF presence)
2026-10-05 15:05:40 Test: check /etc/csf/csf.conf
2026-10-05 15:05:40 Result: /etc/csf/csf.conf does NOT exist
2026-10-05 15:05:40 ====
2026-10-05 15:05:40 Skipped test FIRE-4526 (Check ipf status)
2026-10-05 15:05:40 Reason to skip: Incorrect guest OS (Solaris only)
2026-10-05 15:05:41 ====
2026-10-05 15:05:41 Skipped test FIRE-4530 (Check IPFW status)
2026-10-05 15:05:41 Reason to skip: Incorrect guest OS (FreeBSD only)
2026-10-05 15:05:41 ====
2026-10-05 15:05:41 Skipped test FIRE-4532 (Check macOS application firewall)
2026-10-05 15:05:41 Reason to skip: Incorrect guest OS (macOS only)
2026-10-05 15:05:41 ====
2026-10-05 15:05:41 Skipped test FIRE-4534 (Check for presence of outbound firewalls on macOS)
2026-10-05 15:05:41 Reason to skip: Incorrect guest OS (macOS only)
2026-10-05 15:05:41 ====
2026-10-05 15:05:41 Performing test ID FIRE-4536 (Check nftables status)
2026-10-05 15:05:41 Result: found nftables kernel module
2026-10-05 15:05:41 ====
2026-10-05 15:05:41 Performing test ID FIRE-4538 (Check nftables basic configuration)
2026-10-05 15:05:41 Result: found version 1.0.9 of nft
2026-10-05 15:05:41 ====
2026-10-05 15:05:41 Performing test ID FIRE-4540 (Check for empty nftables configuration)
2026-10-05 15:05:41 Result: found 104 rules in nftables configuration
2026-10-05 15:05:41 ====
2026-10-05 15:05:41 Performing test ID FIRE-4586 (Check firewall logging)
2026-10-05 15:05:41 ====
2026-10-05 15:05:41 Performing test ID FIRE-4590 (Check firewall status)
2026-10-05 15:05:41 Result: host based firewall or packet filter is active
2026-10-05 15:05:41 Hardening: assigned maximum number of hardening points for this item (5). Currently having 139 points (out of 185)
2026-10-05 15:05:41 ====
2026-10-05 15:05:41 Performing test ID FIRE-4594 (Check for APF presence)
2026-10-05 15:05:41 Test: check /etc/apf/conf.apf
2026-10-05 15:05:41 Result: /etc/apf/conf.apf does NOT exist
2026-10-05 15:05:41 Security check: file is normal
2026-10-05 15:05:41 Checking permissions of /usr/share/lynis/include/tests_webservers
2026-10-05 15:05:41 File permissions are OK
2026-10-05 15:05:41 ====
2026-10-05 15:05:41 Action: Performing tests from category: Logiciel : Serveur web
2026-10-05 15:05:41 Action: created temporary file /tmp/lynis.Iiu6cQ4UTb
2026-10-05 15:05:41 Action: created temporary file /tmp/lynis.403vcevrm4
2026-10-05 15:05:41 Action: created temporary file /tmp/lynis.3PIfZTG60H
2026-10-05 15:05:41 ====
2026-10-05 15:05:42 Performing test ID HTTP-6622 (Checking Apache presence)
2026-10-05 15:05:42 ====
2026-10-05 15:05:42 Skipped test HTTP-6624 (Testing main Apache configuration file)
2026-10-05 15:05:42 Reason to skip: Prerequisites not met (ie missing tool, other type of Linux distribution)
2026-10-05 15:05:42 ====
2026-10-05 15:05:42 Skipped test HTTP-6626 (Testing other Apache configuration file)
2026-10-05 15:05:42 Reason to skip: Prerequisites not met (ie missing tool, other type of Linux distribution)
2026-10-05 15:05:42 ====
2026-10-05 15:05:42 Skipped test HTTP-6632 (Determining all available Apache modules)
2026-10-05 15:05:42 Reason to skip: Prerequisites not met (ie missing tool, other type of Linux distribution)
2026-10-05 15:05:42 ====
2026-10-05 15:05:42 Skipped test HTTP-6640 (Determining existence of specific Apache modules)
2026-10-05 15:05:42 Reason to skip: Prerequisites not met (ie missing tool, other type of Linux distribution)
2026-10-05 15:05:42 ====
2026-10-05 15:05:42 Skipped test HTTP-6641 (Determining existence of specific Apache modules)
2026-10-05 15:05:42 Reason to skip: Prerequisites not met (ie missing tool, other type of Linux distribution)
2026-10-05 15:05:42 ====
2026-10-05 15:05:42 Skipped test HTTP-6643 (Determining existence of specific Apache modules)
2026-10-05 15:05:42 Reason to skip: Prerequisites not met (ie missing tool, other type of Linux distribution)
2026-10-05 15:05:42 ====
2026-10-05 15:05:42 Skipped test HTTP-6660 (Checking Apache security setting: TraceEnable)
2026-10-05 15:05:42 Reason to skip: Prerequisites not met (ie missing tool, other type of Linux distribution)
2026-10-05 15:05:42 ====
2026-10-05 15:05:42 Performing test ID HTTP-6702 (Check nginx process)
2026-10-05 15:05:42 Test: searching running nginx process
2026-10-05 15:05:42 Performing pgrep scan without uid
2026-10-05 15:05:42 IsRunning: process 'nginx' not found
2026-10-05 15:05:42 Result: no running nginx process found
2026-10-05 15:05:42 ====
2026-10-05 15:05:42 Skipped test HTTP-6704 (Check nginx configuration file)
2026-10-05 15:05:42 Reason to skip: Prerequisites not met (ie missing tool, other type of Linux distribution)
2026-10-05 15:05:42 ====
2026-10-05 15:05:42 Skipped test HTTP-6706 (Check for additional nginx configuration files)
2026-10-05 15:05:42 Reason to skip: Prerequisites not met (ie missing tool, other type of Linux distribution)
2026-10-05 15:05:42 ====
2026-10-05 15:05:42 Skipped test HTTP-6708 (Check discovered nginx configuration settings)
2026-10-05 15:05:42 Reason to skip: Prerequisites not met (ie missing tool, other type of Linux distribution)
2026-10-05 15:05:42 ====
2026-10-05 15:05:42 Skipped test HTTP-6710 (Check nginx SSL configuration settings)
2026-10-05 15:05:42 Reason to skip: Prerequisites not met (ie missing tool, other type of Linux distribution)
2026-10-05 15:05:42 ====
2026-10-05 15:05:43 Skipped test HTTP-6712 (Check nginx access logging)
2026-10-05 15:05:43 Reason to skip: Prerequisites not met (ie missing tool, other type of Linux distribution)
2026-10-05 15:05:43 ====
2026-10-05 15:05:43 Skipped test HTTP-6714 (Check for missing error logs in nginx)
2026-10-05 15:05:43 Reason to skip: Prerequisites not met (ie missing tool, other type of Linux distribution)
2026-10-05 15:05:43 ====
2026-10-05 15:05:43 Skipped test HTTP-6716 (Check for debug mode on error log in nginx)
2026-10-05 15:05:43 Reason to skip: Prerequisites not met (ie missing tool, other type of Linux distribution)
2026-10-05 15:05:43 ====
2026-10-05 15:05:43 Skipped test HTTP-6720 (Check Nginx log files)
2026-10-05 15:05:43 Reason to skip: Prerequisites not met (ie missing tool, other type of Linux distribution)
2026-10-05 15:05:43 Security check: file is normal
2026-10-05 15:05:43 Checking permissions of /usr/share/lynis/include/tests_ssh
2026-10-05 15:05:43 File permissions are OK
2026-10-05 15:05:43 ====
2026-10-05 15:05:43 Action: Performing tests from category: Prise en charge SSH
2026-10-05 15:05:43 ====
2026-10-05 15:05:43 Performing test ID SSH-7402 (Check for running SSH daemon)
2026-10-05 15:05:43 Test: Searching for a SSH daemon
2026-10-05 15:05:43 Performing pgrep scan without uid
2026-10-05 15:05:43 IsRunning: process 'sshd' found (1075 )
2026-10-05 15:05:43 Action: created temporary file /tmp/lynis.PCcbTRVgCN
2026-10-05 15:05:43 ====
2026-10-05 15:05:43 Performing test ID SSH-7404 (Check SSH daemon file location)
2026-10-05 15:05:43 Test: searching for sshd_config file
2026-10-05 15:05:43 Result: /etc/ssh/sshd_config exists
2026-10-05 15:05:43 Test: check if we can access /etc/ssh/sshd_config (escaped: /etc/ssh/sshd_config)
2026-10-05 15:05:43 Result: file is owned by our current user ID (0), checking if it is readable
2026-10-05 15:05:43 Result: file /etc/ssh/sshd_config is readable (or directory accessible).
2026-10-05 15:05:43 Result: using last found configuration file: /etc/ssh/sshd_config
2026-10-05 15:05:43 ====
2026-10-05 15:05:43 Performing test ID SSH-7406 (Determine OpenSSH version)
2026-10-05 15:05:43 Result: discovered OpenSSH version is 9.9
2026-10-05 15:05:44 Result: OpenSSH major version: 9
2026-10-05 15:05:44 Result: OpenSSH minor version: 9
2026-10-05 15:05:44 ====
2026-10-05 15:05:44 Performing test ID SSH-7408 (Check SSH specific defined options)
2026-10-05 15:05:44 Test: Checking specific defined options in /tmp/lynis.PCcbTRVgCN
2026-10-05 15:05:44 Test: Checking AllowTcpForwarding in /tmp/lynis.PCcbTRVgCN
2026-10-05 15:05:44 Result: Option AllowTcpForwarding found
2026-10-05 15:05:44 Result: Option AllowTcpForwarding value is YES
2026-10-05 15:05:44 Result: OpenSSH option AllowTcpForwarding is in a weak configuration state and should be fixed
2026-10-05 15:05:44 Suggestion: Consider hardening SSH configuration [test:SSH-7408] [details:AllowTcpForwarding (set YES to NO)] [solution:-]
2026-10-05 15:05:44 Hardening: assigned partial number of hardening points (0 of 3). Currently having 139 points (out of 188)
2026-10-05 15:05:44 Test: Checking ClientAliveCountMax in /tmp/lynis.PCcbTRVgCN
2026-10-05 15:05:44 Result: Option ClientAliveCountMax found
2026-10-05 15:05:44 Result: Option ClientAliveCountMax value is 3
2026-10-05 15:05:44 Result: OpenSSH option ClientAliveCountMax is configured reasonably
2026-10-05 15:05:44 Suggestion: Consider hardening SSH configuration [test:SSH-7408] [details:ClientAliveCountMax (set 3 to 2)] [solution:-]
2026-10-05 15:05:44 Hardening: assigned partial number of hardening points (1 of 3). Currently having 140 points (out of 191)
2026-10-05 15:05:44 Test: Checking ClientAliveInterval in /tmp/lynis.PCcbTRVgCN
2026-10-05 15:05:44 Result: Option ClientAliveInterval found
2026-10-05 15:05:44 Result: Option ClientAliveInterval value is 0
2026-10-05 15:05:44 Result: OpenSSH option ClientAliveInterval is configured very well
2026-10-05 15:05:44 Hardening: assigned maximum number of hardening points for this item (3). Currently having 143 points (out of 194)
2026-10-05 15:05:44 Test: Checking FingerprintHash in /tmp/lynis.PCcbTRVgCN
2026-10-05 15:05:44 Result: Option FingerprintHash found
2026-10-05 15:05:44 Result: Option FingerprintHash value is SHA256
2026-10-05 15:05:44 Result: OpenSSH option FingerprintHash is configured very well
2026-10-05 15:05:44 Hardening: assigned maximum number of hardening points for this item (3). Currently having 146 points (out of 197)
2026-10-05 15:05:44 Test: Checking GatewayPorts in /tmp/lynis.PCcbTRVgCN
2026-10-05 15:05:44 Result: Option GatewayPorts found
2026-10-05 15:05:44 Result: Option GatewayPorts value is NO
2026-10-05 15:05:44 Result: OpenSSH option GatewayPorts is configured very well
2026-10-05 15:05:44 Hardening: assigned maximum number of hardening points for this item (3). Currently having 149 points (out of 200)
2026-10-05 15:05:44 Test: Checking IgnoreRhosts in /tmp/lynis.PCcbTRVgCN
2026-10-05 15:05:45 Result: Option IgnoreRhosts found
2026-10-05 15:05:45 Result: Option IgnoreRhosts value is YES
2026-10-05 15:05:45 Result: OpenSSH option IgnoreRhosts is configured very well
2026-10-05 15:05:45 Hardening: assigned maximum number of hardening points for this item (3). Currently having 152 points (out of 203)
2026-10-05 15:05:45 Test: Checking LoginGraceTime in /tmp/lynis.PCcbTRVgCN
2026-10-05 15:05:45 Result: Option LoginGraceTime found
2026-10-05 15:05:45 Result: Option LoginGraceTime value is 120
2026-10-05 15:05:45 Result: OpenSSH option LoginGraceTime is configured very well
2026-10-05 15:05:45 Hardening: assigned maximum number of hardening points for this item (3). Currently having 155 points (out of 206)
2026-10-05 15:05:45 Test: Checking LogLevel in /tmp/lynis.PCcbTRVgCN
2026-10-05 15:05:45 Result: Option LogLevel found
2026-10-05 15:05:45 Result: Option LogLevel value is INFO
2026-10-05 15:05:45 Result: OpenSSH option LogLevel is configured reasonably
2026-10-05 15:05:45 Suggestion: Consider hardening SSH configuration [test:SSH-7408] [details:LogLevel (set INFO to VERBOSE)] [solution:-]
2026-10-05 15:05:45 Hardening: assigned partial number of hardening points (1 of 3). Currently having 156 points (out of 209)
2026-10-05 15:05:45 Test: Checking MaxAuthTries in /tmp/lynis.PCcbTRVgCN
2026-10-05 15:05:45 Result: Option MaxAuthTries found
2026-10-05 15:05:45 Result: Option MaxAuthTries value is 6
2026-10-05 15:05:45 Result: OpenSSH option MaxAuthTries is configured reasonably
2026-10-05 15:05:45 Suggestion: Consider hardening SSH configuration [test:SSH-7408] [details:MaxAuthTries (set 6 to 3)] [solution:-]
2026-10-05 15:05:45 Hardening: assigned partial number of hardening points (1 of 3). Currently having 157 points (out of 212)
2026-10-05 15:05:45 Test: Checking MaxSessions in /tmp/lynis.PCcbTRVgCN
2026-10-05 15:05:45 Result: Option MaxSessions found
2026-10-05 15:05:45 Result: Option MaxSessions value is 10
2026-10-05 15:05:45 Result: OpenSSH option MaxSessions is in a weak configuration state and should be fixed
2026-10-05 15:05:45 Suggestion: Consider hardening SSH configuration [test:SSH-7408] [details:MaxSessions (set 10 to 2)] [solution:-]
2026-10-05 15:05:45 Hardening: assigned partial number of hardening points (0 of 3). Currently having 157 points (out of 215)
2026-10-05 15:05:45 Test: Checking PermitRootLogin in /tmp/lynis.PCcbTRVgCN
2026-10-05 15:05:45 Result: Option PermitRootLogin found
2026-10-05 15:05:45 Result: Option PermitRootLogin value is WITHOUT-PASSWORD
2026-10-05 15:05:45 Expected value has multiple values, testing if active value is in list ((FORCED-COMMANDS-ONLY|NO|PROHIBIT-PASSWORD|WITHOUT-PASSWORD))
2026-10-05 15:05:45 Result: found
2026-10-05 15:05:45 Result: OpenSSH option PermitRootLogin is configured very well
2026-10-05 15:05:45 Hardening: assigned maximum number of hardening points for this item (3). Currently having 160 points (out of 218)
2026-10-05 15:05:45 Test: Checking PermitUserEnvironment in /tmp/lynis.PCcbTRVgCN
2026-10-05 15:05:45 Result: Option PermitUserEnvironment found
2026-10-05 15:05:45 Result: Option PermitUserEnvironment value is NO
2026-10-05 15:05:46 Result: OpenSSH option PermitUserEnvironment is configured very well
2026-10-05 15:05:46 Hardening: assigned maximum number of hardening points for this item (3). Currently having 163 points (out of 221)
2026-10-05 15:05:46 Test: Checking PermitTunnel in /tmp/lynis.PCcbTRVgCN
2026-10-05 15:05:46 Result: Option PermitTunnel found
2026-10-05 15:05:46 Result: Option PermitTunnel value is NO
2026-10-05 15:05:46 Result: OpenSSH option PermitTunnel is configured very well
2026-10-05 15:05:46 Hardening: assigned maximum number of hardening points for this item (3). Currently having 166 points (out of 224)
2026-10-05 15:05:46 Test: Checking Port in /tmp/lynis.PCcbTRVgCN
2026-10-05 15:05:46 Result: Option Port found
2026-10-05 15:05:46 Result: Option Port value is 22
2026-10-05 15:05:46 Result: OpenSSH option Port is in a weak configuration state and should be fixed
2026-10-05 15:05:46 Suggestion: Consider hardening SSH configuration [test:SSH-7408] [details:Port (set 22 to )] [solution:-]
2026-10-05 15:05:46 Hardening: assigned partial number of hardening points (0 of 3). Currently having 166 points (out of 227)
2026-10-05 15:05:46 Test: Checking PrintLastLog in /tmp/lynis.PCcbTRVgCN
2026-10-05 15:05:46 Result: Option PrintLastLog found
2026-10-05 15:05:46 Result: Option PrintLastLog value is YES
2026-10-05 15:05:46 Result: OpenSSH option PrintLastLog is configured very well
2026-10-05 15:05:46 Hardening: assigned maximum number of hardening points for this item (3). Currently having 169 points (out of 230)
2026-10-05 15:05:46 Test: Checking StrictModes in /tmp/lynis.PCcbTRVgCN
2026-10-05 15:05:46 Result: Option StrictModes found
2026-10-05 15:05:46 Result: Option StrictModes value is YES
2026-10-05 15:05:46 Result: OpenSSH option StrictModes is configured very well
2026-10-05 15:05:46 Hardening: assigned maximum number of hardening points for this item (3). Currently having 172 points (out of 233)
2026-10-05 15:05:46 Test: Checking TCPKeepAlive in /tmp/lynis.PCcbTRVgCN
2026-10-05 15:05:46 Result: Option TCPKeepAlive found
2026-10-05 15:05:46 Result: Option TCPKeepAlive value is YES
2026-10-05 15:05:46 Result: OpenSSH option TCPKeepAlive is in a weak configuration state and should be fixed
2026-10-05 15:05:46 Suggestion: Consider hardening SSH configuration [test:SSH-7408] [details:TCPKeepAlive (set YES to NO)] [solution:-]
2026-10-05 15:05:46 Hardening: assigned partial number of hardening points (0 of 3). Currently having 172 points (out of 236)
2026-10-05 15:05:46 Test: Checking UseDNS in /tmp/lynis.PCcbTRVgCN
2026-10-05 15:05:46 Result: Option UseDNS found
2026-10-05 15:05:46 Result: Option UseDNS value is NO
2026-10-05 15:05:46 Result: OpenSSH option UseDNS is configured very well
2026-10-05 15:05:46 Hardening: assigned maximum number of hardening points for this item (3). Currently having 175 points (out of 239)
2026-10-05 15:05:47 Test: Checking X11Forwarding in /tmp/lynis.PCcbTRVgCN
2026-10-05 15:05:47 Result: Option X11Forwarding found
2026-10-05 15:05:47 Result: Option X11Forwarding value is YES
2026-10-05 15:05:47 Result: OpenSSH option X11Forwarding is in a weak configuration state and should be fixed
2026-10-05 15:05:47 Suggestion: Consider hardening SSH configuration [test:SSH-7408] [details:X11Forwarding (set YES to NO)] [solution:-]
2026-10-05 15:05:47 Hardening: assigned partial number of hardening points (0 of 3). Currently having 175 points (out of 242)
2026-10-05 15:05:47 Test: Checking AllowAgentForwarding in /tmp/lynis.PCcbTRVgCN
2026-10-05 15:05:47 Result: Option AllowAgentForwarding found
2026-10-05 15:05:47 Result: Option AllowAgentForwarding value is YES
2026-10-05 15:05:47 Result: OpenSSH option AllowAgentForwarding is in a weak configuration state and should be fixed
2026-10-05 15:05:47 Suggestion: Consider hardening SSH configuration [test:SSH-7408] [details:AllowAgentForwarding (set YES to NO)] [solution:-]
2026-10-05 15:05:47 Hardening: assigned partial number of hardening points (0 of 3). Currently having 175 points (out of 245)
2026-10-05 15:05:47 ====
2026-10-05 15:05:47 Performing test ID SSH-7440 (Check OpenSSH option: AllowUsers and AllowGroups)
2026-10-05 15:05:47 Result: AllowUsers is not set
2026-10-05 15:05:47 Result: AllowGroups is not set
2026-10-05 15:05:47 Result: SSH has no specific user or group limitation. Most likely all valid users can SSH to this machine.
2026-10-05 15:05:47 Hardening: assigned partial number of hardening points (0 of 1). Currently having 175 points (out of 246)
2026-10-05 15:05:47 Security check: file is normal
2026-10-05 15:05:47 Checking permissions of /usr/share/lynis/include/tests_snmp
2026-10-05 15:05:47 File permissions are OK
2026-10-05 15:05:47 ====
2026-10-05 15:05:47 Action: Performing tests from category: Prise en charge SNMP
2026-10-05 15:05:47 ====
2026-10-05 15:05:47 Performing test ID SNMP-3302 (Check for running SNMP daemon)
2026-10-05 15:05:47 Test: Searching for a SNMP daemon
2026-10-05 15:05:47 Performing pgrep scan without uid
2026-10-05 15:05:47 IsRunning: process 'snmpd' not found
2026-10-05 15:05:47 Result: No running SNMP daemon found
2026-10-05 15:05:47 ====
2026-10-05 15:05:47 Skipped test SNMP-3304 (Check SNMP daemon file location)
2026-10-05 15:05:47 Reason to skip: Prerequisites not met (ie missing tool, other type of Linux distribution)
2026-10-05 15:05:47 ====
2026-10-05 15:05:47 Skipped test SNMP-3306 (Check SNMP communities)
2026-10-05 15:05:47 Reason to skip: Prerequisites not met (ie missing tool, other type of Linux distribution)
2026-10-05 15:05:47 Security check: file is normal
2026-10-05 15:05:47 Checking permissions of /usr/share/lynis/include/tests_databases
2026-10-05 15:05:48 File permissions are OK
2026-10-05 15:05:48 ====
2026-10-05 15:05:48 Action: Performing tests from category: Bases de données
2026-10-05 15:05:48 ====
2026-10-05 15:05:48 Performing test ID DBS-1804 (Checking active MySQL process)
2026-10-05 15:05:48 Result: MySQL process not active
2026-10-05 15:05:48 ====
2026-10-05 15:05:48 Skipped test DBS-1816 (Checking MySQL root password)
2026-10-05 15:05:48 Reason to skip: MySQL not installed, or not running
2026-10-05 15:05:48 Test skipped, MySQL daemon not running or no MySQL client available
2026-10-05 15:05:48 ====
2026-10-05 15:05:48 Performing test ID DBS-1818 (Check status of MongoDB server)
2026-10-05 15:05:48 Performing pgrep scan without uid
2026-10-05 15:05:48 IsRunning: process 'mongod' not found
2026-10-05 15:05:48 ====
2026-10-05 15:05:48 Performing test ID DBS-1820 (Check for authorization in MongoDB)
2026-10-05 15:05:48 ====
2026-10-05 15:05:48 Performing test ID DBS-1826 (Checking active PostgreSQL processes)
2026-10-05 15:05:48 Performing pgrep scan without uid
2026-10-05 15:05:48 IsRunning: process 'postgres' not found
2026-10-05 15:05:48 Result: PostgreSQL process postgres not active
2026-10-05 15:05:48 Performing pgrep scan without uid
2026-10-05 15:05:48 IsRunning: process 'postmaster' not found
2026-10-05 15:05:48 Result: PostgreSQL process postmaster not active
2026-10-05 15:05:48 ====
2026-10-05 15:05:48 Skipped test DBS-1828 (Test PostgreSQL configuration)
2026-10-05 15:05:48 Reason to skip: Prerequisites not met (ie missing tool, other type of Linux distribution)
2026-10-05 15:05:48 ====
2026-10-05 15:05:48 Performing test ID DBS-1840 (Checking active Oracle processes)
2026-10-05 15:05:48 Result: Oracle process(es) not active
2026-10-05 15:05:48 ====
2026-10-05 15:05:48 Performing test ID DBS-1860 (Checking active DB2 instances)
2026-10-05 15:05:48 Performing pgrep scan without uid
2026-10-05 15:05:48 IsRunning: process 'db2sysc' not found
2026-10-05 15:05:48 Result: No DB2 instances are running
2026-10-05 15:05:48 ====
2026-10-05 15:05:49 Performing test ID DBS-1880 (Check for active Redis server)
2026-10-05 15:05:49 Performing pgrep scan without uid
2026-10-05 15:05:49 IsRunning: process 'redis-server' not found
2026-10-05 15:05:49 Result: No Redis processes are running
2026-10-05 15:05:49 ====
2026-10-05 15:05:49 Skipped test DBS-1882 (Redis configuration file)
2026-10-05 15:05:49 Reason to skip: Redis not running
2026-10-05 15:05:49 ====
2026-10-05 15:05:49 Skipped test DBS-1884 (Redis: requirepass option configured)
2026-10-05 15:05:49 Reason to skip: Redis not running, or no configuration file found
2026-10-05 15:05:49 ====
2026-10-05 15:05:49 Skipped test DBS-1886 (Redis: rename-command CONFIG used)
2026-10-05 15:05:49 Reason to skip: Redis not running, or no configuration found
2026-10-05 15:05:49 ====
2026-10-05 15:05:49 Skipped test DBS-1888 (Redis: bind on localhost)
2026-10-05 15:05:49 Reason to skip: Redis not running, or no configuration found
2026-10-05 15:05:49 Security check: file is normal
2026-10-05 15:05:49 Checking permissions of /usr/share/lynis/include/tests_ldap
2026-10-05 15:05:49 File permissions are OK
2026-10-05 15:05:49 ====
2026-10-05 15:05:49 Action: Performing tests from category: Services LDAP
2026-10-05 15:05:49 ====
2026-10-05 15:05:49 Performing test ID LDAP-2219 (Check running OpenLDAP instance)
2026-10-05 15:05:49 Performing pgrep scan without uid
2026-10-05 15:05:49 IsRunning: process 'slapd' not found
2026-10-05 15:05:49 Result: No running slapd process found.
2026-10-05 15:05:49 ====
2026-10-05 15:05:49 Skipped test LDAP-2224 (Check presence slapd.conf)
2026-10-05 15:05:49 Reason to skip: Prerequisites not met (ie missing tool, other type of Linux distribution)
2026-10-05 15:05:49 Security check: file is normal
2026-10-05 15:05:49 Checking permissions of /usr/share/lynis/include/tests_php
2026-10-05 15:05:49 File permissions are OK
2026-10-05 15:05:49 ====
2026-10-05 15:05:49 Action: Performing tests from category: PHP
2026-10-05 15:05:50 ====
2026-10-05 15:05:50 Performing test ID PHP-2211 (Check php.ini presence)
2026-10-05 15:05:50 Test: Checking for presence php.ini
2026-10-05 15:05:50 Test: checking presence /etc/php.ini
2026-10-05 15:05:50 Result: file /etc/php.ini not found
2026-10-05 15:05:50 Test: checking presence /etc/php.ini.default
2026-10-05 15:05:50 Result: file /etc/php.ini.default not found
2026-10-05 15:05:50 Test: checking presence /etc/php/php.ini
2026-10-05 15:05:50 Result: file /etc/php/php.ini not found
2026-10-05 15:05:50 Test: checking presence /etc/php7.0/php.ini
2026-10-05 15:05:50 Result: file /etc/php7.0/php.ini not found
2026-10-05 15:05:50 Test: checking presence /etc/php7.1/php.ini
2026-10-05 15:05:50 Result: file /etc/php7.1/php.ini not found
2026-10-05 15:05:50 Test: checking presence /etc/php7.2/php.ini
2026-10-05 15:05:50 Result: file /etc/php7.2/php.ini not found
2026-10-05 15:05:50 Test: checking presence /etc/php7.3/php.ini
2026-10-05 15:05:50 Result: file /etc/php7.3/php.ini not found
2026-10-05 15:05:50 Test: checking presence /etc/php7.4/php.ini
2026-10-05 15:05:50 Result: file /etc/php7.4/php.ini not found
2026-10-05 15:05:50 Test: checking presence /etc/php8.0/php.ini
2026-10-05 15:05:50 Result: file /etc/php8.0/php.ini not found
2026-10-05 15:05:50 Test: checking presence /etc/php8.1/php.ini
2026-10-05 15:05:50 Result: file /etc/php8.1/php.ini not found
2026-10-05 15:05:50 Test: checking presence /etc/php8.2/php.ini
2026-10-05 15:05:50 Result: file /etc/php8.2/php.ini not found
2026-10-05 15:05:50 Test: checking presence /etc/php8.3/php.ini
2026-10-05 15:05:50 Result: file /etc/php8.3/php.ini not found
2026-10-05 15:05:50 Test: checking presence /etc/php8.4/php.ini
2026-10-05 15:05:50 Result: file /etc/php8.4/php.ini not found
2026-10-05 15:05:50 Test: checking presence /etc/php/apache2-php7.0/php.ini
2026-10-05 15:05:50 Result: file /etc/php/apache2-php7.0/php.ini not found
2026-10-05 15:05:50 Test: checking presence /etc/php/apache2-php7.1/php.ini
2026-10-05 15:05:50 Result: file /etc/php/apache2-php7.1/php.ini not found
2026-10-05 15:05:50 Test: checking presence /etc/php/apache2-php7.2/php.ini
2026-10-05 15:05:50 Result: file /etc/php/apache2-php7.2/php.ini not found
2026-10-05 15:05:50 Test: checking presence /etc/php/apache2-php7.3/php.ini
2026-10-05 15:05:50 Result: file /etc/php/apache2-php7.3/php.ini not found
2026-10-05 15:05:50 Test: checking presence /etc/php/apache2-php7.4/php.ini
2026-10-05 15:05:50 Result: file /etc/php/apache2-php7.4/php.ini not found
2026-10-05 15:05:50 Test: checking presence /etc/php/apache2-php8.0/php.ini
2026-10-05 15:05:50 Result: file /etc/php/apache2-php8.0/php.ini not found
2026-10-05 15:05:50 Test: checking presence /etc/php/apache2-php8.1/php.ini
2026-10-05 15:05:50 Result: file /etc/php/apache2-php8.1/php.ini not found
2026-10-05 15:05:50 Test: checking presence /etc/php/apache2-php8.2/php.ini
2026-10-05 15:05:50 Result: file /etc/php/apache2-php8.2/php.ini not found
2026-10-05 15:05:50 Test: checking presence /etc/php/apache2-php8.3/php.ini
2026-10-05 15:05:50 Result: file /etc/php/apache2-php8.3/php.ini not found
2026-10-05 15:05:50 Test: checking presence /etc/php/apache2-php8.4/php.ini
2026-10-05 15:05:50 Result: file /etc/php/apache2-php8.4/php.ini not found
2026-10-05 15:05:50 Test: checking presence /etc/php/cgi-php7.0/php.ini
2026-10-05 15:05:50 Result: file /etc/php/cgi-php7.0/php.ini not found
2026-10-05 15:05:50 Test: checking presence /etc/php/cgi-php7.1/php.ini
2026-10-05 15:05:50 Result: file /etc/php/cgi-php7.1/php.ini not found
2026-10-05 15:05:50 Test: checking presence /etc/php/cgi-php7.2/php.ini
2026-10-05 15:05:50 Result: file /etc/php/cgi-php7.2/php.ini not found
2026-10-05 15:05:50 Test: checking presence /etc/php/cgi-php7.3/php.ini
2026-10-05 15:05:50 Result: file /etc/php/cgi-php7.3/php.ini not found
2026-10-05 15:05:50 Test: checking presence /etc/php/cgi-php7.4/php.ini
2026-10-05 15:05:50 Result: file /etc/php/cgi-php7.4/php.ini not found
2026-10-05 15:05:50 Test: checking presence /etc/php/cli-php5.5/php.ini
2026-10-05 15:05:50 Result: file /etc/php/cli-php5.5/php.ini not found
2026-10-05 15:05:50 Test: checking presence /etc/php/cli-php5.6/php.ini
2026-10-05 15:05:50 Result: file /etc/php/cli-php5.6/php.ini not found
2026-10-05 15:05:50 Test: checking presence /etc/php/cli-php7.0/php.ini
2026-10-05 15:05:50 Result: file /etc/php/cli-php7.0/php.ini not found
2026-10-05 15:05:50 Test: checking presence /etc/php/cli-php7.1/php.ini
2026-10-05 15:05:50 Result: file /etc/php/cli-php7.1/php.ini not found
2026-10-05 15:05:50 Test: checking presence /etc/php/cli-php7.2/php.ini
2026-10-05 15:05:50 Result: file /etc/php/cli-php7.2/php.ini not found
2026-10-05 15:05:50 Test: checking presence /etc/php/cli-php7.3/php.ini
2026-10-05 15:05:50 Result: file /etc/php/cli-php7.3/php.ini not found
2026-10-05 15:05:50 Test: checking presence /etc/php/cli-php7.4/php.ini
2026-10-05 15:05:50 Result: file /etc/php/cli-php7.4/php.ini not found
2026-10-05 15:05:50 Test: checking presence /etc/php/cli-php8.0/php.ini
2026-10-05 15:05:50 Result: file /etc/php/cli-php8.0/php.ini not found
2026-10-05 15:05:50 Test: checking presence /etc/php/cli-php8.1/php.ini
2026-10-05 15:05:50 Result: file /etc/php/cli-php8.1/php.ini not found
2026-10-05 15:05:50 Test: checking presence /etc/php/cli-php8.2/php.ini
2026-10-05 15:05:50 Result: file /etc/php/cli-php8.2/php.ini not found
2026-10-05 15:05:50 Test: checking presence /etc/php/cli-php8.3/php.ini
2026-10-05 15:05:50 Result: file /etc/php/cli-php8.3/php.ini not found
2026-10-05 15:05:50 Test: checking presence /etc/php/cli-php8.4/php.ini
2026-10-05 15:05:50 Result: file /etc/php/cli-php8.4/php.ini not found
2026-10-05 15:05:50 Test: checking presence /etc/php/embed-php7.0/php.ini
2026-10-05 15:05:50 Result: file /etc/php/embed-php7.0/php.ini not found
2026-10-05 15:05:50 Test: checking presence /etc/php/embed-php7.1/php.ini
2026-10-05 15:05:50 Result: file /etc/php/embed-php7.1/php.ini not found
2026-10-05 15:05:50 Test: checking presence /etc/php/embed-php7.2/php.ini
2026-10-05 15:05:50 Result: file /etc/php/embed-php7.2/php.ini not found
2026-10-05 15:05:50 Test: checking presence /etc/php/embed-php7.3/php.ini
2026-10-05 15:05:50 Result: file /etc/php/embed-php7.3/php.ini not found
2026-10-05 15:05:50 Test: checking presence /etc/php/embed-php7.4/php.ini
2026-10-05 15:05:50 Result: file /etc/php/embed-php7.4/php.ini not found
2026-10-05 15:05:50 Test: checking presence /etc/php/embed-php8.0/php.ini
2026-10-05 15:05:50 Result: file /etc/php/embed-php8.0/php.ini not found
2026-10-05 15:05:50 Test: checking presence /etc/php/embed-php8.1/php.ini
2026-10-05 15:05:50 Result: file /etc/php/embed-php8.1/php.ini not found
2026-10-05 15:05:50 Test: checking presence /etc/php/embed-php8.2/php.ini
2026-10-05 15:05:50 Result: file /etc/php/embed-php8.2/php.ini not found
2026-10-05 15:05:50 Test: checking presence /etc/php/embed-php8.3/php.ini
2026-10-05 15:05:50 Result: file /etc/php/embed-php8.3/php.ini not found
2026-10-05 15:05:50 Test: checking presence /etc/php/embed-php8.4/php.ini
2026-10-05 15:05:50 Result: file /etc/php/embed-php8.4/php.ini not found
2026-10-05 15:05:50 Test: checking presence /etc/php/fpm-php7.0/php.ini
2026-10-05 15:05:50 Result: file /etc/php/fpm-php7.0/php.ini not found
2026-10-05 15:05:50 Test: checking presence /etc/php/fpm-php7.1/php.ini
2026-10-05 15:05:50 Result: file /etc/php/fpm-php7.1/php.ini not found
2026-10-05 15:05:50 Test: checking presence /etc/php/fpm-php7.2/php.ini
2026-10-05 15:05:50 Result: file /etc/php/fpm-php7.2/php.ini not found
2026-10-05 15:05:51 Test: checking presence /etc/php/fpm-php7.3/php.ini
2026-10-05 15:05:51 Result: file /etc/php/fpm-php7.3/php.ini not found
2026-10-05 15:05:51 Test: checking presence /etc/php/fpm-php7.4/php.ini
2026-10-05 15:05:51 Result: file /etc/php/fpm-php7.4/php.ini not found
2026-10-05 15:05:51 Test: checking presence /etc/php/fpm-php8.0/php.ini
2026-10-05 15:05:51 Result: file /etc/php/fpm-php8.0/php.ini not found
2026-10-05 15:05:51 Test: checking presence /etc/php/fpm-php8.1/php.ini
2026-10-05 15:05:51 Result: file /etc/php/fpm-php8.1/php.ini not found
2026-10-05 15:05:51 Test: checking presence /etc/php/fpm-php8.2/php.ini
2026-10-05 15:05:51 Result: file /etc/php/fpm-php8.2/php.ini not found
2026-10-05 15:05:51 Test: checking presence /etc/php/7.0/apache2/php.ini
2026-10-05 15:05:51 Result: file /etc/php/7.0/apache2/php.ini not found
2026-10-05 15:05:51 Test: checking presence /etc/php/7.1/apache2/php.ini
2026-10-05 15:05:51 Result: file /etc/php/7.1/apache2/php.ini not found
2026-10-05 15:05:51 Test: checking presence /etc/php/7.2/apache2/php.ini
2026-10-05 15:05:51 Result: file /etc/php/7.2/apache2/php.ini not found
2026-10-05 15:05:51 Test: checking presence /etc/php/7.3/apache2/php.ini
2026-10-05 15:05:51 Result: file /etc/php/7.3/apache2/php.ini not found
2026-10-05 15:05:51 Test: checking presence /etc/php/7.4/apache2/php.ini
2026-10-05 15:05:51 Result: file /etc/php/7.4/apache2/php.ini not found
2026-10-05 15:05:51 Test: checking presence /etc/php/8.0/apache2/php.ini
2026-10-05 15:05:51 Result: file /etc/php/8.0/apache2/php.ini not found
2026-10-05 15:05:51 Test: checking presence /etc/php/8.1/apache2/php.ini
2026-10-05 15:05:51 Result: file /etc/php/8.1/apache2/php.ini not found
2026-10-05 15:05:51 Test: checking presence /etc/php/8.2/apache2/php.ini
2026-10-05 15:05:51 Result: file /etc/php/8.2/apache2/php.ini not found
2026-10-05 15:05:51 Test: checking presence /etc/php/8.3/apache2/php.ini
2026-10-05 15:05:51 Result: file /etc/php/8.3/apache2/php.ini not found
2026-10-05 15:05:51 Test: checking presence /etc/php/8.4/apache2/php.ini
2026-10-05 15:05:51 Result: file /etc/php/8.4/apache2/php.ini not found
2026-10-05 15:05:51 Test: checking presence /etc/php/7.0/cli/php.ini
2026-10-05 15:05:51 Result: file /etc/php/7.0/cli/php.ini not found
2026-10-05 15:05:51 Test: checking presence /etc/php/7.0/fpm/php.ini
2026-10-05 15:05:51 Result: file /etc/php/7.0/fpm/php.ini not found
2026-10-05 15:05:51 Test: checking presence /etc/php/7.1/cli/php.ini
2026-10-05 15:05:51 Result: file /etc/php/7.1/cli/php.ini not found
2026-10-05 15:05:51 Test: checking presence /etc/php/7.1/fpm/php.ini
2026-10-05 15:05:51 Result: file /etc/php/7.1/fpm/php.ini not found
2026-10-05 15:05:51 Test: checking presence /etc/php/7.2/cli/php.ini
2026-10-05 15:05:51 Result: file /etc/php/7.2/cli/php.ini not found
2026-10-05 15:05:51 Test: checking presence /etc/php/7.2/fpm/php.ini
2026-10-05 15:05:51 Result: file /etc/php/7.2/fpm/php.ini not found
2026-10-05 15:05:51 Test: checking presence /etc/php/7.3/cli/php.ini
2026-10-05 15:05:51 Result: file /etc/php/7.3/cli/php.ini not found
2026-10-05 15:05:51 Test: checking presence /etc/php/7.3/fpm/php.ini
2026-10-05 15:05:51 Result: file /etc/php/7.3/fpm/php.ini not found
2026-10-05 15:05:51 Test: checking presence /etc/php/7.4/cli/php.ini
2026-10-05 15:05:51 Result: file /etc/php/7.4/cli/php.ini not found
2026-10-05 15:05:51 Test: checking presence /etc/php/7.4/fpm/php.ini
2026-10-05 15:05:51 Result: file /etc/php/7.4/fpm/php.ini not found
2026-10-05 15:05:51 Test: checking presence /etc/php/8.0/cli/php.ini
2026-10-05 15:05:51 Result: file /etc/php/8.0/cli/php.ini not found
2026-10-05 15:05:51 Test: checking presence /etc/php/8.0/fpm/php.ini
2026-10-05 15:05:51 Result: file /etc/php/8.0/fpm/php.ini not found
2026-10-05 15:05:51 Test: checking presence /etc/php/8.1/cli/php.ini
2026-10-05 15:05:51 Result: file /etc/php/8.1/cli/php.ini not found
2026-10-05 15:05:51 Test: checking presence /etc/php/8.1/fpm/php.ini
2026-10-05 15:05:51 Result: file /etc/php/8.1/fpm/php.ini not found
2026-10-05 15:05:51 Test: checking presence /etc/php/8.2/cli/php.ini
2026-10-05 15:05:51 Result: file /etc/php/8.2/cli/php.ini not found
2026-10-05 15:05:51 Test: checking presence /etc/php/8.2/fpm/php.ini
2026-10-05 15:05:51 Result: file /etc/php/8.2/fpm/php.ini not found
2026-10-05 15:05:51 Test: checking presence /etc/php/8.3/cli/php.ini
2026-10-05 15:05:51 Result: file /etc/php/8.3/cli/php.ini not found
2026-10-05 15:05:51 Test: checking presence /etc/php/8.3/fpm/php.ini
2026-10-05 15:05:51 Result: file /etc/php/8.3/fpm/php.ini not found
2026-10-05 15:05:51 Test: checking presence /etc/php/8.4/cli/php.ini
2026-10-05 15:05:51 Result: file /etc/php/8.4/cli/php.ini not found
2026-10-05 15:05:51 Test: checking presence /etc/php/8.4/fpm/php.ini
2026-10-05 15:05:51 Result: file /etc/php/8.4/fpm/php.ini not found
2026-10-05 15:05:51 Test: checking presence /opt/alt/php70/etc/php.ini
2026-10-05 15:05:51 Result: file /opt/alt/php70/etc/php.ini not found
2026-10-05 15:05:51 Test: checking presence /opt/alt/php71/etc/php.ini
2026-10-05 15:05:51 Result: file /opt/alt/php71/etc/php.ini not found
2026-10-05 15:05:51 Test: checking presence /opt/alt/php72/etc/php.ini
2026-10-05 15:05:51 Result: file /opt/alt/php72/etc/php.ini not found
2026-10-05 15:05:51 Test: checking presence /opt/alt/php73/etc/php.ini
2026-10-05 15:05:51 Result: file /opt/alt/php73/etc/php.ini not found
2026-10-05 15:05:51 Test: checking presence /opt/alt/php74/etc/php.ini
2026-10-05 15:05:51 Result: file /opt/alt/php74/etc/php.ini not found
2026-10-05 15:05:51 Test: checking presence /opt/alt/php80/etc/php.ini
2026-10-05 15:05:51 Result: file /opt/alt/php80/etc/php.ini not found
2026-10-05 15:05:51 Test: checking presence /opt/alt/php81/etc/php.ini
2026-10-05 15:05:51 Result: file /opt/alt/php81/etc/php.ini not found
2026-10-05 15:05:51 Test: checking presence /opt/alt/php82/etc/php.ini
2026-10-05 15:05:51 Result: file /opt/alt/php82/etc/php.ini not found
2026-10-05 15:05:51 Test: checking presence /opt/alt/php83/etc/php.ini
2026-10-05 15:05:51 Result: file /opt/alt/php83/etc/php.ini not found
2026-10-05 15:05:51 Test: checking presence /opt/alt/php84/etc/php.ini
2026-10-05 15:05:51 Result: file /opt/alt/php84/etc/php.ini not found
2026-10-05 15:05:51 Test: checking presence /opt/cpanel/ea-php70/root/etc/php.ini
2026-10-05 15:05:51 Result: file /opt/cpanel/ea-php70/root/etc/php.ini not found
2026-10-05 15:05:51 Test: checking presence /opt/cpanel/ea-php71/root/etc/php.ini
2026-10-05 15:05:51 Result: file /opt/cpanel/ea-php71/root/etc/php.ini not found
2026-10-05 15:05:51 Test: checking presence /opt/cpanel/ea-php72/root/etc/php.ini
2026-10-05 15:05:51 Result: file /opt/cpanel/ea-php72/root/etc/php.ini not found
2026-10-05 15:05:51 Test: checking presence /opt/cpanel/ea-php73/root/etc/php.ini
2026-10-05 15:05:51 Result: file /opt/cpanel/ea-php73/root/etc/php.ini not found
2026-10-05 15:05:51 Test: checking presence /opt/cpanel/ea-php74/root/etc/php.ini
2026-10-05 15:05:51 Result: file /opt/cpanel/ea-php74/root/etc/php.ini not found
2026-10-05 15:05:51 Test: checking presence /opt/cpanel/ea-php80/root/etc/php.ini
2026-10-05 15:05:51 Result: file /opt/cpanel/ea-php80/root/etc/php.ini not found
2026-10-05 15:05:51 Test: checking presence /opt/cpanel/ea-php81/root/etc/php.ini
2026-10-05 15:05:51 Result: file /opt/cpanel/ea-php81/root/etc/php.ini not found
2026-10-05 15:05:51 Test: checking presence /opt/cpanel/ea-php82/root/etc/php.ini
2026-10-05 15:05:51 Result: file /opt/cpanel/ea-php82/root/etc/php.ini not found
2026-10-05 15:05:51 Test: checking presence /opt/cpanel/ea-php83/root/etc/php.ini
2026-10-05 15:05:51 Result: file /opt/cpanel/ea-php83/root/etc/php.ini not found
2026-10-05 15:05:51 Test: checking presence /opt/cpanel/ea-php84/root/etc/php.ini
2026-10-05 15:05:51 Result: file /opt/cpanel/ea-php84/root/etc/php.ini not found
2026-10-05 15:05:51 Test: checking presence /private/etc/php.ini
2026-10-05 15:05:51 Result: file /private/etc/php.ini not found
2026-10-05 15:05:52 Test: checking presence /var/www/conf/php.ini
2026-10-05 15:05:52 Result: file /var/www/conf/php.ini not found
2026-10-05 15:05:52 Test: checking presence /usr/local/etc/php.ini
2026-10-05 15:05:52 Result: file /usr/local/etc/php.ini not found
2026-10-05 15:05:52 Test: checking presence /usr/local/lib/php.ini
2026-10-05 15:05:52 Result: file /usr/local/lib/php.ini not found
2026-10-05 15:05:52 Test: checking presence /usr/local/php70/lib/php.ini
2026-10-05 15:05:52 Result: file /usr/local/php70/lib/php.ini not found
2026-10-05 15:05:52 Test: checking presence /usr/local/php71/lib/php.ini
2026-10-05 15:05:52 Result: file /usr/local/php71/lib/php.ini not found
2026-10-05 15:05:52 Test: checking presence /usr/local/php72/lib/php.ini
2026-10-05 15:05:52 Result: file /usr/local/php72/lib/php.ini not found
2026-10-05 15:05:52 Test: checking presence /usr/local/php73/lib/php.ini
2026-10-05 15:05:52 Result: file /usr/local/php73/lib/php.ini not found
2026-10-05 15:05:52 Test: checking presence /usr/local/php74/lib/php.ini
2026-10-05 15:05:52 Result: file /usr/local/php74/lib/php.ini not found
2026-10-05 15:05:52 Test: checking presence /usr/local/php80/lib/php.ini
2026-10-05 15:05:52 Result: file /usr/local/php80/lib/php.ini not found
2026-10-05 15:05:52 Test: checking presence /usr/local/php81/lib/php.ini
2026-10-05 15:05:52 Result: file /usr/local/php81/lib/php.ini not found
2026-10-05 15:05:52 Test: checking presence /usr/local/php82/lib/php.ini
2026-10-05 15:05:52 Result: file /usr/local/php82/lib/php.ini not found
2026-10-05 15:05:52 Test: checking presence /usr/local/php83/lib/php.ini
2026-10-05 15:05:52 Result: file /usr/local/php83/lib/php.ini not found
2026-10-05 15:05:52 Test: checking presence /usr/local/php84/lib/php.ini
2026-10-05 15:05:52 Result: file /usr/local/php84/lib/php.ini not found
2026-10-05 15:05:52 Test: checking presence /usr/local/zend/etc/php.ini
2026-10-05 15:05:52 Result: file /usr/local/zend/etc/php.ini not found
2026-10-05 15:05:52 Test: checking presence /usr/pkg/etc/php.ini
2026-10-05 15:05:52 Result: file /usr/pkg/etc/php.ini not found
2026-10-05 15:05:52 Test: checking presence /etc/opt/remi/php56/php.ini
2026-10-05 15:05:52 Result: file /etc/opt/remi/php56/php.ini not found
2026-10-05 15:05:52 Test: checking presence /etc/opt/remi/php70/php.ini
2026-10-05 15:05:52 Result: file /etc/opt/remi/php70/php.ini not found
2026-10-05 15:05:52 Test: checking presence /etc/opt/remi/php71/php.ini
2026-10-05 15:05:52 Result: file /etc/opt/remi/php71/php.ini not found
2026-10-05 15:05:52 Test: checking presence /etc/opt/remi/php72/php.ini
2026-10-05 15:05:52 Result: file /etc/opt/remi/php72/php.ini not found
2026-10-05 15:05:52 Test: checking presence /etc/opt/remi/php73/php.ini
2026-10-05 15:05:52 Result: file /etc/opt/remi/php73/php.ini not found
2026-10-05 15:05:52 Test: checking presence /etc/opt/remi/php74/php.ini
2026-10-05 15:05:52 Result: file /etc/opt/remi/php74/php.ini not found
2026-10-05 15:05:52 Test: checking presence /etc/opt/remi/php80/php.ini
2026-10-05 15:05:52 Result: file /etc/opt/remi/php80/php.ini not found
2026-10-05 15:05:52 Test: checking presence /etc/opt/remi/php81/php.ini
2026-10-05 15:05:52 Result: file /etc/opt/remi/php81/php.ini not found
2026-10-05 15:05:52 Test: checking presence /etc/opt/remi/php82/php.ini
2026-10-05 15:05:52 Result: file /etc/opt/remi/php82/php.ini not found
2026-10-05 15:05:52 Test: checking presence /etc/opt/remi/php83/php.ini
2026-10-05 15:05:52 Result: file /etc/opt/remi/php83/php.ini not found
2026-10-05 15:05:52 Test: checking presence /etc/opt/remi/php84/php.ini
2026-10-05 15:05:52 Result: file /etc/opt/remi/php84/php.ini not found
2026-10-05 15:05:52 Result: no files found for /etc/php/7.0/cli/conf.d
2026-10-05 15:05:52 Result: no files found for /etc/php/7.1/cli/conf.d
2026-10-05 15:05:52 Result: no files found for /etc/php/7.2/cli/conf.d
2026-10-05 15:05:52 Result: no files found for /etc/php/7.3/cli/conf.d
2026-10-05 15:05:52 Result: no files found for /etc/php/7.4/cli/conf.d
2026-10-05 15:05:52 Result: no files found for /etc/php/7.0/fpm/conf.d
2026-10-05 15:05:52 Result: no files found for /etc/php/7.1/fpm/conf.d
2026-10-05 15:05:52 Result: no files found for /etc/php/7.2/fpm/conf.d
2026-10-05 15:05:52 Result: no files found for /etc/php/7.3/fpm/conf.d
2026-10-05 15:05:52 Result: no files found for /etc/php/7.4/fpm/conf.d
2026-10-05 15:05:52 Result: no files found for /etc/php/8.0/fpm/conf.d
2026-10-05 15:05:52 Result: no files found for /etc/php/8.1/fpm/conf.d
2026-10-05 15:05:52 Result: no files found for /etc/php/8.2/fpm/conf.d
2026-10-05 15:05:52 Result: no files found for /etc/php/8.3/fpm/conf.d
2026-10-05 15:05:52 Result: no files found for /etc/php/8.4/fpm/conf.d
2026-10-05 15:05:52 Result: no files found for /etc/php.d
2026-10-05 15:05:52 Result: no files found for /opt/cpanel/ea-php70/root/etc/php.d
2026-10-05 15:05:52 Result: no files found for /opt/cpanel/ea-php71/root/etc/php.d
2026-10-05 15:05:52 Result: no files found for /opt/cpanel/ea-php72/root/etc/php.d
2026-10-05 15:05:52 Result: no files found for /opt/cpanel/ea-php73/root/etc/php.d
2026-10-05 15:05:52 Result: no files found for /opt/cpanel/ea-php74/root/etc/php.d
2026-10-05 15:05:52 Result: no files found for /opt/cpanel/ea-php80/root/etc/php.d
2026-10-05 15:05:52 Result: no files found for /opt/cpanel/ea-php81/root/etc/php.d
2026-10-05 15:05:53 Result: no files found for /opt/cpanel/ea-php82/root/etc/php.d
2026-10-05 15:05:53 Result: no files found for /opt/cpanel/ea-php83/root/etc/php.d
2026-10-05 15:05:53 Result: no files found for /opt/cpanel/ea-php84/root/etc/php.d
2026-10-05 15:05:53 Result: no files found for /opt/alt/php70/etc/php.d.all
2026-10-05 15:05:53 Result: no files found for /opt/alt/php71/etc/php.d.all
2026-10-05 15:05:53 Result: no files found for /opt/alt/php72/etc/php.d.all
2026-10-05 15:05:53 Result: no files found for /opt/alt/php73/etc/php.d.all
2026-10-05 15:05:53 Result: no files found for /opt/alt/php74/etc/php.d.all
2026-10-05 15:05:53 Result: no files found for /opt/alt/php80/etc/php.d.all
2026-10-05 15:05:53 Result: no files found for /opt/alt/php81/etc/php.d.all
2026-10-05 15:05:53 Result: no files found for /opt/alt/php82/etc/php.d.all
2026-10-05 15:05:53 Result: no files found for /opt/alt/php83/etc/php.d.all
2026-10-05 15:05:53 Result: no files found for /opt/alt/php84/etc/php.d.all
2026-10-05 15:05:53 Result: no files found for /usr/local/lib/php.conf.d
2026-10-05 15:05:53 Result: no files found for /usr/local/php70/lib/php.conf.d
2026-10-05 15:05:53 Result: no files found for /usr/local/php71/lib/php.conf.d
2026-10-05 15:05:53 Result: no files found for /usr/local/php72/lib/php.conf.d
2026-10-05 15:05:53 Result: no files found for /usr/local/php73/lib/php.conf.d
2026-10-05 15:05:53 Result: no files found for /usr/local/php74/lib/php.conf.d
2026-10-05 15:05:53 Result: no files found for /usr/local/php80/lib/php.conf.d
2026-10-05 15:05:53 Result: no files found for /usr/local/php81/lib/php.conf.d
2026-10-05 15:05:53 Result: no files found for /usr/local/php82/lib/php.conf.d
2026-10-05 15:05:53 Result: no files found for /usr/local/php83/lib/php.conf.d
2026-10-05 15:05:53 Result: no files found for /usr/local/php84/lib/php.conf.d
2026-10-05 15:05:53 Result: no files found for /etc/php-7.0
2026-10-05 15:05:53 Result: no files found for /etc/php-7.1
2026-10-05 15:05:53 Result: no files found for /etc/php-7.2
2026-10-05 15:05:53 Result: no files found for /etc/php-7.3
2026-10-05 15:05:53 Result: no files found for /etc/php-7.4
2026-10-05 15:05:53 Result: no files found for /etc/php-8.0
2026-10-05 15:05:53 Result: no files found for /etc/php-8.1
2026-10-05 15:05:53 Result: no files found for /etc/php-8.2
2026-10-05 15:05:53 Result: no files found for /etc/php-8.3
2026-10-05 15:05:53 Result: no files found for /etc/php-8.4
2026-10-05 15:05:53 Result: no php.ini file found
2026-10-05 15:05:53 ====
2026-10-05 15:05:53 Skipped test PHP-2320 (Check PHP disabled functions)
2026-10-05 15:05:53 Reason to skip: Prerequisites not met (ie missing tool, other type of Linux distribution)
2026-10-05 15:05:53 ====
2026-10-05 15:05:53 Skipped test PHP-2368 (Check PHP register_globals option)
2026-10-05 15:05:53 Reason to skip: Prerequisites not met (ie missing tool, other type of Linux distribution)
2026-10-05 15:05:53 ====
2026-10-05 15:05:53 Skipped test PHP-2372 (Check PHP expose_php option)
2026-10-05 15:05:53 Reason to skip: Prerequisites not met (ie missing tool, other type of Linux distribution)
2026-10-05 15:05:53 ====
2026-10-05 15:05:53 Skipped test PHP-2374 (Check PHP enable_dl option)
2026-10-05 15:05:53 Reason to skip: Prerequisites not met (ie missing tool, other type of Linux distribution)
2026-10-05 15:05:53 ====
2026-10-05 15:05:54 Skipped test PHP-2376 (Check PHP allow_url_fopen option)
2026-10-05 15:05:54 Reason to skip: Prerequisites not met (ie missing tool, other type of Linux distribution)
2026-10-05 15:05:54 ====
2026-10-05 15:05:54 Skipped test PHP-2378 (Check PHP allow_url_include option)
2026-10-05 15:05:54 Reason to skip: Prerequisites not met (ie missing tool, other type of Linux distribution)
2026-10-05 15:05:54 ====
2026-10-05 15:05:54 Skipped test PHP-2382 (Check PHP expose_php option)
2026-10-05 15:05:54 Reason to skip: Prerequisites not met (ie missing tool, other type of Linux distribution)
2026-10-05 15:05:54 Security check: file is normal
2026-10-05 15:05:54 Checking permissions of /usr/share/lynis/include/tests_squid
2026-10-05 15:05:54 File permissions are OK
2026-10-05 15:05:54 ====
2026-10-05 15:05:54 Action: Performing tests from category: Prise en charge Squid
2026-10-05 15:05:54 ====
2026-10-05 15:05:54 Performing test ID SQD-3602 (Check for running Squid daemon)
2026-10-05 15:05:54 Test: Searching for a Squid daemon
2026-10-05 15:05:54 Result: No running Squid daemon found
2026-10-05 15:05:54 ====
2026-10-05 15:05:54 Skipped test SQD-3604 (Check Squid daemon file location)
2026-10-05 15:05:54 Reason to skip: Prerequisites not met (ie missing tool, other type of Linux distribution)
2026-10-05 15:05:54 ====
2026-10-05 15:05:54 Skipped test SQD-3606 (Check Squid version)
2026-10-05 15:05:54 Reason to skip: Prerequisites not met (ie missing tool, other type of Linux distribution)
2026-10-05 15:05:54 ====
2026-10-05 15:05:54 Skipped test SQD-3610 (Gather Squid settings)
2026-10-05 15:05:54 Reason to skip: Prerequisites not met (ie missing tool, other type of Linux distribution)
2026-10-05 15:05:54 ====
2026-10-05 15:05:54 Skipped test SQD-3613 (Check Squid file permissions)
2026-10-05 15:05:54 Reason to skip: Prerequisites not met (ie missing tool, other type of Linux distribution)
2026-10-05 15:05:54 ====
2026-10-05 15:05:54 Skipped test SQD-3614 (Check Squid authentication methods)
2026-10-05 15:05:54 Reason to skip: Prerequisites not met (ie missing tool, other type of Linux distribution)
2026-10-05 15:05:54 ====
2026-10-05 15:05:54 Skipped test SQD-3616 (Check external Squid authentication)
2026-10-05 15:05:54 Reason to skip: Prerequisites not met (ie missing tool, other type of Linux distribution)
2026-10-05 15:05:54 ====
2026-10-05 15:05:54 Skipped test SQD-3620 (Check Squid access control lists)
2026-10-05 15:05:54 Reason to skip: Prerequisites not met (ie missing tool, other type of Linux distribution)
2026-10-05 15:05:54 ====
2026-10-05 15:05:55 Skipped test SQD-3624 (Check Squid safe ports)
2026-10-05 15:05:55 Reason to skip: Prerequisites not met (ie missing tool, other type of Linux distribution)
2026-10-05 15:05:55 ====
2026-10-05 15:05:55 Skipped test SQD-3630 (Check Squid reply_body_max_size option)
2026-10-05 15:05:55 Reason to skip: Prerequisites not met (ie missing tool, other type of Linux distribution)
2026-10-05 15:05:55 ====
2026-10-05 15:05:55 Skipped test SQD-3680 (Check Squid version suppression)
2026-10-05 15:05:55 Reason to skip: Prerequisites not met (ie missing tool, other type of Linux distribution)
2026-10-05 15:05:55 Security check: file is normal
2026-10-05 15:05:55 Checking permissions of /usr/share/lynis/include/tests_logging
2026-10-05 15:05:55 File permissions are OK
2026-10-05 15:05:55 ====
2026-10-05 15:05:55 Action: Performing tests from category: Journalisation et fichiers
2026-10-05 15:05:55 ====
2026-10-05 15:05:55 Performing test ID LOGG-2130 (Check for running syslog daemon)
2026-10-05 15:05:55 Test: Searching for a logging daemon
2026-10-05 15:05:55 Result: Found a logging daemon
2026-10-05 15:05:55 Hardening: assigned maximum number of hardening points for this item (3). Currently having 178 points (out of 249)
2026-10-05 15:05:55 ====
2026-10-05 15:05:55 Performing test ID LOGG-2132 (Check for running syslog-ng daemon)
2026-10-05 15:05:55 Test: Searching for syslog-ng daemon in process list
2026-10-05 15:05:55 Performing pgrep scan without uid
2026-10-05 15:05:55 IsRunning: process 'syslog-ng' not found
2026-10-05 15:05:55 Result: Syslog-ng NOT found in process list
2026-10-05 15:05:55 ====
2026-10-05 15:05:55 Skipped test LOGG-2134 (Checking Syslog-NG configuration file consistency)
2026-10-05 15:05:55 Reason to skip: Prerequisites not met (ie missing tool, other type of Linux distribution)
2026-10-05 15:05:55 ====
2026-10-05 15:05:55 Performing test ID LOGG-2136 (Check for running systemd journal daemon)
2026-10-05 15:05:55 Test: Searching for systemd journal daemon in process list
2026-10-05 15:05:55 Performing pgrep scan without uid
2026-10-05 15:05:55 IsRunning: process 'systemd-journal' found (756 )
2026-10-05 15:05:55 ====
2026-10-05 15:05:55 Performing test ID LOGG-2210 (Check for running metalog daemon)
2026-10-05 15:05:55 Test: Searching for metalog daemon in process list
2026-10-05 15:05:55 Performing pgrep scan without uid
2026-10-05 15:05:56 IsRunning: process 'metalog' not found
2026-10-05 15:05:56 Result: metalog NOT found in process list
2026-10-05 15:05:56 ====
2026-10-05 15:05:56 Performing test ID LOGG-2230 (Check for running RSyslog daemon)
2026-10-05 15:05:56 Test: Searching for RSyslog daemon in process list
2026-10-05 15:05:56 Performing pgrep scan without uid
2026-10-05 15:05:56 IsRunning: process 'rsyslogd' found (1108 )
2026-10-05 15:05:56 Result: Found rsyslogd in process list
2026-10-05 15:05:56 ====
2026-10-05 15:05:56 Performing test ID LOGG-2240 (Check for running RFC 3195 compliant daemon)
2026-10-05 15:05:56 Test: Searching for RFC 3195 daemon (alias syslog reliable) in process list
2026-10-05 15:05:56 Performing pgrep scan without uid
2026-10-05 15:05:56 IsRunning: process 'rfc3195d' not found
2026-10-05 15:05:56 Result: rfc3195d NOT found in process list
2026-10-05 15:05:56 ====
2026-10-05 15:05:56 Performing test ID LOGG-2138 (Checking kernel logger daemon on Linux)
2026-10-05 15:05:56 Test: Searching kernel logger daemon (klogd)
2026-10-05 15:05:56 Result: test skipped, because other facility is being used to log kernel messages
2026-10-05 15:05:56 ====
2026-10-05 15:05:56 Performing test ID LOGG-2142 (Checking minilog daemon)
2026-10-05 15:05:56 Result: Checking for unkilled minilogd instances
2026-10-05 15:05:56 Performing pgrep scan without uid
2026-10-05 15:05:56 IsRunning: process 'minilogd' not found
2026-10-05 15:05:56 Result: No minilogd is running
2026-10-05 15:05:56 ====
2026-10-05 15:05:56 Performing test ID LOGG-2144 (Checking wazuh-agent)
2026-10-05 15:05:56 Result: Searching for wazuh-agent instances in the process list
2026-10-05 15:05:56 Performing pgrep scan without uid
2026-10-05 15:05:56 IsRunning: process 'wazuh-agentd' not found
2026-10-05 15:05:56 Result: wazuh-agent NOT found in process list
2026-10-05 15:05:56 ====
2026-10-05 15:05:56 Performing test ID LOGG-2146 (Checking logrotate.conf and logrotate.d)
2026-10-05 15:05:56 Test: Checking for /etc/logrotate.conf
2026-10-05 15:05:56 Result: /etc/logrotate.conf found (file)
2026-10-05 15:05:56 Test: Checking for /etc/logrotate.d (directory)
2026-10-05 15:05:56 Result: /etc/logrotate.d found
2026-10-05 15:05:56 Result: logrotate configuration found
2026-10-05 15:05:56 ====
2026-10-05 15:05:56 Performing test ID LOGG-2148 (Checking logrotated files)
2026-10-05 15:05:56 Test: Checking which files are rotated with logrotate and if they exist
2026-10-05 15:05:57 Result: found one or more files which are rotated via logrotate
2026-10-05 15:05:57 Output: File:/var/log/iscsiuio.log:does_not_exist
2026-10-05 15:05:57 Output: File:/var/log/kvm_stat.csv:does_not_exist
2026-10-05 15:05:57 Output: File:/var/log/wpa_supplicant.log:does_not_exist
2026-10-05 15:05:57 Output: File:/var/account/pacct:exists
2026-10-05 15:05:57 Output: File:/var/log/boot.log:exists
2026-10-05 15:05:57 Output: File:/var/log/btmp:exists
2026-10-05 15:05:57 Output: File:/var/log/cron:exists
2026-10-05 15:05:57 Output: File:/var/log/firewalld:exists
2026-10-05 15:05:57 Output: File:/var/log/hawkey.log:exists
2026-10-05 15:05:57 Output: File:/var/log/insights-client/insights-client.log:exists
2026-10-05 15:05:57 Output: File:/var/log/iscsiuio.log:exists
2026-10-05 15:05:57 Output: File:/var/log/kvm_stat.csv:exists
2026-10-05 15:05:57 Output: File:/var/log/maillog:exists
2026-10-05 15:05:57 Output: File:/var/log/messages:exists
2026-10-05 15:05:57 Output: File:/var/log/rhsm/rhsm.log:exists
2026-10-05 15:05:57 Output: File:/var/log/rhsm/rhsmcertd.log:exists
2026-10-05 15:05:57 Output: File:/var/log/secure:exists
2026-10-05 15:05:57 Output: File:/var/log/spooler:exists
2026-10-05 15:05:57 Output: File:/var/log/sssd/sssd_kcm.log:exists
2026-10-05 15:05:57 Output: File:/var/log/wpa_supplicant.log:exists
2026-10-05 15:05:57 Output: File:/var/log/wtmp:exists
2026-10-05 15:05:57 ====
2026-10-05 15:05:57 Performing test ID LOGG-2150 (Checking directories in logrotate configuration)
2026-10-05 15:05:57 Test: Checking which directories can be found in logrotate configuration
2026-10-05 15:05:57 Result: found one or more directories (via logrotate configuration)
2026-10-05 15:05:57 Directory found: /var/account
2026-10-05 15:05:57 Directory found: /var/log
2026-10-05 15:05:57 Directory found: /var/log/insights-client
2026-10-05 15:05:57 Directory found: /var/log/rhsm
2026-10-05 15:05:57 Directory found: /var/log/sssd
2026-10-05 15:05:57 ====
2026-10-05 15:05:57 Skipped test LOGG-2152 (Checking loghost)
2026-10-05 15:05:57 Reason to skip: Incorrect guest OS (Solaris only)
2026-10-05 15:05:57 ====
2026-10-05 15:05:57 Skipped test LOGG-2153 (Checking loghost is localhost)
2026-10-05 15:05:57 Reason to skip: Prerequisites not met (ie missing tool, other type of Linux distribution)
2026-10-05 15:05:57 ====
2026-10-05 15:05:57 Performing test ID LOGG-2154 (Checking syslog configuration file)
2026-10-05 15:05:57 Test: analyzing file /etc/rsyslog.conf for remote target
2026-10-05 15:05:57 Result: no remote target found
2026-10-05 15:05:57 Result: no remote logging found
2026-10-05 15:05:57 Suggestion: Enable logging to an external logging host for archiving purposes and additional protection [test:LOGG-2154] [details:-] [solution:-]
2026-10-05 15:05:57 Hardening: assigned partial number of hardening points (1 of 3). Currently having 179 points (out of 252)
2026-10-05 15:05:57 ====
2026-10-05 15:05:57 Skipped test LOGG-2160 (Checking /etc/newsyslog.conf)
2026-10-05 15:05:57 Reason to skip: Prerequisites not met (ie missing tool, other type of Linux distribution)
2026-10-05 15:05:57 ====
2026-10-05 15:05:57 Skipped test LOGG-2162 (Checking directories in /etc/newsyslog.conf)
2026-10-05 15:05:57 Reason to skip: Prerequisites not met (ie missing tool, other type of Linux distribution)
2026-10-05 15:05:57 ====
2026-10-05 15:05:57 Skipped test LOGG-2164 (Checking files specified /etc/newsyslog.conf)
2026-10-05 15:05:58 Reason to skip: Prerequisites not met (ie missing tool, other type of Linux distribution)
2026-10-05 15:05:58 ====
2026-10-05 15:05:58 Performing test ID LOGG-2170 (Checking log paths)
2026-10-05 15:05:58 Test: Searching log paths
2026-10-05 15:05:58 Result: directory /var/log exists
2026-10-05 15:05:58 Result: directory /var/adm exists
2026-10-05 15:05:58 ====
2026-10-05 15:05:58 Performing test ID LOGG-2180 (Checking open log files)
2026-10-05 15:05:58 Test: checking open log files with lsof
2026-10-05 15:05:58 Found logfile: /home/eya/.local/share/gvfs-metadata/root-c32d5867.log
2026-10-05 15:05:58 Found logfile: /usr/sbin/mcelog
2026-10-05 15:05:58 Found logfile: /var/log/audit/audit.log
2026-10-05 15:05:58 Found logfile: /var/log/rhsm/rhsm.log
2026-10-05 15:05:58 Found logfile: /var/log/sssd/sssd_kcm.log
2026-10-05 15:05:58 Found logfile: /var/log/tuned/tuned-ppd.log
2026-10-05 15:05:58 Found logfile: /var/log/tuned/tuned.log
2026-10-05 15:05:58 Found logfile: /var/log/vmware-vmsvc-root.log
2026-10-05 15:05:58 Found logfile: /var/log/vmware-vmusr-eya.log
2026-10-05 15:05:58 ====
2026-10-05 15:05:58 Performing test ID LOGG-2190 (Checking for deleted files in use)
2026-10-05 15:05:58 Test: checking deleted files that are still in use
2026-10-05 15:05:59 Result: found one or more files which are deleted, but still in use
2026-10-05 15:05:59 Found deleted file: /home/eya/.local/share/gvfs-metadata/root(gnome-she)
2026-10-05 15:05:59 Found deleted file: /home/eya/.local/share/gvfs-metadata/root-e16d21bc.log(gnome-she)
2026-10-05 15:05:59 Found deleted file: /memfd:dbus-broker-log(dbus-brok)
2026-10-05 15:05:59 Found deleted file: /memfd:libffi(firewalld)
2026-10-05 15:05:59 Found deleted file: /memfd:libffi(gjs)
2026-10-05 15:05:59 Found deleted file: /memfd:libffi(gnome-she)
2026-10-05 15:05:59 Found deleted file: /memfd:libffi(rhsm-serv)
2026-10-05 15:05:59 Found deleted file: /memfd:mutter-shared(gnome-she)
2026-10-05 15:05:59 Found deleted file: /memfd:pipewire-memfd:flags=0x0000000f,type=2,size=2312(pipewire)
2026-10-05 15:05:59 Found deleted file: /memfd:pipewire-memfd:flags=0x0000000f,type=2,size=2312(wireplumb)
2026-10-05 15:05:59 Found deleted file: /memfd:pipewire-memfd:flags=0x0000000f,type=2,size=4096(pipewire)
2026-10-05 15:05:59 Found deleted file: /memfd:pulseaudio(gnome-she)
2026-10-05 15:05:59 Found deleted file: /memfd:pulseaudio(gsd-media)
2026-10-05 15:05:59 Found deleted file: /memfd:wayland-cursor(evolution)
2026-10-05 15:05:59 Found deleted file: /memfd:wayland-cursor(gnome-sof)
2026-10-05 15:05:59 Found deleted file: /memfd:wayland-cursor(gnome-ter)
2026-10-05 15:05:59 Found deleted file: /memfd:wayland-cursor(gsd-color)
2026-10-05 15:05:59 Found deleted file: /memfd:wayland-cursor(gsd-keybo)
2026-10-05 15:05:59 Found deleted file: /memfd:wayland-cursor(gsd-media)
2026-10-05 15:05:59 Found deleted file: /memfd:wayland-cursor(gsd-power)
2026-10-05 15:05:59 Found deleted file: /memfd:wayland-cursor(gsd-subma)
2026-10-05 15:05:59 Found deleted file: /memfd:wayland-cursor(gsd-wacom)
2026-10-05 15:05:59 Found deleted file: /memfd:wayland-cursor(ibus-exte)
2026-10-05 15:05:59 Found deleted file: /memfd:wayland-cursor(xdg-deskt)
2026-10-05 15:05:59 Found deleted file: /tmp/#35462066(gnome-ter)
2026-10-05 15:05:59 Suggestion: Check what deleted files are still in use and why. [test:LOGG-2190] [details:-] [solution:-]
2026-10-05 15:05:59 ====
2026-10-05 15:05:59 Performing test ID LOGG-2192 (Checking for open log files that are empty)
2026-10-05 15:06:00 Result: all opened log files are bigger than zero bytes in size
2026-10-05 15:06:00 Security check: file is normal
2026-10-05 15:06:00 Checking permissions of /usr/share/lynis/include/tests_insecure_services
2026-10-05 15:06:00 File permissions are OK
2026-10-05 15:06:00 ====
2026-10-05 15:06:00 Action: Performing tests from category: Services non sécurisés
2026-10-05 15:06:00 ====
2026-10-05 15:06:00 Performing test ID INSE-8000 (Installed inetd package)
2026-10-05 15:06:00 Test: Checking if inetd is installed
2026-10-05 15:06:02 Result: inetd is NOT installed
2026-10-05 15:06:02 ====
2026-10-05 15:06:02 Skipped test INSE-8002 (Check for enabled inet daemon)
2026-10-05 15:06:02 Reason to skip: Prerequisites not met (ie missing tool, other type of Linux distribution)
2026-10-05 15:06:02 ====
2026-10-05 15:06:02 Skipped test INSE-8004 (Presence of inetd configuration file)
2026-10-05 15:06:02 Reason to skip: Prerequisites not met (ie missing tool, other type of Linux distribution)
2026-10-05 15:06:02 ====
2026-10-05 15:06:02 Skipped test INSE-8006 (Check configuration of inetd when disabled)
2026-10-05 15:06:03 Reason to skip: Prerequisites not met (ie missing tool, other type of Linux distribution)
2026-10-05 15:06:03 ====
2026-10-05 15:06:03 Skipped test INSE-8016 (Check for telnet via inetd)
2026-10-05 15:06:03 Reason to skip: Prerequisites not met (ie missing tool, other type of Linux distribution)
2026-10-05 15:06:03 ====
2026-10-05 15:06:03 Performing test ID INSE-8100 (Check for installed xinetd daemon)
2026-10-05 15:06:03 Test: Checking for installed xinetd daemon
2026-10-05 15:06:04 Result: xinetd is NOT installed
2026-10-05 15:06:04 ====
2026-10-05 15:06:04 Performing test ID INSE-8102 (Check for active xinet daemon)
2026-10-05 15:06:04 Test: Searching for active extended internet services daemon (xinetd)
2026-10-05 15:06:04 Performing pgrep scan without uid
2026-10-05 15:06:04 IsRunning: process 'xinetd' not found
2026-10-05 15:06:04 Result: xinetd is NOT running
2026-10-05 15:06:04 ====
2026-10-05 15:06:04 Skipped test INSE-8104 (Check for enabled xinet daemon)
2026-10-05 15:06:04 Reason to skip: Prerequisites not met (ie missing tool, other type of Linux distribution)
2026-10-05 15:06:04 ====
2026-10-05 15:06:04 Skipped test INSE-8106 (Check configuration of xinetd when disabled)
2026-10-05 15:06:04 Reason to skip: Prerequisites not met (ie missing tool, other type of Linux distribution)
2026-10-05 15:06:04 ====
2026-10-05 15:06:04 Skipped test INSE-8116 (Insecure services enabled via xinetd)
2026-10-05 15:06:04 Reason to skip: Prerequisites not met (ie missing tool, other type of Linux distribution)
2026-10-05 15:06:04 ====
2026-10-05 15:06:04 Skipped test INSE-8200 (Check if tcp_wrappers is installed when inetd/xinetd is active)
2026-10-05 15:06:04 Reason to skip: Prerequisites not met (ie missing tool, other type of Linux distribution)
2026-10-05 15:06:04 ====
2026-10-05 15:06:04 Performing test ID INSE-8300 (Check if rsh client is installed)
2026-10-05 15:06:04 Test: Checking if rsh client is installed
2026-10-05 15:06:08 Result: rsh client is NOT installed
2026-10-05 15:06:08 ====
2026-10-05 15:06:08 Performing test ID INSE-8304 (Check if rsh server is installed)
2026-10-05 15:06:08 Test: Checking if rsh server is installed
2026-10-05 15:06:11 Result: rsh server is NOT installed
2026-10-05 15:06:11 ====
2026-10-05 15:06:11 Performing test ID INSE-8310 (Check if telnet client is installed)
2026-10-05 15:06:11 Test: Checking if telnet client is installed
2026-10-05 15:06:12 Result: telnet client is NOT installed
2026-10-05 15:06:12 ====
2026-10-05 15:06:12 Performing test ID INSE-8322 (Check if telnet server is installed)
2026-10-05 15:06:12 Test: Checking if telnet server is installed
2026-10-05 15:06:14 Result: telnet server is NOT installed
2026-10-05 15:06:14 ====
2026-10-05 15:06:15 Performing test ID INSE-8314 (Check if NIS client is installed)
2026-10-05 15:06:15 Test: Checking if NIS client is installed
2026-10-05 15:06:17 Result: NIS client is NOT installed
2026-10-05 15:06:17 ====
2026-10-05 15:06:17 Performing test ID INSE-8316 (Check if NIS server is installed)
2026-10-05 15:06:17 Test: Checking if NIS server is installed
2026-10-05 15:06:20 Result: NIS server is NOT installed
2026-10-05 15:06:20 ====
2026-10-05 15:06:20 Performing test ID INSE-8318 (Check if TFTP client is installed)
2026-10-05 15:06:20 Test: Checking if TFTP client is installed
2026-10-05 15:06:23 Result: TFTP client is NOT installed
2026-10-05 15:06:23 ====
2026-10-05 15:06:23 Performing test ID INSE-8320 (Check if TFTP server is installed)
2026-10-05 15:06:23 Test: Checking if TFTP server is installed
2026-10-05 15:06:28 Result: TFTP server is NOT installed
2026-10-05 15:06:28 ====
2026-10-05 15:06:28 Skipped test INSE-8050 (Check for insecure services on macOS)
2026-10-05 15:06:28 Reason to skip: Incorrect guest OS (macOS only)
2026-10-05 15:06:28 Security check: file is normal
2026-10-05 15:06:28 Checking permissions of /usr/share/lynis/include/tests_banners
2026-10-05 15:06:28 File permissions are OK
2026-10-05 15:06:28 ====
2026-10-05 15:06:28 Action: Performing tests from category: Bannières et identification
2026-10-05 15:06:28 ====
2026-10-05 15:06:28 Skipped test BANN-7113 (Check COPYRIGHT banner file)
2026-10-05 15:06:28 Reason to skip: Incorrect guest OS (FreeBSD only)
2026-10-05 15:06:28 ====
2026-10-05 15:06:28 Performing test ID BANN-7124 (Check issue banner file)
2026-10-05 15:06:28 Test: Checking file /etc/issue
2026-10-05 15:06:29 ====
2026-10-05 15:06:29 Performing test ID BANN-7126 (Check issue banner file contents)
2026-10-05 15:06:29 Test: Checking file /etc/issue contents for legal key words
2026-10-05 15:06:29 Result: Found only 0 key words (5 or more suggested), to warn unauthorized users and could be increased
2026-10-05 15:06:29 Suggestion: Add a legal banner to /etc/issue, to warn unauthorized users [test:BANN-7126] [details:-] [solution:-]
2026-10-05 15:06:29 Hardening: assigned partial number of hardening points (0 of 1). Currently having 179 points (out of 253)
2026-10-05 15:06:29 ====
2026-10-05 15:06:29 Performing test ID BANN-7128 (Check issue.net banner file)
2026-10-05 15:06:29 Test: Checking file /etc/issue.net
2026-10-05 15:06:29 Result: file /etc/issue.net exists
2026-10-05 15:06:29 ====
2026-10-05 15:06:29 Performing test ID BANN-7130 (Check issue.net banner file contents)
2026-10-05 15:06:29 Test: Checking file /etc/issue.net contents for legal key words
2026-10-05 15:06:29 Result: Found only 0 key words, to warn unauthorized users and could be increased
2026-10-05 15:06:29 Suggestion: Add legal banner to /etc/issue.net, to warn unauthorized users [test:BANN-7130] [details:-] [solution:-]
2026-10-05 15:06:29 Hardening: assigned partial number of hardening points (0 of 1). Currently having 179 points (out of 254)
2026-10-05 15:06:29 Security check: file is normal
2026-10-05 15:06:29 Checking permissions of /usr/share/lynis/include/tests_scheduling
2026-10-05 15:06:30 File permissions are OK
2026-10-05 15:06:30 ====
2026-10-05 15:06:30 Action: Performing tests from category: Tâches planifiées
2026-10-05 15:06:30 ====
2026-10-05 15:06:30 Performing test ID SCHD-7702 (Check status of cron daemon)
2026-10-05 15:06:30 Result: cron daemon running
2026-10-05 15:06:30 ====
2026-10-05 15:06:30 Performing test ID SCHD-7704 (Check crontab/cronjobs)
2026-10-05 15:06:30 Test: checking directory /etc/cron.d
2026-10-05 15:06:30 Test: check if we can access /etc/cron.d (escaped: /etc/cron.d)
2026-10-05 15:06:30 Result: file is owned by our current user ID (0), checking if it is readable
2026-10-05 15:06:30 Result: file /etc/cron.d is readable (or directory accessible).
2026-10-05 15:06:30 Result: found directory /etc/cron.d
2026-10-05 15:06:30 Test: searching files in /etc/cron.d
2026-10-05 15:06:30 Result: found one or more files in /etc/cron.d. Analyzing files..
2026-10-05 15:06:30 Result: Found cronjob (/etc/cron.d/0hourly): 01,*,*,*,*,root,run-parts,/etc/cron.hourly
2026-10-05 15:06:30 Result: done with analyzing files in /etc/cron.d
2026-10-05 15:06:30 Test: checking directory /etc/cron.hourly
2026-10-05 15:06:30 Result: found directory /etc/cron.hourly
2026-10-05 15:06:30 Test: check if we can access /etc/cron.hourly (escaped: /etc/cron.hourly)
2026-10-05 15:06:30 Result: file is owned by our current user ID (0), checking if it is readable
2026-10-05 15:06:30 Result: file /etc/cron.hourly is readable (or directory accessible).
2026-10-05 15:06:30 Test: searching files in /etc/cron.hourly
2026-10-05 15:06:30 Result: found one or more files in /etc/cron.hourly. Analyzing files..
2026-10-05 15:06:30 Result: Found cronjob (/etc/cron.hourly): /etc/cron.hourly/0anacron
2026-10-05 15:06:30 Result: done with analyzing files in /etc/cron.hourly
2026-10-05 15:06:30 Test: checking directory /etc/cron.daily
2026-10-05 15:06:30 Result: found directory /etc/cron.daily
2026-10-05 15:06:30 Test: check if we can access /etc/cron.daily (escaped: /etc/cron.daily)
2026-10-05 15:06:30 Result: file is owned by our current user ID (0), checking if it is readable
2026-10-05 15:06:30 Result: file /etc/cron.daily is readable (or directory accessible).
2026-10-05 15:06:30 Test: searching files in /etc/cron.daily
2026-10-05 15:06:30 Result: no files found in /etc/cron.daily
2026-10-05 15:06:30 Test: checking directory /etc/cron.weekly
2026-10-05 15:06:30 Result: found directory /etc/cron.weekly
2026-10-05 15:06:30 Test: check if we can access /etc/cron.weekly (escaped: /etc/cron.weekly)
2026-10-05 15:06:30 Result: file is owned by our current user ID (0), checking if it is readable
2026-10-05 15:06:30 Result: file /etc/cron.weekly is readable (or directory accessible).
2026-10-05 15:06:30 Test: searching files in /etc/cron.weekly
2026-10-05 15:06:30 Result: no files found in /etc/cron.weekly
2026-10-05 15:06:30 Test: checking directory /etc/cron.monthly
2026-10-05 15:06:30 Result: found directory /etc/cron.monthly
2026-10-05 15:06:31 Test: check if we can access /etc/cron.monthly (escaped: /etc/cron.monthly)
2026-10-05 15:06:31 Result: file is owned by our current user ID (0), checking if it is readable
2026-10-05 15:06:31 Result: file /etc/cron.monthly is readable (or directory accessible).
2026-10-05 15:06:31 Test: searching files in /etc/cron.monthly
2026-10-05 15:06:31 Result: no files found in /etc/cron.monthly
2026-10-05 15:06:31 Test: checking anacrontab
2026-10-05 15:06:31 Found anacron job (/etc/anacrontab): 1,5,cron.daily,nice,run-parts,/etc/cron.daily
2026-10-05 15:06:31 Found anacron job (/etc/anacrontab): 7,25,cron.weekly,nice,run-parts,/etc/cron.weekly
2026-10-05 15:06:31 Found anacron job (/etc/anacrontab): @monthly,45,cron.monthly,nice,run-parts,/etc/cron.monthly
2026-10-05 15:06:31 ====
2026-10-05 15:06:31 Performing test ID SCHD-7718 (Check at users)
2026-10-05 15:06:31 Test: Checking atd status
2026-10-05 15:06:31 Result: at daemon active
2026-10-05 15:06:31 ====
2026-10-05 15:06:31 Performing test ID SCHD-7720 (Check at users)
2026-10-05 15:06:31 Test: checking for file /etc/at.allow
2026-10-05 15:06:31 Result: file /etc/at.allow does not exist
2026-10-05 15:06:31 Test: checking for file /etc/at.deny
2026-10-05 15:06:31 Test: check if we can access /etc/at.deny (escaped: /etc/at.deny)
2026-10-05 15:06:31 Result: file is owned by our current user ID (0), checking if it is readable
2026-10-05 15:06:31 Result: file /etc/at.deny is readable (or directory accessible).
2026-10-05 15:06:31 Result: file /etc/at.deny exists, only non listed users can schedule at jobs
2026-10-05 15:06:31 Result: file is empty, no users are denied access to schedule jobs
2026-10-05 15:06:31 ====
2026-10-05 15:06:31 Performing test ID SCHD-7724 (Check at jobs)
2026-10-05 15:06:31 Test: Check scheduled at jobs
2026-10-05 15:06:31 Result: no pending at jobs
2026-10-05 15:06:31 Result: no scheduled Lynis execution found (e.g. crontab, cronjob)
2026-10-05 15:06:31 Security check: file is normal
2026-10-05 15:06:31 Checking permissions of /usr/share/lynis/include/tests_accounting
2026-10-05 15:06:31 File permissions are OK
2026-10-05 15:06:31 ====
2026-10-05 15:06:31 Action: Performing tests from category: Comptes
2026-10-05 15:06:31 ====
2026-10-05 15:06:31 Skipped test ACCT-2754 (Check for available FreeBSD accounting information)
2026-10-05 15:06:31 Reason to skip: Incorrect guest OS (FreeBSD only)
2026-10-05 15:06:31 ====
2026-10-05 15:06:32 Skipped test ACCT-2760 (Check for available OpenBSD accounting information)
2026-10-05 15:06:32 Reason to skip: Incorrect guest OS (OpenBSD only)
2026-10-05 15:06:32 ====
2026-10-05 15:06:32 Performing test ID ACCT-9622 (Check for available Linux accounting information)
2026-10-05 15:06:32 Test: Check accounting information
2026-10-05 15:06:32 Result: /var/account/pacct available
2026-10-05 15:06:32 Hardening: assigned maximum number of hardening points for this item (3). Currently having 182 points (out of 257)
2026-10-05 15:06:32 ====
2026-10-05 15:06:32 Performing test ID ACCT-9626 (Check for sysstat accounting data)
2026-10-05 15:06:32 Test: check /etc/default/sysstat presence
2026-10-05 15:06:32 Result: sysstat not found via /etc/default/sysstat or /etc/cron.d/sysstat or as a systemd unit
2026-10-05 15:06:32 Suggestion: Enable sysstat to collect accounting (no results) [test:ACCT-9626] [details:-] [solution:-]
2026-10-05 15:06:32 ====
2026-10-05 15:06:32 Performing test ID ACCT-9628 (Check for auditd)
2026-10-05 15:06:32 Test: Check auditd status
2026-10-05 15:06:32 Performing pgrep scan without uid
2026-10-05 15:06:32 IsRunning: process 'auditd' found (874 )
2026-10-05 15:06:32 Result: auditd running
2026-10-05 15:06:32 Hardening: assigned maximum number of hardening points for this item (4). Currently having 186 points (out of 261)
2026-10-05 15:06:32 ====
2026-10-05 15:06:32 Performing test ID ACCT-9630 (Check for auditd rules)
2026-10-05 15:06:32 Test: Checking auditd rules
2026-10-05 15:06:32 Result: auditd rules empty
2026-10-05 15:06:32 Hardening: assigned partial number of hardening points (0 of 2). Currently having 186 points (out of 263)
2026-10-05 15:06:32 Suggestion: Audit daemon is enabled with an empty ruleset. Disable the daemon or define rules [test:ACCT-9630] [details:-] [solution:-]
2026-10-05 15:06:32 ====
2026-10-05 15:06:32 Performing test ID ACCT-9632 (Check for auditd configuration file)
2026-10-05 15:06:32 Test: Checking auditd configuration file
2026-10-05 15:06:32 Result: /etc/auditd.conf not found
2026-10-05 15:06:32 Result: Found /etc/audit/auditd.conf
2026-10-05 15:06:32 ====
2026-10-05 15:06:32 Performing test ID ACCT-9634 (Check for auditd log file)
2026-10-05 15:06:32 Test: Checking auditd log file
2026-10-05 15:06:32 Result: log file is defined
2026-10-05 15:06:32 Defined value: /var/log/audit/audit.log
2026-10-05 15:06:32 Result: log file /var/log/audit/audit.log exists on disk
2026-10-05 15:06:32 ====
2026-10-05 15:06:32 Performing test ID ACCT-9636 (Check for Snoopy wrapper and logger)
2026-10-05 15:06:32 ====
2026-10-05 15:06:32 Skipped test ACCT-9650 (Check Solaris audit daemon)
2026-10-05 15:06:32 Reason to skip: Incorrect guest OS (Solaris only)
2026-10-05 15:06:32 ====
2026-10-05 15:06:32 Skipped test ACCT-9652 (Check auditd SMF status)
2026-10-05 15:06:32 Reason to skip: Incorrect guest OS (Solaris only)
2026-10-05 15:06:32 ====
2026-10-05 15:06:33 Skipped test ACCT-9654 (Check BSM auditing in /etc/system)
2026-10-05 15:06:33 Reason to skip: Incorrect guest OS (Solaris only)
2026-10-05 15:06:33 ====
2026-10-05 15:06:33 Skipped test ACCT-9656 (Check BSM auditing in module list)
2026-10-05 15:06:33 Reason to skip: Incorrect guest OS (Solaris only)
2026-10-05 15:06:33 ====
2026-10-05 15:06:33 Skipped test ACCT-9660 (Check location of audit events)
2026-10-05 15:06:33 Reason to skip: Incorrect guest OS (Solaris only)
2026-10-05 15:06:33 ====
2026-10-05 15:06:33 Skipped test ACCT-9662 (Check Solaris auditing stats)
2026-10-05 15:06:33 Reason to skip: Incorrect guest OS (Solaris only)
2026-10-05 15:06:33 ====
2026-10-05 15:06:33 Skipped test ACCT-9670 (Check for cmd)
2026-10-05 15:06:33 Reason to skip: Prerequisites not met (ie missing tool, other type of Linux distribution)
2026-10-05 15:06:33 ====
2026-10-05 15:06:33 Skipped test ACCT-9672 (Check for cmd configuration file)
2026-10-05 15:06:33 Reason to skip: Prerequisites not met (ie missing tool, other type of Linux distribution)
2026-10-05 15:06:33 Security check: file is normal
2026-10-05 15:06:33 Checking permissions of /usr/share/lynis/include/tests_time
2026-10-05 15:06:33 File permissions are OK
2026-10-05 15:06:33 ====
2026-10-05 15:06:33 Action: Performing tests from category: Heure et synchronisation
2026-10-05 15:06:33 ====
2026-10-05 15:06:33 Performing test ID TIME-3104 (Check for running NTP daemon or client)
2026-10-05 15:06:33 Test: Searching for a running NTP daemon or available client
2026-10-05 15:06:33 result: found chrony configuration: /etc/chrony.conf
2026-10-05 15:06:33 Performing pgrep scan without uid
2026-10-05 15:06:33 IsRunning: process 'chronyd' found (954 )
2026-10-05 15:06:33 Performing pgrep scan without uid
2026-10-05 15:06:33 IsRunning: process 'dntpd' not found
2026-10-05 15:06:33 Performing pgrep scan without uid
2026-10-05 15:06:33 IsRunning: process 'timed' not found
2026-10-05 15:06:33 Test: checking for ntpdate, rdate, sntp or ntpdig in crontab file /etc/anacrontab
2026-10-05 15:06:34 Result: no ntpdate, rdate, sntp or ntpdig reference found in crontab file /etc/anacrontab
2026-10-05 15:06:34 Test: checking for ntpdate, rdate, sntp or ntpdig in crontab file /etc/crontab
2026-10-05 15:06:34 Result: no ntpdate, rdate, sntp or ntpdig reference found in crontab file /etc/crontab
2026-10-05 15:06:34 Test: checking for ntpdate, rdate, sntp or ntpdig in /etc/cron.d/0hourly
2026-10-05 15:06:34 Test: checking for ntpdate, rdate, sntp or ntpdig in /etc/cron.hourly/0anacron
2026-10-05 15:06:34 Result: no ntpdate or rdate found in cron directories
2026-10-05 15:06:34 Test: checking for file /etc/network/if-up.d/ntpdate
2026-10-05 15:06:34 Result: file /etc/network/if-up.d/ntpdate does not exist
2026-10-05 15:06:34 Result: Found a time syncing daemon/client.
2026-10-05 15:06:34 Hardening: assigned maximum number of hardening points for this item (3). Currently having 189 points (out of 266)
2026-10-05 15:06:34 ====
2026-10-05 15:06:34 Skipped test TIME-3106 (Check systemd NTP time synchronization status)
2026-10-05 15:06:34 Reason to skip: Prerequisites not met (ie missing tool, other type of Linux distribution)
2026-10-05 15:06:34 ====
2026-10-05 15:06:34 Skipped test TIME-3112 (Check active NTP associations ID's)
2026-10-05 15:06:34 Reason to skip: Prerequisites not met (ie missing tool, other type of Linux distribution)
2026-10-05 15:06:34 ====
2026-10-05 15:06:34 Skipped test TIME-3116 (Check peers with stratum value of 16)
2026-10-05 15:06:34 Reason to skip: Prerequisites not met (ie missing tool, other type of Linux distribution)
2026-10-05 15:06:34 ====
2026-10-05 15:06:34 Skipped test TIME-3120 (Check unreliable NTP peers)
2026-10-05 15:06:34 Reason to skip: Prerequisites not met (ie missing tool, other type of Linux distribution)
2026-10-05 15:06:34 ====
2026-10-05 15:06:34 Skipped test TIME-3124 (Check selected time source)
2026-10-05 15:06:34 Reason to skip: Prerequisites not met (ie missing tool, other type of Linux distribution)
2026-10-05 15:06:34 ====
2026-10-05 15:06:34 Skipped test TIME-3128 (Check preferred time source)
2026-10-05 15:06:34 Reason to skip: Prerequisites not met (ie missing tool, other type of Linux distribution)
2026-10-05 15:06:34 ====
2026-10-05 15:06:34 Skipped test TIME-3132 (Check NTP falsetickers)
2026-10-05 15:06:34 Reason to skip: Prerequisites not met (ie missing tool, other type of Linux distribution)
2026-10-05 15:06:34 ====
2026-10-05 15:06:34 Skipped test TIME-3136 (Check NTP protocol version)
2026-10-05 15:06:34 Reason to skip: Prerequisites not met (ie missing tool, other type of Linux distribution)
2026-10-05 15:06:34 ====
2026-10-05 15:06:34 Performing test ID TIME-3148 (Check TZ variable)
2026-10-05 15:06:34 Test: testing for TZ variable
2026-10-05 15:06:34 Result: found TZ variable with value notset
2026-10-05 15:06:34 ====
2026-10-05 15:06:34 Skipped test TIME-3160 (Check empty NTP step-tickers)
2026-10-05 15:06:34 Reason to skip: Prerequisites not met (ie missing tool, other type of Linux distribution)
2026-10-05 15:06:34 ====
2026-10-05 15:06:34 Performing test ID TIME-3170 (Check configuration files)
2026-10-05 15:06:34 Result: found /etc/chrony.conf
2026-10-05 15:06:35 ====
2026-10-05 15:06:35 Skipped test TIME-3180 (Report if ntpctl cannot communicate with OpenNTPD)
2026-10-05 15:06:35 Reason to skip: Prerequisites not met (ie missing tool, other type of Linux distribution)
2026-10-05 15:06:35 ====
2026-10-05 15:06:35 Skipped test TIME-3181 (Check status of OpenNTPD time synchronisation)
2026-10-05 15:06:35 Reason to skip: Prerequisites not met (ie missing tool, other type of Linux distribution)
2026-10-05 15:06:35 ====
2026-10-05 15:06:35 Skipped test TIME-3182 (Check OpenNTPD has working peers)
2026-10-05 15:06:35 Reason to skip: Prerequisites not met (ie missing tool, other type of Linux distribution)
2026-10-05 15:06:35 ====
2026-10-05 15:06:35 Skipped test TIME-3185 (Check systemd-timesyncd synchronized time)
2026-10-05 15:06:35 Reason to skip: Prerequisites not met (ie missing tool, other type of Linux distribution)
2026-10-05 15:06:35 Security check: file is normal
2026-10-05 15:06:35 Checking permissions of /usr/share/lynis/include/tests_crypto
2026-10-05 15:06:35 File permissions are OK
2026-10-05 15:06:35 ====
2026-10-05 15:06:35 Action: Performing tests from category: Cryptographie
2026-10-05 15:06:35 ====
2026-10-05 15:06:35 Performing test ID CRYP-7902 (Check expire date of SSL certificates)
2026-10-05 15:06:35 Paths to scan: /etc/apache2 /etc/dovecot /etc/httpd /etc/letsencrypt /etc/pki /etc/postfix /etc/refind.d/keys /etc/ssl /opt/psa/var/certificates /usr/local/psa/var/certificates /usr/local/share/ca-certificates /usr/share/ca-certificates /usr/share/gnupg /var/www /srv/www
2026-10-05 15:06:35 Paths to ignore: /etc/letsencrypt/archive
2026-10-05 15:06:35 Result: SSL path /etc/apache2 does not exist
2026-10-05 15:06:35 Result: SSL path /etc/dovecot does not exist
2026-10-05 15:06:35 Result: SSL path /etc/httpd does not exist
2026-10-05 15:06:35 Result: SSL path /etc/letsencrypt does not exist
2026-10-05 15:06:35 Test: check if we can access /etc/pki (escaped: /etc/pki)
2026-10-05 15:06:35 Result: file is owned by our current user ID (0), checking if it is readable
2026-10-05 15:06:35 Result: file /etc/pki is readable (or directory accessible).
2026-10-05 15:06:35 Result: found directory /etc/pki
2026-10-05 15:06:35 Test: check if we can access /etc/pki/ca-trust/extracted/openssl/ca-bundle.trust.crt (escaped: /etc/pki/ca-trust/extracted/openssl/ca-bundle.trust.crt)
2026-10-05 15:06:35 Result: file is owned by our current user ID (0), checking if it is readable
2026-10-05 15:06:35 Result: file /etc/pki/ca-trust/extracted/openssl/ca-bundle.trust.crt is readable (or directory accessible).
2026-10-05 15:06:35 Result: file '/etc/pki/ca-trust/extracted/openssl/ca-bundle.trust.crt' belongs to package (ca)
2026-10-05 15:06:35 Test: check if we can access /etc/pki/ca-trust/extracted/pem/directory-hash/ACCVRAIZ1.pem (escaped: /etc/pki/ca-trust/extracted/pem/directory-hash/ACCVRAIZ1.pem)
2026-10-05 15:06:36 Result: file is owned by our current user ID (0), checking if it is readable
2026-10-05 15:06:36 Result: file /etc/pki/ca-trust/extracted/pem/directory-hash/ACCVRAIZ1.pem is readable (or directory accessible).
2026-10-05 15:06:36 Result: file '/etc/pki/ca-trust/extracted/pem/directory-hash/ACCVRAIZ1.pem' belongs to package (ca)
2026-10-05 15:06:36 Test: check if we can access /etc/pki/ca-trust/extracted/pem/directory-hash/AC_RAIZ_FNMT-RCM.pem (escaped: /etc/pki/ca-trust/extracted/pem/directory-hash/AC_RAIZ_FNMT-RCM.pem)
2026-10-05 15:06:36 Result: file is owned by our current user ID (0), checking if it is readable
2026-10-05 15:06:36 Result: file /etc/pki/ca-trust/extracted/pem/directory-hash/AC_RAIZ_FNMT-RCM.pem is readable (or directory accessible).
2026-10-05 15:06:36 Result: file '/etc/pki/ca-trust/extracted/pem/directory-hash/AC_RAIZ_FNMT-RCM.pem' belongs to package (ca)
2026-10-05 15:06:36 Test: check if we can access /etc/pki/ca-trust/extracted/pem/directory-hash/AC_RAIZ_FNMT-RCM_SERVIDORES_SEGUROS.pem (escaped: /etc/pki/ca-trust/extracted/pem/directory-hash/AC_RAIZ_FNMT-RCM_SERVIDORES_SEGUROS.pem)
2026-10-05 15:06:36 Result: file is owned by our current user ID (0), checking if it is readable
2026-10-05 15:06:36 Result: file /etc/pki/ca-trust/extracted/pem/directory-hash/AC_RAIZ_FNMT-RCM_SERVIDORES_SEGUROS.pem is readable (or directory accessible).
2026-10-05 15:06:36 Result: file '/etc/pki/ca-trust/extracted/pem/directory-hash/AC_RAIZ_FNMT-RCM_SERVIDORES_SEGUROS.pem' belongs to package (ca)
2026-10-05 15:06:36 Test: check if we can access /etc/pki/ca-trust/extracted/pem/directory-hash/ANF_Secure_Server_Root_CA.pem (escaped: /etc/pki/ca-trust/extracted/pem/directory-hash/ANF_Secure_Server_Root_CA.pem)
2026-10-05 15:06:36 Result: file is owned by our current user ID (0), checking if it is readable
2026-10-05 15:06:36 Result: file /etc/pki/ca-trust/extracted/pem/directory-hash/ANF_Secure_Server_Root_CA.pem is readable (or directory accessible).
2026-10-05 15:06:36 Result: file '/etc/pki/ca-trust/extracted/pem/directory-hash/ANF_Secure_Server_Root_CA.pem' belongs to package (ca)
2026-10-05 15:06:36 Test: check if we can access /etc/pki/ca-trust/extracted/pem/directory-hash/Actalis_Authentication_Root_CA.pem (escaped: /etc/pki/ca-trust/extracted/pem/directory-hash/Actalis_Authentication_Root_CA.pem)
2026-10-05 15:06:36 Result: file is owned by our current user ID (0), checking if it is readable
2026-10-05 15:06:36 Result: file /etc/pki/ca-trust/extracted/pem/directory-hash/Actalis_Authentication_Root_CA.pem is readable (or directory accessible).
2026-10-05 15:06:36 Result: file '/etc/pki/ca-trust/extracted/pem/directory-hash/Actalis_Authentication_Root_CA.pem' belongs to package (ca)
2026-10-05 15:06:36 Test: check if we can access /etc/pki/ca-trust/extracted/pem/directory-hash/AffirmTrust_Commercial.pem (escaped: /etc/pki/ca-trust/extracted/pem/directory-hash/AffirmTrust_Commercial.pem)
2026-10-05 15:06:36 Result: file is owned by our current user ID (0), checking if it is readable
2026-10-05 15:06:36 Result: file /etc/pki/ca-trust/extracted/pem/directory-hash/AffirmTrust_Commercial.pem is readable (or directory accessible).
2026-10-05 15:06:36 Result: file '/etc/pki/ca-trust/extracted/pem/directory-hash/AffirmTrust_Commercial.pem' belongs to package (ca)
2026-10-05 15:06:36 Test: check if we can access /etc/pki/ca-trust/extracted/pem/directory-hash/AffirmTrust_Networking.pem (escaped: /etc/pki/ca-trust/extracted/pem/directory-hash/AffirmTrust_Networking.pem)
2026-10-05 15:06:36 Result: file is owned by our current user ID (0), checking if it is readable
2026-10-05 15:06:37 Result: file /etc/pki/ca-trust/extracted/pem/directory-hash/AffirmTrust_Networking.pem is readable (or directory accessible).
2026-10-05 15:06:37 Result: file '/etc/pki/ca-trust/extracted/pem/directory-hash/AffirmTrust_Networking.pem' belongs to package (ca)
2026-10-05 15:06:37 Test: check if we can access /etc/pki/ca-trust/extracted/pem/directory-hash/AffirmTrust_Premium.pem (escaped: /etc/pki/ca-trust/extracted/pem/directory-hash/AffirmTrust_Premium.pem)
2026-10-05 15:06:37 Result: file is owned by our current user ID (0), checking if it is readable
2026-10-05 15:06:37 Result: file /etc/pki/ca-trust/extracted/pem/directory-hash/AffirmTrust_Premium.pem is readable (or directory accessible).
2026-10-05 15:06:37 Result: file '/etc/pki/ca-trust/extracted/pem/directory-hash/AffirmTrust_Premium.pem' belongs to package (ca)
2026-10-05 15:06:37 Test: check if we can access /etc/pki/ca-trust/extracted/pem/directory-hash/AffirmTrust_Premium_ECC.pem (escaped: /etc/pki/ca-trust/extracted/pem/directory-hash/AffirmTrust_Premium_ECC.pem)
2026-10-05 15:06:37 Result: file is owned by our current user ID (0), checking if it is readable
2026-10-05 15:06:37 Result: file /etc/pki/ca-trust/extracted/pem/directory-hash/AffirmTrust_Premium_ECC.pem is readable (or directory accessible).
2026-10-05 15:06:37 Result: file '/etc/pki/ca-trust/extracted/pem/directory-hash/AffirmTrust_Premium_ECC.pem' belongs to package (ca)
2026-10-05 15:06:37 Test: check if we can access /etc/pki/ca-trust/extracted/pem/directory-hash/Amazon_Root_CA_1.pem (escaped: /etc/pki/ca-trust/extracted/pem/directory-hash/Amazon_Root_CA_1.pem)
2026-10-05 15:06:37 Result: file is owned by our current user ID (0), checking if it is readable
2026-10-05 15:06:37 Result: file /etc/pki/ca-trust/extracted/pem/directory-hash/Amazon_Root_CA_1.pem is readable (or directory accessible).
2026-10-05 15:06:37 Result: file '/etc/pki/ca-trust/extracted/pem/directory-hash/Amazon_Root_CA_1.pem' belongs to package (ca)
2026-10-05 15:06:37 Test: check if we can access /etc/pki/ca-trust/extracted/pem/directory-hash/Amazon_Root_CA_2.pem (escaped: /etc/pki/ca-trust/extracted/pem/directory-hash/Amazon_Root_CA_2.pem)
2026-10-05 15:06:37 Result: file is owned by our current user ID (0), checking if it is readable
2026-10-05 15:06:37 Result: file /etc/pki/ca-trust/extracted/pem/directory-hash/Amazon_Root_CA_2.pem is readable (or directory accessible).
2026-10-05 15:06:37 Result: file '/etc/pki/ca-trust/extracted/pem/directory-hash/Amazon_Root_CA_2.pem' belongs to package (ca)
2026-10-05 15:06:37 Test: check if we can access /etc/pki/ca-trust/extracted/pem/directory-hash/Amazon_Root_CA_3.pem (escaped: /etc/pki/ca-trust/extracted/pem/directory-hash/Amazon_Root_CA_3.pem)
2026-10-05 15:06:37 Result: file is owned by our current user ID (0), checking if it is readable
2026-10-05 15:06:37 Result: file /etc/pki/ca-trust/extracted/pem/directory-hash/Amazon_Root_CA_3.pem is readable (or directory accessible).
2026-10-05 15:06:37 Result: file '/etc/pki/ca-trust/extracted/pem/directory-hash/Amazon_Root_CA_3.pem' belongs to package (ca)
2026-10-05 15:06:37 Test: check if we can access /etc/pki/ca-trust/extracted/pem/directory-hash/Amazon_Root_CA_4.pem (escaped: /etc/pki/ca-trust/extracted/pem/directory-hash/Amazon_Root_CA_4.pem)
2026-10-05 15:06:37 Result: file is owned by our current user ID (0), checking if it is readable
2026-10-05 15:06:38 Result: file /etc/pki/ca-trust/extracted/pem/directory-hash/Amazon_Root_CA_4.pem is readable (or directory accessible).
2026-10-05 15:06:38 Result: file '/etc/pki/ca-trust/extracted/pem/directory-hash/Amazon_Root_CA_4.pem' belongs to package (ca)
2026-10-05 15:06:38 Test: check if we can access /etc/pki/ca-trust/extracted/pem/directory-hash/Atos_TrustedRoot_2011.pem (escaped: /etc/pki/ca-trust/extracted/pem/directory-hash/Atos_TrustedRoot_2011.pem)
2026-10-05 15:06:38 Result: file is owned by our current user ID (0), checking if it is readable
2026-10-05 15:06:38 Result: file /etc/pki/ca-trust/extracted/pem/directory-hash/Atos_TrustedRoot_2011.pem is readable (or directory accessible).
2026-10-05 15:06:38 Result: file '/etc/pki/ca-trust/extracted/pem/directory-hash/Atos_TrustedRoot_2011.pem' belongs to package (ca)
2026-10-05 15:06:38 Test: check if we can access /etc/pki/ca-trust/extracted/pem/directory-hash/Atos_TrustedRoot_Root_CA_ECC_TLS_2021.pem (escaped: /etc/pki/ca-trust/extracted/pem/directory-hash/Atos_TrustedRoot_Root_CA_ECC_TLS_2021.pem)
2026-10-05 15:06:38 Result: file is owned by our current user ID (0), checking if it is readable
2026-10-05 15:06:38 Result: file /etc/pki/ca-trust/extracted/pem/directory-hash/Atos_TrustedRoot_Root_CA_ECC_TLS_2021.pem is readable (or directory accessible).
2026-10-05 15:06:38 Result: file '/etc/pki/ca-trust/extracted/pem/directory-hash/Atos_TrustedRoot_Root_CA_ECC_TLS_2021.pem' belongs to package (ca)
2026-10-05 15:06:38 Test: check if we can access /etc/pki/ca-trust/extracted/pem/directory-hash/Atos_TrustedRoot_Root_CA_RSA_TLS_2021.pem (escaped: /etc/pki/ca-trust/extracted/pem/directory-hash/Atos_TrustedRoot_Root_CA_RSA_TLS_2021.pem)
2026-10-05 15:06:38 Result: file is owned by our current user ID (0), checking if it is readable
2026-10-05 15:06:38 Result: file /etc/pki/ca-trust/extracted/pem/directory-hash/Atos_TrustedRoot_Root_CA_RSA_TLS_2021.pem is readable (or directory accessible).
2026-10-05 15:06:38 Result: file '/etc/pki/ca-trust/extracted/pem/directory-hash/Atos_TrustedRoot_Root_CA_RSA_TLS_2021.pem' belongs to package (ca)
2026-10-05 15:06:38 Test: check if we can access /etc/pki/ca-trust/extracted/pem/directory-hash/Autoridad_de_Certificacion_Firmaprofesional_CIF_A62634068.pem (escaped: /etc/pki/ca-trust/extracted/pem/directory-hash/Autoridad_de_Certificacion_Firmaprofesional_CIF_A62634068.pem)
2026-10-05 15:06:38 Result: file is owned by our current user ID (0), checking if it is readable
2026-10-05 15:06:38 Result: file /etc/pki/ca-trust/extracted/pem/directory-hash/Autoridad_de_Certificacion_Firmaprofesional_CIF_A62634068.pem is readable (or directory accessible).
2026-10-05 15:06:38 Result: file '/etc/pki/ca-trust/extracted/pem/directory-hash/Autoridad_de_Certificacion_Firmaprofesional_CIF_A62634068.pem' belongs to package (ca)
2026-10-05 15:06:38 Test: check if we can access /etc/pki/ca-trust/extracted/pem/directory-hash/BJCA_Global_Root_CA1.pem (escaped: /etc/pki/ca-trust/extracted/pem/directory-hash/BJCA_Global_Root_CA1.pem)
2026-10-05 15:06:38 Result: file is owned by our current user ID (0), checking if it is readable
2026-10-05 15:06:38 Result: file /etc/pki/ca-trust/extracted/pem/directory-hash/BJCA_Global_Root_CA1.pem is readable (or directory accessible).
2026-10-05 15:06:38 Result: file '/etc/pki/ca-trust/extracted/pem/directory-hash/BJCA_Global_Root_CA1.pem' belongs to package (ca)
2026-10-05 15:06:38 Test: check if we can access /etc/pki/ca-trust/extracted/pem/directory-hash/BJCA_Global_Root_CA2.pem (escaped: /etc/pki/ca-trust/extracted/pem/directory-hash/BJCA_Global_Root_CA2.pem)
2026-10-05 15:06:38 Result: file is owned by our current user ID (0), checking if it is readable
2026-10-05 15:06:39 Result: file /etc/pki/ca-trust/extracted/pem/directory-hash/BJCA_Global_Root_CA2.pem is readable (or directory accessible).
2026-10-05 15:06:39 Result: file '/etc/pki/ca-trust/extracted/pem/directory-hash/BJCA_Global_Root_CA2.pem' belongs to package (ca)
2026-10-05 15:06:39 Test: check if we can access /etc/pki/ca-trust/extracted/pem/directory-hash/Buypass_Class_2_Root_CA.pem (escaped: /etc/pki/ca-trust/extracted/pem/directory-hash/Buypass_Class_2_Root_CA.pem)
2026-10-05 15:06:39 Result: file is owned by our current user ID (0), checking if it is readable
2026-10-05 15:06:39 Result: file /etc/pki/ca-trust/extracted/pem/directory-hash/Buypass_Class_2_Root_CA.pem is readable (or directory accessible).
2026-10-05 15:06:39 Result: file '/etc/pki/ca-trust/extracted/pem/directory-hash/Buypass_Class_2_Root_CA.pem' belongs to package (ca)
2026-10-05 15:06:39 Test: check if we can access /etc/pki/ca-trust/extracted/pem/directory-hash/Buypass_Class_3_Root_CA.pem (escaped: /etc/pki/ca-trust/extracted/pem/directory-hash/Buypass_Class_3_Root_CA.pem)
2026-10-05 15:06:39 Result: file is owned by our current user ID (0), checking if it is readable
2026-10-05 15:06:39 Result: file /etc/pki/ca-trust/extracted/pem/directory-hash/Buypass_Class_3_Root_CA.pem is readable (or directory accessible).
2026-10-05 15:06:39 Result: file '/etc/pki/ca-trust/extracted/pem/directory-hash/Buypass_Class_3_Root_CA.pem' belongs to package (ca)
2026-10-05 15:06:39 Test: check if we can access /etc/pki/ca-trust/extracted/pem/directory-hash/CA_Disig_Root_R2.pem (escaped: /etc/pki/ca-trust/extracted/pem/directory-hash/CA_Disig_Root_R2.pem)
2026-10-05 15:06:39 Result: file is owned by our current user ID (0), checking if it is readable
2026-10-05 15:06:39 Result: file /etc/pki/ca-trust/extracted/pem/directory-hash/CA_Disig_Root_R2.pem is readable (or directory accessible).
2026-10-05 15:06:39 Result: file '/etc/pki/ca-trust/extracted/pem/directory-hash/CA_Disig_Root_R2.pem' belongs to package (ca)
2026-10-05 15:06:39 Test: check if we can access /etc/pki/ca-trust/extracted/pem/directory-hash/CFCA_EV_ROOT.pem (escaped: /etc/pki/ca-trust/extracted/pem/directory-hash/CFCA_EV_ROOT.pem)
2026-10-05 15:06:39 Result: file is owned by our current user ID (0), checking if it is readable
2026-10-05 15:06:39 Result: file /etc/pki/ca-trust/extracted/pem/directory-hash/CFCA_EV_ROOT.pem is readable (or directory accessible).
2026-10-05 15:06:39 Result: file '/etc/pki/ca-trust/extracted/pem/directory-hash/CFCA_EV_ROOT.pem' belongs to package (ca)
2026-10-05 15:06:39 Test: check if we can access /etc/pki/ca-trust/extracted/pem/directory-hash/COMODO_Certification_Authority.pem (escaped: /etc/pki/ca-trust/extracted/pem/directory-hash/COMODO_Certification_Authority.pem)
2026-10-05 15:06:39 Result: file is owned by our current user ID (0), checking if it is readable
2026-10-05 15:06:39 Result: file /etc/pki/ca-trust/extracted/pem/directory-hash/COMODO_Certification_Authority.pem is readable (or directory accessible).
2026-10-05 15:06:39 Result: file '/etc/pki/ca-trust/extracted/pem/directory-hash/COMODO_Certification_Authority.pem' belongs to package (ca)
2026-10-05 15:06:39 Test: check if we can access /etc/pki/ca-trust/extracted/pem/directory-hash/COMODO_ECC_Certification_Authority.pem (escaped: /etc/pki/ca-trust/extracted/pem/directory-hash/COMODO_ECC_Certification_Authority.pem)
2026-10-05 15:06:39 Result: file is owned by our current user ID (0), checking if it is readable
2026-10-05 15:06:39 Result: file /etc/pki/ca-trust/extracted/pem/directory-hash/COMODO_ECC_Certification_Authority.pem is readable (or directory accessible).
2026-10-05 15:06:39 Result: file '/etc/pki/ca-trust/extracted/pem/directory-hash/COMODO_ECC_Certification_Authority.pem' belongs to package (ca)
2026-10-05 15:06:40 Test: check if we can access /etc/pki/ca-trust/extracted/pem/directory-hash/COMODO_RSA_Certification_Authority.pem (escaped: /etc/pki/ca-trust/extracted/pem/directory-hash/COMODO_RSA_Certification_Authority.pem)
2026-10-05 15:06:40 Result: file is owned by our current user ID (0), checking if it is readable
2026-10-05 15:06:40 Result: file /etc/pki/ca-trust/extracted/pem/directory-hash/COMODO_RSA_Certification_Authority.pem is readable (or directory accessible).
2026-10-05 15:06:40 Result: file '/etc/pki/ca-trust/extracted/pem/directory-hash/COMODO_RSA_Certification_Authority.pem' belongs to package (ca)
2026-10-05 15:06:40 Test: check if we can access /etc/pki/ca-trust/extracted/pem/directory-hash/Certainly_Root_E1.pem (escaped: /etc/pki/ca-trust/extracted/pem/directory-hash/Certainly_Root_E1.pem)
2026-10-05 15:06:40 Result: file is owned by our current user ID (0), checking if it is readable
2026-10-05 15:06:40 Result: file /etc/pki/ca-trust/extracted/pem/directory-hash/Certainly_Root_E1.pem is readable (or directory accessible).
2026-10-05 15:06:40 Result: file '/etc/pki/ca-trust/extracted/pem/directory-hash/Certainly_Root_E1.pem' belongs to package (ca)
2026-10-05 15:06:40 Test: check if we can access /etc/pki/ca-trust/extracted/pem/directory-hash/Certainly_Root_R1.pem (escaped: /etc/pki/ca-trust/extracted/pem/directory-hash/Certainly_Root_R1.pem)
2026-10-05 15:06:40 Result: file is owned by our current user ID (0), checking if it is readable
2026-10-05 15:06:40 Result: file /etc/pki/ca-trust/extracted/pem/directory-hash/Certainly_Root_R1.pem is readable (or directory accessible).
2026-10-05 15:06:40 Result: file '/etc/pki/ca-trust/extracted/pem/directory-hash/Certainly_Root_R1.pem' belongs to package (ca)
2026-10-05 15:06:40 Test: check if we can access /etc/pki/ca-trust/extracted/pem/directory-hash/Certigna.pem (escaped: /etc/pki/ca-trust/extracted/pem/directory-hash/Certigna.pem)
2026-10-05 15:06:40 Result: file is owned by our current user ID (0), checking if it is readable
2026-10-05 15:06:40 Result: file /etc/pki/ca-trust/extracted/pem/directory-hash/Certigna.pem is readable (or directory accessible).
2026-10-05 15:06:40 Result: file '/etc/pki/ca-trust/extracted/pem/directory-hash/Certigna.pem' belongs to package (ca)
2026-10-05 15:06:40 Test: check if we can access /etc/pki/ca-trust/extracted/pem/directory-hash/Certigna_Root_CA.pem (escaped: /etc/pki/ca-trust/extracted/pem/directory-hash/Certigna_Root_CA.pem)
2026-10-05 15:06:40 Result: file is owned by our current user ID (0), checking if it is readable
2026-10-05 15:06:40 Result: file /etc/pki/ca-trust/extracted/pem/directory-hash/Certigna_Root_CA.pem is readable (or directory accessible).
2026-10-05 15:06:40 Result: file '/etc/pki/ca-trust/extracted/pem/directory-hash/Certigna_Root_CA.pem' belongs to package (ca)
2026-10-05 15:06:40 Test: check if we can access /etc/pki/ca-trust/extracted/pem/directory-hash/Certum_EC-384_CA.pem (escaped: /etc/pki/ca-trust/extracted/pem/directory-hash/Certum_EC-384_CA.pem)
2026-10-05 15:06:40 Result: file is owned by our current user ID (0), checking if it is readable
2026-10-05 15:06:40 Result: file /etc/pki/ca-trust/extracted/pem/directory-hash/Certum_EC-384_CA.pem is readable (or directory accessible).
2026-10-05 15:06:40 Result: file '/etc/pki/ca-trust/extracted/pem/directory-hash/Certum_EC-384_CA.pem' belongs to package (ca)
2026-10-05 15:06:40 Test: check if we can access /etc/pki/ca-trust/extracted/pem/directory-hash/Certum_Trusted_Network_CA.pem (escaped: /etc/pki/ca-trust/extracted/pem/directory-hash/Certum_Trusted_Network_CA.pem)
2026-10-05 15:06:41 Result: file is owned by our current user ID (0), checking if it is readable
2026-10-05 15:06:41 Result: file /etc/pki/ca-trust/extracted/pem/directory-hash/Certum_Trusted_Network_CA.pem is readable (or directory accessible).
2026-10-05 15:06:41 Result: file '/etc/pki/ca-trust/extracted/pem/directory-hash/Certum_Trusted_Network_CA.pem' belongs to package (ca)
2026-10-05 15:06:41 Test: check if we can access /etc/pki/ca-trust/extracted/pem/directory-hash/Certum_Trusted_Network_CA_2.pem (escaped: /etc/pki/ca-trust/extracted/pem/directory-hash/Certum_Trusted_Network_CA_2.pem)
2026-10-05 15:06:41 Result: file is owned by our current user ID (0), checking if it is readable
2026-10-05 15:06:41 Result: file /etc/pki/ca-trust/extracted/pem/directory-hash/Certum_Trusted_Network_CA_2.pem is readable (or directory accessible).
2026-10-05 15:06:41 Result: file '/etc/pki/ca-trust/extracted/pem/directory-hash/Certum_Trusted_Network_CA_2.pem' belongs to package (ca)
2026-10-05 15:06:41 Test: check if we can access /etc/pki/ca-trust/extracted/pem/directory-hash/Certum_Trusted_Root_CA.pem (escaped: /etc/pki/ca-trust/extracted/pem/directory-hash/Certum_Trusted_Root_CA.pem)
2026-10-05 15:06:41 Result: file is owned by our current user ID (0), checking if it is readable
2026-10-05 15:06:41 Result: file /etc/pki/ca-trust/extracted/pem/directory-hash/Certum_Trusted_Root_CA.pem is readable (or directory accessible).
2026-10-05 15:06:41 Result: file '/etc/pki/ca-trust/extracted/pem/directory-hash/Certum_Trusted_Root_CA.pem' belongs to package (ca)
2026-10-05 15:06:41 Test: check if we can access /etc/pki/ca-trust/extracted/pem/directory-hash/CommScope_Public_Trust_ECC_Root-01.pem (escaped: /etc/pki/ca-trust/extracted/pem/directory-hash/CommScope_Public_Trust_ECC_Root-01.pem)
2026-10-05 15:06:41 Result: file is owned by our current user ID (0), checking if it is readable
2026-10-05 15:06:41 Result: file /etc/pki/ca-trust/extracted/pem/directory-hash/CommScope_Public_Trust_ECC_Root-01.pem is readable (or directory accessible).
2026-10-05 15:06:41 Result: file '/etc/pki/ca-trust/extracted/pem/directory-hash/CommScope_Public_Trust_ECC_Root-01.pem' belongs to package (ca)
2026-10-05 15:06:41 Test: check if we can access /etc/pki/ca-trust/extracted/pem/directory-hash/CommScope_Public_Trust_ECC_Root-02.pem (escaped: /etc/pki/ca-trust/extracted/pem/directory-hash/CommScope_Public_Trust_ECC_Root-02.pem)
2026-10-05 15:06:41 Result: file is owned by our current user ID (0), checking if it is readable
2026-10-05 15:06:41 Result: file /etc/pki/ca-trust/extracted/pem/directory-hash/CommScope_Public_Trust_ECC_Root-02.pem is readable (or directory accessible).
2026-10-05 15:06:41 Result: file '/etc/pki/ca-trust/extracted/pem/directory-hash/CommScope_Public_Trust_ECC_Root-02.pem' belongs to package (ca)
2026-10-05 15:06:41 Test: check if we can access /etc/pki/ca-trust/extracted/pem/directory-hash/CommScope_Public_Trust_RSA_Root-01.pem (escaped: /etc/pki/ca-trust/extracted/pem/directory-hash/CommScope_Public_Trust_RSA_Root-01.pem)
2026-10-05 15:06:41 Result: file is owned by our current user ID (0), checking if it is readable
2026-10-05 15:06:41 Result: file /etc/pki/ca-trust/extracted/pem/directory-hash/CommScope_Public_Trust_RSA_Root-01.pem is readable (or directory accessible).
2026-10-05 15:06:41 Result: file '/etc/pki/ca-trust/extracted/pem/directory-hash/CommScope_Public_Trust_RSA_Root-01.pem' belongs to package (ca)
2026-10-05 15:06:41 Test: check if we can access /etc/pki/ca-trust/extracted/pem/directory-hash/CommScope_Public_Trust_RSA_Root-02.pem (escaped: /etc/pki/ca-trust/extracted/pem/directory-hash/CommScope_Public_Trust_RSA_Root-02.pem)
2026-10-05 15:06:42 Result: file is owned by our current user ID (0), checking if it is readable
2026-10-05 15:06:42 Result: file /etc/pki/ca-trust/extracted/pem/directory-hash/CommScope_Public_Trust_RSA_Root-02.pem is readable (or directory accessible).
2026-10-05 15:06:42 Result: file '/etc/pki/ca-trust/extracted/pem/directory-hash/CommScope_Public_Trust_RSA_Root-02.pem' belongs to package (ca)
2026-10-05 15:06:42 Test: check if we can access /etc/pki/ca-trust/extracted/pem/directory-hash/D-TRUST_BR_Root_CA_1_2020.pem (escaped: /etc/pki/ca-trust/extracted/pem/directory-hash/D-TRUST_BR_Root_CA_1_2020.pem)
2026-10-05 15:06:42 Result: file is owned by our current user ID (0), checking if it is readable
2026-10-05 15:06:42 Result: file /etc/pki/ca-trust/extracted/pem/directory-hash/D-TRUST_BR_Root_CA_1_2020.pem is readable (or directory accessible).
2026-10-05 15:06:42 Result: file '/etc/pki/ca-trust/extracted/pem/directory-hash/D-TRUST_BR_Root_CA_1_2020.pem' belongs to package (ca)
2026-10-05 15:06:42 Test: check if we can access /etc/pki/ca-trust/extracted/pem/directory-hash/D-TRUST_BR_Root_CA_2_2023.pem (escaped: /etc/pki/ca-trust/extracted/pem/directory-hash/D-TRUST_BR_Root_CA_2_2023.pem)
2026-10-05 15:06:42 Result: file is owned by our current user ID (0), checking if it is readable
2026-10-05 15:06:42 Result: file /etc/pki/ca-trust/extracted/pem/directory-hash/D-TRUST_BR_Root_CA_2_2023.pem is readable (or directory accessible).
2026-10-05 15:06:42 Result: file '/etc/pki/ca-trust/extracted/pem/directory-hash/D-TRUST_BR_Root_CA_2_2023.pem' belongs to package (ca)
2026-10-05 15:06:42 Test: check if we can access /etc/pki/ca-trust/extracted/pem/directory-hash/D-TRUST_EV_Root_CA_1_2020.pem (escaped: /etc/pki/ca-trust/extracted/pem/directory-hash/D-TRUST_EV_Root_CA_1_2020.pem)
2026-10-05 15:06:42 Result: file is owned by our current user ID (0), checking if it is readable
2026-10-05 15:06:42 Result: file /etc/pki/ca-trust/extracted/pem/directory-hash/D-TRUST_EV_Root_CA_1_2020.pem is readable (or directory accessible).
2026-10-05 15:06:42 Result: file '/etc/pki/ca-trust/extracted/pem/directory-hash/D-TRUST_EV_Root_CA_1_2020.pem' belongs to package (ca)
2026-10-05 15:06:42 Test: check if we can access /etc/pki/ca-trust/extracted/pem/directory-hash/D-TRUST_EV_Root_CA_2_2023.pem (escaped: /etc/pki/ca-trust/extracted/pem/directory-hash/D-TRUST_EV_Root_CA_2_2023.pem)
2026-10-05 15:06:42 Result: file is owned by our current user ID (0), checking if it is readable
2026-10-05 15:06:42 Result: file /etc/pki/ca-trust/extracted/pem/directory-hash/D-TRUST_EV_Root_CA_2_2023.pem is readable (or directory accessible).
2026-10-05 15:06:42 Result: file '/etc/pki/ca-trust/extracted/pem/directory-hash/D-TRUST_EV_Root_CA_2_2023.pem' belongs to package (ca)
2026-10-05 15:06:42 Test: check if we can access /etc/pki/ca-trust/extracted/pem/directory-hash/D-TRUST_Root_Class_3_CA_2_2009.pem (escaped: /etc/pki/ca-trust/extracted/pem/directory-hash/D-TRUST_Root_Class_3_CA_2_2009.pem)
2026-10-05 15:06:42 Result: file is owned by our current user ID (0), checking if it is readable
2026-10-05 15:06:42 Result: file /etc/pki/ca-trust/extracted/pem/directory-hash/D-TRUST_Root_Class_3_CA_2_2009.pem is readable (or directory accessible).
2026-10-05 15:06:42 Result: file '/etc/pki/ca-trust/extracted/pem/directory-hash/D-TRUST_Root_Class_3_CA_2_2009.pem' belongs to package (ca)
2026-10-05 15:06:42 Test: check if we can access /etc/pki/ca-trust/extracted/pem/directory-hash/D-TRUST_Root_Class_3_CA_2_EV_2009.pem (escaped: /etc/pki/ca-trust/extracted/pem/directory-hash/D-TRUST_Root_Class_3_CA_2_EV_2009.pem)
2026-10-05 15:06:42 Result: file is owned by our current user ID (0), checking if it is readable
2026-10-05 15:06:43 Result: file /etc/pki/ca-trust/extracted/pem/directory-hash/D-TRUST_Root_Class_3_CA_2_EV_2009.pem is readable (or directory accessible).
2026-10-05 15:06:43 Result: file '/etc/pki/ca-trust/extracted/pem/directory-hash/D-TRUST_Root_Class_3_CA_2_EV_2009.pem' belongs to package (ca)
2026-10-05 15:06:43 Test: check if we can access /etc/pki/ca-trust/extracted/pem/directory-hash/DigiCert_Assured_ID_Root_CA.pem (escaped: /etc/pki/ca-trust/extracted/pem/directory-hash/DigiCert_Assured_ID_Root_CA.pem)
2026-10-05 15:06:43 Result: file is owned by our current user ID (0), checking if it is readable
2026-10-05 15:06:43 Result: file /etc/pki/ca-trust/extracted/pem/directory-hash/DigiCert_Assured_ID_Root_CA.pem is readable (or directory accessible).
2026-10-05 15:06:43 Result: file '/etc/pki/ca-trust/extracted/pem/directory-hash/DigiCert_Assured_ID_Root_CA.pem' belongs to package (ca)
2026-10-05 15:06:43 Test: check if we can access /etc/pki/ca-trust/extracted/pem/directory-hash/DigiCert_Assured_ID_Root_G2.pem (escaped: /etc/pki/ca-trust/extracted/pem/directory-hash/DigiCert_Assured_ID_Root_G2.pem)
2026-10-05 15:06:43 Result: file is owned by our current user ID (0), checking if it is readable
2026-10-05 15:06:43 Result: file /etc/pki/ca-trust/extracted/pem/directory-hash/DigiCert_Assured_ID_Root_G2.pem is readable (or directory accessible).
2026-10-05 15:06:43 Result: file '/etc/pki/ca-trust/extracted/pem/directory-hash/DigiCert_Assured_ID_Root_G2.pem' belongs to package (ca)
2026-10-05 15:06:43 Test: check if we can access /etc/pki/ca-trust/extracted/pem/directory-hash/DigiCert_Assured_ID_Root_G3.pem (escaped: /etc/pki/ca-trust/extracted/pem/directory-hash/DigiCert_Assured_ID_Root_G3.pem)
2026-10-05 15:06:43 Result: file is owned by our current user ID (0), checking if it is readable
2026-10-05 15:06:43 Result: file /etc/pki/ca-trust/extracted/pem/directory-hash/DigiCert_Assured_ID_Root_G3.pem is readable (or directory accessible).
2026-10-05 15:06:43 Result: file '/etc/pki/ca-trust/extracted/pem/directory-hash/DigiCert_Assured_ID_Root_G3.pem' belongs to package (ca)
2026-10-05 15:06:43 Test: check if we can access /etc/pki/ca-trust/extracted/pem/directory-hash/DigiCert_Global_Root_CA.pem (escaped: /etc/pki/ca-trust/extracted/pem/directory-hash/DigiCert_Global_Root_CA.pem)
2026-10-05 15:06:43 Result: file is owned by our current user ID (0), checking if it is readable
2026-10-05 15:06:43 Result: file /etc/pki/ca-trust/extracted/pem/directory-hash/DigiCert_Global_Root_CA.pem is readable (or directory accessible).
2026-10-05 15:06:43 Result: file '/etc/pki/ca-trust/extracted/pem/directory-hash/DigiCert_Global_Root_CA.pem' belongs to package (ca)
2026-10-05 15:06:43 Test: check if we can access /etc/pki/ca-trust/extracted/pem/directory-hash/DigiCert_Global_Root_G2.pem (escaped: /etc/pki/ca-trust/extracted/pem/directory-hash/DigiCert_Global_Root_G2.pem)
2026-10-05 15:06:43 Result: file is owned by our current user ID (0), checking if it is readable
2026-10-05 15:06:43 Result: file /etc/pki/ca-trust/extracted/pem/directory-hash/DigiCert_Global_Root_G2.pem is readable (or directory accessible).
2026-10-05 15:06:43 Result: file '/etc/pki/ca-trust/extracted/pem/directory-hash/DigiCert_Global_Root_G2.pem' belongs to package (ca)
2026-10-05 15:06:43 Test: check if we can access /etc/pki/ca-trust/extracted/pem/directory-hash/DigiCert_Global_Root_G3.pem (escaped: /etc/pki/ca-trust/extracted/pem/directory-hash/DigiCert_Global_Root_G3.pem)
2026-10-05 15:06:43 Result: file is owned by our current user ID (0), checking if it is readable
2026-10-05 15:06:44 Result: file /etc/pki/ca-trust/extracted/pem/directory-hash/DigiCert_Global_Root_G3.pem is readable (or directory accessible).
2026-10-05 15:06:44 Result: file '/etc/pki/ca-trust/extracted/pem/directory-hash/DigiCert_Global_Root_G3.pem' belongs to package (ca)
2026-10-05 15:06:44 Test: check if we can access /etc/pki/ca-trust/extracted/pem/directory-hash/DigiCert_High_Assurance_EV_Root_CA.pem (escaped: /etc/pki/ca-trust/extracted/pem/directory-hash/DigiCert_High_Assurance_EV_Root_CA.pem)
2026-10-05 15:06:44 Result: file is owned by our current user ID (0), checking if it is readable
2026-10-05 15:06:44 Result: file /etc/pki/ca-trust/extracted/pem/directory-hash/DigiCert_High_Assurance_EV_Root_CA.pem is readable (or directory accessible).
2026-10-05 15:06:44 Result: file '/etc/pki/ca-trust/extracted/pem/directory-hash/DigiCert_High_Assurance_EV_Root_CA.pem' belongs to package (ca)
2026-10-05 15:06:44 Test: check if we can access /etc/pki/ca-trust/extracted/pem/directory-hash/DigiCert_TLS_ECC_P384_Root_G5.pem (escaped: /etc/pki/ca-trust/extracted/pem/directory-hash/DigiCert_TLS_ECC_P384_Root_G5.pem)
2026-10-05 15:06:44 Result: file is owned by our current user ID (0), checking if it is readable
2026-10-05 15:06:44 Result: file /etc/pki/ca-trust/extracted/pem/directory-hash/DigiCert_TLS_ECC_P384_Root_G5.pem is readable (or directory accessible).
2026-10-05 15:06:44 Result: file '/etc/pki/ca-trust/extracted/pem/directory-hash/DigiCert_TLS_ECC_P384_Root_G5.pem' belongs to package (ca)
2026-10-05 15:06:44 Test: check if we can access /etc/pki/ca-trust/extracted/pem/directory-hash/DigiCert_TLS_RSA4096_Root_G5.pem (escaped: /etc/pki/ca-trust/extracted/pem/directory-hash/DigiCert_TLS_RSA4096_Root_G5.pem)
2026-10-05 15:06:44 Result: file is owned by our current user ID (0), checking if it is readable
2026-10-05 15:06:44 Result: file /etc/pki/ca-trust/extracted/pem/directory-hash/DigiCert_TLS_RSA4096_Root_G5.pem is readable (or directory accessible).
2026-10-05 15:06:44 Result: file '/etc/pki/ca-trust/extracted/pem/directory-hash/DigiCert_TLS_RSA4096_Root_G5.pem' belongs to package (ca)
2026-10-05 15:06:44 Test: check if we can access /etc/pki/ca-trust/extracted/pem/directory-hash/DigiCert_Trusted_Root_G4.pem (escaped: /etc/pki/ca-trust/extracted/pem/directory-hash/DigiCert_Trusted_Root_G4.pem)
2026-10-05 15:06:44 Result: file is owned by our current user ID (0), checking if it is readable
2026-10-05 15:06:44 Result: file /etc/pki/ca-trust/extracted/pem/directory-hash/DigiCert_Trusted_Root_G4.pem is readable (or directory accessible).
2026-10-05 15:06:44 Result: file '/etc/pki/ca-trust/extracted/pem/directory-hash/DigiCert_Trusted_Root_G4.pem' belongs to package (ca)
2026-10-05 15:06:44 Test: check if we can access /etc/pki/ca-trust/extracted/pem/directory-hash/Entrust_Root_Certification_Authority.pem (escaped: /etc/pki/ca-trust/extracted/pem/directory-hash/Entrust_Root_Certification_Authority.pem)
2026-10-05 15:06:44 Result: file is owned by our current user ID (0), checking if it is readable
2026-10-05 15:06:44 Result: file /etc/pki/ca-trust/extracted/pem/directory-hash/Entrust_Root_Certification_Authority.pem is readable (or directory accessible).
2026-10-05 15:06:44 Result: file '/etc/pki/ca-trust/extracted/pem/directory-hash/Entrust_Root_Certification_Authority.pem' belongs to package (ca)
2026-10-05 15:06:44 Test: check if we can access /etc/pki/ca-trust/extracted/pem/directory-hash/Entrust_Root_Certification_Authority_-_EC1.pem (escaped: /etc/pki/ca-trust/extracted/pem/directory-hash/Entrust_Root_Certification_Authority_-_EC1.pem)
2026-10-05 15:06:44 Result: file is owned by our current user ID (0), checking if it is readable
2026-10-05 15:06:44 Result: file /etc/pki/ca-trust/extracted/pem/directory-hash/Entrust_Root_Certification_Authority_-_EC1.pem is readable (or directory accessible).
2026-10-05 15:06:45 Result: file '/etc/pki/ca-trust/extracted/pem/directory-hash/Entrust_Root_Certification_Authority_-_EC1.pem' belongs to package (ca)
2026-10-05 15:06:45 Test: check if we can access /etc/pki/ca-trust/extracted/pem/directory-hash/Entrust_Root_Certification_Authority_-_G2.pem (escaped: /etc/pki/ca-trust/extracted/pem/directory-hash/Entrust_Root_Certification_Authority_-_G2.pem)
2026-10-05 15:06:45 Result: file is owned by our current user ID (0), checking if it is readable
2026-10-05 15:06:45 Result: file /etc/pki/ca-trust/extracted/pem/directory-hash/Entrust_Root_Certification_Authority_-_G2.pem is readable (or directory accessible).
2026-10-05 15:06:45 Result: file '/etc/pki/ca-trust/extracted/pem/directory-hash/Entrust_Root_Certification_Authority_-_G2.pem' belongs to package (ca)
2026-10-05 15:06:45 Test: check if we can access /etc/pki/ca-trust/extracted/pem/directory-hash/FIRMAPROFESIONAL_CA_ROOT-A_WEB.pem (escaped: /etc/pki/ca-trust/extracted/pem/directory-hash/FIRMAPROFESIONAL_CA_ROOT-A_WEB.pem)
2026-10-05 15:06:45 Result: file is owned by our current user ID (0), checking if it is readable
2026-10-05 15:06:45 Result: file /etc/pki/ca-trust/extracted/pem/directory-hash/FIRMAPROFESIONAL_CA_ROOT-A_WEB.pem is readable (or directory accessible).
2026-10-05 15:06:45 Result: file '/etc/pki/ca-trust/extracted/pem/directory-hash/FIRMAPROFESIONAL_CA_ROOT-A_WEB.pem' belongs to package (ca)
2026-10-05 15:06:45 Test: check if we can access /etc/pki/ca-trust/extracted/pem/directory-hash/GDCA_TrustAUTH_R5_ROOT.pem (escaped: /etc/pki/ca-trust/extracted/pem/directory-hash/GDCA_TrustAUTH_R5_ROOT.pem)
2026-10-05 15:06:45 Result: file is owned by our current user ID (0), checking if it is readable
2026-10-05 15:06:45 Result: file /etc/pki/ca-trust/extracted/pem/directory-hash/GDCA_TrustAUTH_R5_ROOT.pem is readable (or directory accessible).
2026-10-05 15:06:45 Result: file '/etc/pki/ca-trust/extracted/pem/directory-hash/GDCA_TrustAUTH_R5_ROOT.pem' belongs to package (ca)
2026-10-05 15:06:45 Test: check if we can access /etc/pki/ca-trust/extracted/pem/directory-hash/GLOBALTRUST_2020.pem (escaped: /etc/pki/ca-trust/extracted/pem/directory-hash/GLOBALTRUST_2020.pem)
2026-10-05 15:06:45 Result: file is owned by our current user ID (0), checking if it is readable
2026-10-05 15:06:45 Result: file /etc/pki/ca-trust/extracted/pem/directory-hash/GLOBALTRUST_2020.pem is readable (or directory accessible).
2026-10-05 15:06:45 Result: file '/etc/pki/ca-trust/extracted/pem/directory-hash/GLOBALTRUST_2020.pem' belongs to package (ca)
2026-10-05 15:06:45 Test: check if we can access /etc/pki/ca-trust/extracted/pem/directory-hash/GTS_Root_R1.pem (escaped: /etc/pki/ca-trust/extracted/pem/directory-hash/GTS_Root_R1.pem)
2026-10-05 15:06:45 Result: file is owned by our current user ID (0), checking if it is readable
2026-10-05 15:06:45 Result: file /etc/pki/ca-trust/extracted/pem/directory-hash/GTS_Root_R1.pem is readable (or directory accessible).
2026-10-05 15:06:45 Result: file '/etc/pki/ca-trust/extracted/pem/directory-hash/GTS_Root_R1.pem' belongs to package (ca)
2026-10-05 15:06:45 Test: check if we can access /etc/pki/ca-trust/extracted/pem/directory-hash/GTS_Root_R2.pem (escaped: /etc/pki/ca-trust/extracted/pem/directory-hash/GTS_Root_R2.pem)
2026-10-05 15:06:45 Result: file is owned by our current user ID (0), checking if it is readable
2026-10-05 15:06:45 Result: file /etc/pki/ca-trust/extracted/pem/directory-hash/GTS_Root_R2.pem is readable (or directory accessible).
2026-10-05 15:06:45 Result: file '/etc/pki/ca-trust/extracted/pem/directory-hash/GTS_Root_R2.pem' belongs to package (ca)
2026-10-05 15:06:45 Test: check if we can access /etc/pki/ca-trust/extracted/pem/directory-hash/GTS_Root_R3.pem (escaped: /etc/pki/ca-trust/extracted/pem/directory-hash/GTS_Root_R3.pem)
2026-10-05 15:06:46 Result: file is owned by our current user ID (0), checking if it is readable
2026-10-05 15:06:46 Result: file /etc/pki/ca-trust/extracted/pem/directory-hash/GTS_Root_R3.pem is readable (or directory accessible).
2026-10-05 15:06:46 Result: file '/etc/pki/ca-trust/extracted/pem/directory-hash/GTS_Root_R3.pem' belongs to package (ca)
2026-10-05 15:06:46 Test: check if we can access /etc/pki/ca-trust/extracted/pem/directory-hash/GTS_Root_R4.pem (escaped: /etc/pki/ca-trust/extracted/pem/directory-hash/GTS_Root_R4.pem)
2026-10-05 15:06:46 Result: file is owned by our current user ID (0), checking if it is readable
2026-10-05 15:06:46 Result: file /etc/pki/ca-trust/extracted/pem/directory-hash/GTS_Root_R4.pem is readable (or directory accessible).
2026-10-05 15:06:46 Result: file '/etc/pki/ca-trust/extracted/pem/directory-hash/GTS_Root_R4.pem' belongs to package (ca)
2026-10-05 15:06:46 Test: check if we can access /etc/pki/ca-trust/extracted/pem/directory-hash/GlobalSign_ECC_Root_CA_-_R4.pem (escaped: /etc/pki/ca-trust/extracted/pem/directory-hash/GlobalSign_ECC_Root_CA_-_R4.pem)
2026-10-05 15:06:46 Result: file is owned by our current user ID (0), checking if it is readable
2026-10-05 15:06:46 Result: file /etc/pki/ca-trust/extracted/pem/directory-hash/GlobalSign_ECC_Root_CA_-_R4.pem is readable (or directory accessible).
2026-10-05 15:06:46 Result: file '/etc/pki/ca-trust/extracted/pem/directory-hash/GlobalSign_ECC_Root_CA_-_R4.pem' belongs to package (ca)
2026-10-05 15:06:46 Test: check if we can access /etc/pki/ca-trust/extracted/pem/directory-hash/GlobalSign_ECC_Root_CA_-_R5.pem (escaped: /etc/pki/ca-trust/extracted/pem/directory-hash/GlobalSign_ECC_Root_CA_-_R5.pem)
2026-10-05 15:06:46 Result: file is owned by our current user ID (0), checking if it is readable
2026-10-05 15:06:46 Result: file /etc/pki/ca-trust/extracted/pem/directory-hash/GlobalSign_ECC_Root_CA_-_R5.pem is readable (or directory accessible).
2026-10-05 15:06:46 Result: file '/etc/pki/ca-trust/extracted/pem/directory-hash/GlobalSign_ECC_Root_CA_-_R5.pem' belongs to package (ca)
2026-10-05 15:06:46 Test: check if we can access /etc/pki/ca-trust/extracted/pem/directory-hash/GlobalSign_Root_CA_-_R3.pem (escaped: /etc/pki/ca-trust/extracted/pem/directory-hash/GlobalSign_Root_CA_-_R3.pem)
2026-10-05 15:06:46 Result: file is owned by our current user ID (0), checking if it is readable
2026-10-05 15:06:46 Result: file /etc/pki/ca-trust/extracted/pem/directory-hash/GlobalSign_Root_CA_-_R3.pem is readable (or directory accessible).
2026-10-05 15:06:46 Result: file '/etc/pki/ca-trust/extracted/pem/directory-hash/GlobalSign_Root_CA_-_R3.pem' belongs to package (ca)
2026-10-05 15:06:46 Test: check if we can access /etc/pki/ca-trust/extracted/pem/directory-hash/GlobalSign_Root_CA_-_R6.pem (escaped: /etc/pki/ca-trust/extracted/pem/directory-hash/GlobalSign_Root_CA_-_R6.pem)
2026-10-05 15:06:46 Result: file is owned by our current user ID (0), checking if it is readable
2026-10-05 15:06:46 Result: file /etc/pki/ca-trust/extracted/pem/directory-hash/GlobalSign_Root_CA_-_R6.pem is readable (or directory accessible).
2026-10-05 15:06:46 Result: file '/etc/pki/ca-trust/extracted/pem/directory-hash/GlobalSign_Root_CA_-_R6.pem' belongs to package (ca)
2026-10-05 15:06:46 Test: check if we can access /etc/pki/ca-trust/extracted/pem/directory-hash/GlobalSign_Root_E46.pem (escaped: /etc/pki/ca-trust/extracted/pem/directory-hash/GlobalSign_Root_E46.pem)
2026-10-05 15:06:46 Result: file is owned by our current user ID (0), checking if it is readable
2026-10-05 15:06:47 Result: file /etc/pki/ca-trust/extracted/pem/directory-hash/GlobalSign_Root_E46.pem is readable (or directory accessible).
2026-10-05 15:06:47 Result: file '/etc/pki/ca-trust/extracted/pem/directory-hash/GlobalSign_Root_E46.pem' belongs to package (ca)
2026-10-05 15:06:47 Test: check if we can access /etc/pki/ca-trust/extracted/pem/directory-hash/GlobalSign_Root_R46.pem (escaped: /etc/pki/ca-trust/extracted/pem/directory-hash/GlobalSign_Root_R46.pem)
2026-10-05 15:06:47 Result: file is owned by our current user ID (0), checking if it is readable
2026-10-05 15:06:47 Result: file /etc/pki/ca-trust/extracted/pem/directory-hash/GlobalSign_Root_R46.pem is readable (or directory accessible).
2026-10-05 15:06:47 Result: file '/etc/pki/ca-trust/extracted/pem/directory-hash/GlobalSign_Root_R46.pem' belongs to package (ca)
2026-10-05 15:06:47 Test: check if we can access /etc/pki/ca-trust/extracted/pem/directory-hash/Go_Daddy_Root_Certificate_Authority_-_G2.pem (escaped: /etc/pki/ca-trust/extracted/pem/directory-hash/Go_Daddy_Root_Certificate_Authority_-_G2.pem)
2026-10-05 15:06:47 Result: file is owned by our current user ID (0), checking if it is readable
2026-10-05 15:06:47 Result: file /etc/pki/ca-trust/extracted/pem/directory-hash/Go_Daddy_Root_Certificate_Authority_-_G2.pem is readable (or directory accessible).
2026-10-05 15:06:47 Result: file '/etc/pki/ca-trust/extracted/pem/directory-hash/Go_Daddy_Root_Certificate_Authority_-_G2.pem' belongs to package (ca)
2026-10-05 15:06:47 Test: check if we can access /etc/pki/ca-trust/extracted/pem/directory-hash/HARICA_TLS_ECC_Root_CA_2021.pem (escaped: /etc/pki/ca-trust/extracted/pem/directory-hash/HARICA_TLS_ECC_Root_CA_2021.pem)
2026-10-05 15:06:47 Result: file is owned by our current user ID (0), checking if it is readable
2026-10-05 15:06:47 Result: file /etc/pki/ca-trust/extracted/pem/directory-hash/HARICA_TLS_ECC_Root_CA_2021.pem is readable (or directory accessible).
2026-10-05 15:06:47 Result: file '/etc/pki/ca-trust/extracted/pem/directory-hash/HARICA_TLS_ECC_Root_CA_2021.pem' belongs to package (ca)
2026-10-05 15:06:47 Test: check if we can access /etc/pki/ca-trust/extracted/pem/directory-hash/HARICA_TLS_RSA_Root_CA_2021.pem (escaped: /etc/pki/ca-trust/extracted/pem/directory-hash/HARICA_TLS_RSA_Root_CA_2021.pem)
2026-10-05 15:06:47 Result: file is owned by our current user ID (0), checking if it is readable
2026-10-05 15:06:47 Result: file /etc/pki/ca-trust/extracted/pem/directory-hash/HARICA_TLS_RSA_Root_CA_2021.pem is readable (or directory accessible).
2026-10-05 15:06:47 Result: file '/etc/pki/ca-trust/extracted/pem/directory-hash/HARICA_TLS_RSA_Root_CA_2021.pem' belongs to package (ca)
2026-10-05 15:06:47 Test: check if we can access /etc/pki/ca-trust/extracted/pem/directory-hash/Hellenic_Academic_and_Research_Institutions_ECC_RootCA_2015.pem (escaped: /etc/pki/ca-trust/extracted/pem/directory-hash/Hellenic_Academic_and_Research_Institutions_ECC_RootCA_2015.pem)
2026-10-05 15:06:47 Result: file is owned by our current user ID (0), checking if it is readable
2026-10-05 15:06:47 Result: file /etc/pki/ca-trust/extracted/pem/directory-hash/Hellenic_Academic_and_Research_Institutions_ECC_RootCA_2015.pem is readable (or directory accessible).
2026-10-05 15:06:47 Result: file '/etc/pki/ca-trust/extracted/pem/directory-hash/Hellenic_Academic_and_Research_Institutions_ECC_RootCA_2015.pem' belongs to package (ca)
2026-10-05 15:06:47 Test: check if we can access /etc/pki/ca-trust/extracted/pem/directory-hash/Hellenic_Academic_and_Research_Institutions_RootCA_2015.pem (escaped: /etc/pki/ca-trust/extracted/pem/directory-hash/Hellenic_Academic_and_Research_Institutions_RootCA_2015.pem)
2026-10-05 15:06:47 Result: file is owned by our current user ID (0), checking if it is readable
2026-10-05 15:06:48 Result: file /etc/pki/ca-trust/extracted/pem/directory-hash/Hellenic_Academic_and_Research_Institutions_RootCA_2015.pem is readable (or directory accessible).
2026-10-05 15:06:48 Result: file '/etc/pki/ca-trust/extracted/pem/directory-hash/Hellenic_Academic_and_Research_Institutions_RootCA_2015.pem' belongs to package (ca)
2026-10-05 15:06:48 Test: check if we can access /etc/pki/ca-trust/extracted/pem/directory-hash/HiPKI_Root_CA_-_G1.pem (escaped: /etc/pki/ca-trust/extracted/pem/directory-hash/HiPKI_Root_CA_-_G1.pem)
2026-10-05 15:06:48 Result: file is owned by our current user ID (0), checking if it is readable
2026-10-05 15:06:48 Result: file /etc/pki/ca-trust/extracted/pem/directory-hash/HiPKI_Root_CA_-_G1.pem is readable (or directory accessible).
2026-10-05 15:06:48 Result: file '/etc/pki/ca-trust/extracted/pem/directory-hash/HiPKI_Root_CA_-_G1.pem' belongs to package (ca)
2026-10-05 15:06:48 Test: check if we can access /etc/pki/ca-trust/extracted/pem/directory-hash/Hongkong_Post_Root_CA_3.pem (escaped: /etc/pki/ca-trust/extracted/pem/directory-hash/Hongkong_Post_Root_CA_3.pem)
2026-10-05 15:06:48 Result: file is owned by our current user ID (0), checking if it is readable
2026-10-05 15:06:48 Result: file /etc/pki/ca-trust/extracted/pem/directory-hash/Hongkong_Post_Root_CA_3.pem is readable (or directory accessible).
2026-10-05 15:06:48 Result: file '/etc/pki/ca-trust/extracted/pem/directory-hash/Hongkong_Post_Root_CA_3.pem' belongs to package (ca)
2026-10-05 15:06:48 Test: check if we can access /etc/pki/ca-trust/extracted/pem/directory-hash/ISRG_Root_X1.pem (escaped: /etc/pki/ca-trust/extracted/pem/directory-hash/ISRG_Root_X1.pem)
2026-10-05 15:06:48 Result: file is owned by our current user ID (0), checking if it is readable
2026-10-05 15:06:48 Result: file /etc/pki/ca-trust/extracted/pem/directory-hash/ISRG_Root_X1.pem is readable (or directory accessible).
2026-10-05 15:06:48 Result: file '/etc/pki/ca-trust/extracted/pem/directory-hash/ISRG_Root_X1.pem' belongs to package (ca)
2026-10-05 15:06:48 Test: check if we can access /etc/pki/ca-trust/extracted/pem/directory-hash/ISRG_Root_X2.pem (escaped: /etc/pki/ca-trust/extracted/pem/directory-hash/ISRG_Root_X2.pem)
2026-10-05 15:06:48 Result: file is owned by our current user ID (0), checking if it is readable
2026-10-05 15:06:48 Result: file /etc/pki/ca-trust/extracted/pem/directory-hash/ISRG_Root_X2.pem is readable (or directory accessible).
2026-10-05 15:06:48 Result: file '/etc/pki/ca-trust/extracted/pem/directory-hash/ISRG_Root_X2.pem' belongs to package (ca)
2026-10-05 15:06:48 Test: check if we can access /etc/pki/ca-trust/extracted/pem/directory-hash/IdenTrust_Commercial_Root_CA_1.pem (escaped: /etc/pki/ca-trust/extracted/pem/directory-hash/IdenTrust_Commercial_Root_CA_1.pem)
2026-10-05 15:06:48 Result: file is owned by our current user ID (0), checking if it is readable
2026-10-05 15:06:48 Result: file /etc/pki/ca-trust/extracted/pem/directory-hash/IdenTrust_Commercial_Root_CA_1.pem is readable (or directory accessible).
2026-10-05 15:06:48 Result: file '/etc/pki/ca-trust/extracted/pem/directory-hash/IdenTrust_Commercial_Root_CA_1.pem' belongs to package (ca)
2026-10-05 15:06:48 Test: check if we can access /etc/pki/ca-trust/extracted/pem/directory-hash/IdenTrust_Public_Sector_Root_CA_1.pem (escaped: /etc/pki/ca-trust/extracted/pem/directory-hash/IdenTrust_Public_Sector_Root_CA_1.pem)
2026-10-05 15:06:48 Result: file is owned by our current user ID (0), checking if it is readable
2026-10-05 15:06:49 Result: file /etc/pki/ca-trust/extracted/pem/directory-hash/IdenTrust_Public_Sector_Root_CA_1.pem is readable (or directory accessible).
2026-10-05 15:06:49 Result: file '/etc/pki/ca-trust/extracted/pem/directory-hash/IdenTrust_Public_Sector_Root_CA_1.pem' belongs to package (ca)
2026-10-05 15:06:49 Test: check if we can access /etc/pki/ca-trust/extracted/pem/directory-hash/Izenpe.com.pem (escaped: /etc/pki/ca-trust/extracted/pem/directory-hash/Izenpe.com.pem)
2026-10-05 15:06:49 Result: file is owned by our current user ID (0), checking if it is readable
2026-10-05 15:06:49 Result: file /etc/pki/ca-trust/extracted/pem/directory-hash/Izenpe.com.pem is readable (or directory accessible).
2026-10-05 15:06:49 Result: file '/etc/pki/ca-trust/extracted/pem/directory-hash/Izenpe.com.pem' belongs to package (ca)
2026-10-05 15:06:49 Test: check if we can access /etc/pki/ca-trust/extracted/pem/directory-hash/Microsec_e-Szigno_Root_CA_2009.pem (escaped: /etc/pki/ca-trust/extracted/pem/directory-hash/Microsec_e-Szigno_Root_CA_2009.pem)
2026-10-05 15:06:49 Result: file is owned by our current user ID (0), checking if it is readable
2026-10-05 15:06:49 Result: file /etc/pki/ca-trust/extracted/pem/directory-hash/Microsec_e-Szigno_Root_CA_2009.pem is readable (or directory accessible).
2026-10-05 15:06:49 Result: file '/etc/pki/ca-trust/extracted/pem/directory-hash/Microsec_e-Szigno_Root_CA_2009.pem' belongs to package (ca)
2026-10-05 15:06:49 Test: check if we can access /etc/pki/ca-trust/extracted/pem/directory-hash/Microsoft_ECC_Root_Certificate_Authority_2017.pem (escaped: /etc/pki/ca-trust/extracted/pem/directory-hash/Microsoft_ECC_Root_Certificate_Authority_2017.pem)
2026-10-05 15:06:49 Result: file is owned by our current user ID (0), checking if it is readable
2026-10-05 15:06:49 Result: file /etc/pki/ca-trust/extracted/pem/directory-hash/Microsoft_ECC_Root_Certificate_Authority_2017.pem is readable (or directory accessible).
2026-10-05 15:06:49 Result: file '/etc/pki/ca-trust/extracted/pem/directory-hash/Microsoft_ECC_Root_Certificate_Authority_2017.pem' belongs to package (ca)
2026-10-05 15:06:49 Test: check if we can access /etc/pki/ca-trust/extracted/pem/directory-hash/Microsoft_RSA_Root_Certificate_Authority_2017.pem (escaped: /etc/pki/ca-trust/extracted/pem/directory-hash/Microsoft_RSA_Root_Certificate_Authority_2017.pem)
2026-10-05 15:06:49 Result: file is owned by our current user ID (0), checking if it is readable
2026-10-05 15:06:49 Result: file /etc/pki/ca-trust/extracted/pem/directory-hash/Microsoft_RSA_Root_Certificate_Authority_2017.pem is readable (or directory accessible).
2026-10-05 15:06:49 Result: file '/etc/pki/ca-trust/extracted/pem/directory-hash/Microsoft_RSA_Root_Certificate_Authority_2017.pem' belongs to package (ca)
2026-10-05 15:06:49 Test: check if we can access /etc/pki/ca-trust/extracted/pem/directory-hash/NAVER_Global_Root_Certification_Authority.pem (escaped: /etc/pki/ca-trust/extracted/pem/directory-hash/NAVER_Global_Root_Certification_Authority.pem)
2026-10-05 15:06:49 Result: file is owned by our current user ID (0), checking if it is readable
2026-10-05 15:06:49 Result: file /etc/pki/ca-trust/extracted/pem/directory-hash/NAVER_Global_Root_Certification_Authority.pem is readable (or directory accessible).
2026-10-05 15:06:49 Result: file '/etc/pki/ca-trust/extracted/pem/directory-hash/NAVER_Global_Root_Certification_Authority.pem' belongs to package (ca)
2026-10-05 15:06:49 Test: check if we can access /etc/pki/ca-trust/extracted/pem/directory-hash/NetLock_Arany__Class_Gold__F__tan__s__tv__ny.pem (escaped: /etc/pki/ca-trust/extracted/pem/directory-hash/NetLock_Arany__Class_Gold__F__tan__s__tv__ny.pem)
2026-10-05 15:06:49 Result: file is owned by our current user ID (0), checking if it is readable
2026-10-05 15:06:50 Result: file /etc/pki/ca-trust/extracted/pem/directory-hash/NetLock_Arany__Class_Gold__F__tan__s__tv__ny.pem is readable (or directory accessible).
2026-10-05 15:06:50 Result: file '/etc/pki/ca-trust/extracted/pem/directory-hash/NetLock_Arany__Class_Gold__F__tan__s__tv__ny.pem' belongs to package (ca)
2026-10-05 15:06:50 Test: check if we can access /etc/pki/ca-trust/extracted/pem/directory-hash/OISTE_WISeKey_Global_Root_GB_CA.pem (escaped: /etc/pki/ca-trust/extracted/pem/directory-hash/OISTE_WISeKey_Global_Root_GB_CA.pem)
2026-10-05 15:06:50 Result: file is owned by our current user ID (0), checking if it is readable
2026-10-05 15:06:50 Result: file /etc/pki/ca-trust/extracted/pem/directory-hash/OISTE_WISeKey_Global_Root_GB_CA.pem is readable (or directory accessible).
2026-10-05 15:06:50 Result: file '/etc/pki/ca-trust/extracted/pem/directory-hash/OISTE_WISeKey_Global_Root_GB_CA.pem' belongs to package (ca)
2026-10-05 15:06:50 Test: check if we can access /etc/pki/ca-trust/extracted/pem/directory-hash/OISTE_WISeKey_Global_Root_GC_CA.pem (escaped: /etc/pki/ca-trust/extracted/pem/directory-hash/OISTE_WISeKey_Global_Root_GC_CA.pem)
2026-10-05 15:06:50 Result: file is owned by our current user ID (0), checking if it is readable
2026-10-05 15:06:50 Result: file /etc/pki/ca-trust/extracted/pem/directory-hash/OISTE_WISeKey_Global_Root_GC_CA.pem is readable (or directory accessible).
2026-10-05 15:06:50 Result: file '/etc/pki/ca-trust/extracted/pem/directory-hash/OISTE_WISeKey_Global_Root_GC_CA.pem' belongs to package (ca)
2026-10-05 15:06:50 Test: check if we can access /etc/pki/ca-trust/extracted/pem/directory-hash/QuoVadis_Root_CA_1_G3.pem (escaped: /etc/pki/ca-trust/extracted/pem/directory-hash/QuoVadis_Root_CA_1_G3.pem)
2026-10-05 15:06:50 Result: file is owned by our current user ID (0), checking if it is readable
2026-10-05 15:06:50 Result: file /etc/pki/ca-trust/extracted/pem/directory-hash/QuoVadis_Root_CA_1_G3.pem is readable (or directory accessible).
2026-10-05 15:06:50 Result: file '/etc/pki/ca-trust/extracted/pem/directory-hash/QuoVadis_Root_CA_1_G3.pem' belongs to package (ca)
2026-10-05 15:06:50 Test: check if we can access /etc/pki/ca-trust/extracted/pem/directory-hash/QuoVadis_Root_CA_2.pem (escaped: /etc/pki/ca-trust/extracted/pem/directory-hash/QuoVadis_Root_CA_2.pem)
2026-10-05 15:06:50 Result: file is owned by our current user ID (0), checking if it is readable
2026-10-05 15:06:50 Result: file /etc/pki/ca-trust/extracted/pem/directory-hash/QuoVadis_Root_CA_2.pem is readable (or directory accessible).
2026-10-05 15:06:50 Result: file '/etc/pki/ca-trust/extracted/pem/directory-hash/QuoVadis_Root_CA_2.pem' belongs to package (ca)
2026-10-05 15:06:50 Test: check if we can access /etc/pki/ca-trust/extracted/pem/directory-hash/QuoVadis_Root_CA_2_G3.pem (escaped: /etc/pki/ca-trust/extracted/pem/directory-hash/QuoVadis_Root_CA_2_G3.pem)
2026-10-05 15:06:50 Result: file is owned by our current user ID (0), checking if it is readable
2026-10-05 15:06:50 Result: file /etc/pki/ca-trust/extracted/pem/directory-hash/QuoVadis_Root_CA_2_G3.pem is readable (or directory accessible).
2026-10-05 15:06:50 Result: file '/etc/pki/ca-trust/extracted/pem/directory-hash/QuoVadis_Root_CA_2_G3.pem' belongs to package (ca)
2026-10-05 15:06:50 Test: check if we can access /etc/pki/ca-trust/extracted/pem/directory-hash/QuoVadis_Root_CA_3.pem (escaped: /etc/pki/ca-trust/extracted/pem/directory-hash/QuoVadis_Root_CA_3.pem)
2026-10-05 15:06:50 Result: file is owned by our current user ID (0), checking if it is readable
2026-10-05 15:06:50 Result: file /etc/pki/ca-trust/extracted/pem/directory-hash/QuoVadis_Root_CA_3.pem is readable (or directory accessible).
2026-10-05 15:06:51 Result: file '/etc/pki/ca-trust/extracted/pem/directory-hash/QuoVadis_Root_CA_3.pem' belongs to package (ca)
2026-10-05 15:06:51 Test: check if we can access /etc/pki/ca-trust/extracted/pem/directory-hash/QuoVadis_Root_CA_3_G3.pem (escaped: /etc/pki/ca-trust/extracted/pem/directory-hash/QuoVadis_Root_CA_3_G3.pem)
2026-10-05 15:06:51 Result: file is owned by our current user ID (0), checking if it is readable
2026-10-05 15:06:51 Result: file /etc/pki/ca-trust/extracted/pem/directory-hash/QuoVadis_Root_CA_3_G3.pem is readable (or directory accessible).
2026-10-05 15:06:51 Result: file '/etc/pki/ca-trust/extracted/pem/directory-hash/QuoVadis_Root_CA_3_G3.pem' belongs to package (ca)
2026-10-05 15:06:51 Test: check if we can access /etc/pki/ca-trust/extracted/pem/directory-hash/SSL.com_EV_Root_Certification_Authority_ECC.pem (escaped: /etc/pki/ca-trust/extracted/pem/directory-hash/SSL.com_EV_Root_Certification_Authority_ECC.pem)
2026-10-05 15:06:51 Result: file is owned by our current user ID (0), checking if it is readable
2026-10-05 15:06:51 Result: file /etc/pki/ca-trust/extracted/pem/directory-hash/SSL.com_EV_Root_Certification_Authority_ECC.pem is readable (or directory accessible).
2026-10-05 15:06:51 Result: file '/etc/pki/ca-trust/extracted/pem/directory-hash/SSL.com_EV_Root_Certification_Authority_ECC.pem' belongs to package (ca)
2026-10-05 15:06:51 Test: check if we can access /etc/pki/ca-trust/extracted/pem/directory-hash/SSL.com_EV_Root_Certification_Authority_RSA_R2.pem (escaped: /etc/pki/ca-trust/extracted/pem/directory-hash/SSL.com_EV_Root_Certification_Authority_RSA_R2.pem)
2026-10-05 15:06:51 Result: file is owned by our current user ID (0), checking if it is readable
2026-10-05 15:06:51 Result: file /etc/pki/ca-trust/extracted/pem/directory-hash/SSL.com_EV_Root_Certification_Authority_RSA_R2.pem is readable (or directory accessible).
2026-10-05 15:06:51 Result: file '/etc/pki/ca-trust/extracted/pem/directory-hash/SSL.com_EV_Root_Certification_Authority_RSA_R2.pem' belongs to package (ca)
2026-10-05 15:06:51 Test: check if we can access /etc/pki/ca-trust/extracted/pem/directory-hash/SSL.com_Root_Certification_Authority_ECC.pem (escaped: /etc/pki/ca-trust/extracted/pem/directory-hash/SSL.com_Root_Certification_Authority_ECC.pem)
2026-10-05 15:06:51 Result: file is owned by our current user ID (0), checking if it is readable
2026-10-05 15:06:51 Result: file /etc/pki/ca-trust/extracted/pem/directory-hash/SSL.com_Root_Certification_Authority_ECC.pem is readable (or directory accessible).
2026-10-05 15:06:51 Result: file '/etc/pki/ca-trust/extracted/pem/directory-hash/SSL.com_Root_Certification_Authority_ECC.pem' belongs to package (ca)
2026-10-05 15:06:51 Test: check if we can access /etc/pki/ca-trust/extracted/pem/directory-hash/SSL.com_Root_Certification_Authority_RSA.pem (escaped: /etc/pki/ca-trust/extracted/pem/directory-hash/SSL.com_Root_Certification_Authority_RSA.pem)
2026-10-05 15:06:51 Result: file is owned by our current user ID (0), checking if it is readable
2026-10-05 15:06:51 Result: file /etc/pki/ca-trust/extracted/pem/directory-hash/SSL.com_Root_Certification_Authority_RSA.pem is readable (or directory accessible).
2026-10-05 15:06:51 Result: file '/etc/pki/ca-trust/extracted/pem/directory-hash/SSL.com_Root_Certification_Authority_RSA.pem' belongs to package (ca)
2026-10-05 15:06:51 Test: check if we can access /etc/pki/ca-trust/extracted/pem/directory-hash/SSL.com_TLS_ECC_Root_CA_2022.pem (escaped: /etc/pki/ca-trust/extracted/pem/directory-hash/SSL.com_TLS_ECC_Root_CA_2022.pem)
2026-10-05 15:06:51 Result: file is owned by our current user ID (0), checking if it is readable
2026-10-05 15:06:51 Result: file /etc/pki/ca-trust/extracted/pem/directory-hash/SSL.com_TLS_ECC_Root_CA_2022.pem is readable (or directory accessible).
2026-10-05 15:06:51 Result: file '/etc/pki/ca-trust/extracted/pem/directory-hash/SSL.com_TLS_ECC_Root_CA_2022.pem' belongs to package (ca)
2026-10-05 15:06:52 Test: check if we can access /etc/pki/ca-trust/extracted/pem/directory-hash/SSL.com_TLS_RSA_Root_CA_2022.pem (escaped: /etc/pki/ca-trust/extracted/pem/directory-hash/SSL.com_TLS_RSA_Root_CA_2022.pem)
2026-10-05 15:06:52 Result: file is owned by our current user ID (0), checking if it is readable
2026-10-05 15:06:52 Result: file /etc/pki/ca-trust/extracted/pem/directory-hash/SSL.com_TLS_RSA_Root_CA_2022.pem is readable (or directory accessible).
2026-10-05 15:06:52 Result: file '/etc/pki/ca-trust/extracted/pem/directory-hash/SSL.com_TLS_RSA_Root_CA_2022.pem' belongs to package (ca)
2026-10-05 15:06:52 Test: check if we can access /etc/pki/ca-trust/extracted/pem/directory-hash/SZAFIR_ROOT_CA2.pem (escaped: /etc/pki/ca-trust/extracted/pem/directory-hash/SZAFIR_ROOT_CA2.pem)
2026-10-05 15:06:52 Result: file is owned by our current user ID (0), checking if it is readable
2026-10-05 15:06:52 Result: file /etc/pki/ca-trust/extracted/pem/directory-hash/SZAFIR_ROOT_CA2.pem is readable (or directory accessible).
2026-10-05 15:06:52 Result: file '/etc/pki/ca-trust/extracted/pem/directory-hash/SZAFIR_ROOT_CA2.pem' belongs to package (ca)
2026-10-05 15:06:52 Test: check if we can access /etc/pki/ca-trust/extracted/pem/directory-hash/Sectigo_Public_Server_Authentication_Root_E46.pem (escaped: /etc/pki/ca-trust/extracted/pem/directory-hash/Sectigo_Public_Server_Authentication_Root_E46.pem)
2026-10-05 15:06:52 Result: file is owned by our current user ID (0), checking if it is readable
2026-10-05 15:06:52 Result: file /etc/pki/ca-trust/extracted/pem/directory-hash/Sectigo_Public_Server_Authentication_Root_E46.pem is readable (or directory accessible).
2026-10-05 15:06:52 Result: file '/etc/pki/ca-trust/extracted/pem/directory-hash/Sectigo_Public_Server_Authentication_Root_E46.pem' belongs to package (ca)
2026-10-05 15:06:52 Test: check if we can access /etc/pki/ca-trust/extracted/pem/directory-hash/Sectigo_Public_Server_Authentication_Root_R46.pem (escaped: /etc/pki/ca-trust/extracted/pem/directory-hash/Sectigo_Public_Server_Authentication_Root_R46.pem)
2026-10-05 15:06:52 Result: file is owned by our current user ID (0), checking if it is readable
2026-10-05 15:06:52 Result: file /etc/pki/ca-trust/extracted/pem/directory-hash/Sectigo_Public_Server_Authentication_Root_R46.pem is readable (or directory accessible).
2026-10-05 15:06:52 Result: file '/etc/pki/ca-trust/extracted/pem/directory-hash/Sectigo_Public_Server_Authentication_Root_R46.pem' belongs to package (ca)
2026-10-05 15:06:52 Test: check if we can access /etc/pki/ca-trust/extracted/pem/directory-hash/SecureSign_Root_CA12.pem (escaped: /etc/pki/ca-trust/extracted/pem/directory-hash/SecureSign_Root_CA12.pem)
2026-10-05 15:06:52 Result: file is owned by our current user ID (0), checking if it is readable
2026-10-05 15:06:52 Result: file /etc/pki/ca-trust/extracted/pem/directory-hash/SecureSign_Root_CA12.pem is readable (or directory accessible).
2026-10-05 15:06:52 Result: file '/etc/pki/ca-trust/extracted/pem/directory-hash/SecureSign_Root_CA12.pem' belongs to package (ca)
2026-10-05 15:06:52 Test: check if we can access /etc/pki/ca-trust/extracted/pem/directory-hash/SecureSign_Root_CA14.pem (escaped: /etc/pki/ca-trust/extracted/pem/directory-hash/SecureSign_Root_CA14.pem)
2026-10-05 15:06:52 Result: file is owned by our current user ID (0), checking if it is readable
2026-10-05 15:06:52 Result: file /etc/pki/ca-trust/extracted/pem/directory-hash/SecureSign_Root_CA14.pem is readable (or directory accessible).
2026-10-05 15:06:52 Result: file '/etc/pki/ca-trust/extracted/pem/directory-hash/SecureSign_Root_CA14.pem' belongs to package (ca)
2026-10-05 15:06:53 Test: check if we can access /etc/pki/ca-trust/extracted/pem/directory-hash/SecureSign_Root_CA15.pem (escaped: /etc/pki/ca-trust/extracted/pem/directory-hash/SecureSign_Root_CA15.pem)
2026-10-05 15:06:53 Result: file is owned by our current user ID (0), checking if it is readable
2026-10-05 15:06:53 Result: file /etc/pki/ca-trust/extracted/pem/directory-hash/SecureSign_Root_CA15.pem is readable (or directory accessible).
2026-10-05 15:06:53 Result: file '/etc/pki/ca-trust/extracted/pem/directory-hash/SecureSign_Root_CA15.pem' belongs to package (ca)
2026-10-05 15:06:53 Test: check if we can access /etc/pki/ca-trust/extracted/pem/directory-hash/SecureTrust_CA.pem (escaped: /etc/pki/ca-trust/extracted/pem/directory-hash/SecureTrust_CA.pem)
2026-10-05 15:06:53 Result: file is owned by our current user ID (0), checking if it is readable
2026-10-05 15:06:53 Result: file /etc/pki/ca-trust/extracted/pem/directory-hash/SecureTrust_CA.pem is readable (or directory accessible).
2026-10-05 15:06:53 Result: file '/etc/pki/ca-trust/extracted/pem/directory-hash/SecureTrust_CA.pem' belongs to package (ca)
2026-10-05 15:06:53 Test: check if we can access /etc/pki/ca-trust/extracted/pem/directory-hash/Secure_Global_CA.pem (escaped: /etc/pki/ca-trust/extracted/pem/directory-hash/Secure_Global_CA.pem)
2026-10-05 15:06:53 Result: file is owned by our current user ID (0), checking if it is readable
2026-10-05 15:06:53 Result: file /etc/pki/ca-trust/extracted/pem/directory-hash/Secure_Global_CA.pem is readable (or directory accessible).
2026-10-05 15:06:53 Result: file '/etc/pki/ca-trust/extracted/pem/directory-hash/Secure_Global_CA.pem' belongs to package (ca)
2026-10-05 15:06:53 Test: check if we can access /etc/pki/ca-trust/extracted/pem/directory-hash/Security_Communication_ECC_RootCA1.pem (escaped: /etc/pki/ca-trust/extracted/pem/directory-hash/Security_Communication_ECC_RootCA1.pem)
2026-10-05 15:06:53 Result: file is owned by our current user ID (0), checking if it is readable
2026-10-05 15:06:53 Result: file /etc/pki/ca-trust/extracted/pem/directory-hash/Security_Communication_ECC_RootCA1.pem is readable (or directory accessible).
2026-10-05 15:06:53 Result: file '/etc/pki/ca-trust/extracted/pem/directory-hash/Security_Communication_ECC_RootCA1.pem' belongs to package (ca)
2026-10-05 15:06:53 Test: check if we can access /etc/pki/ca-trust/extracted/pem/directory-hash/Security_Communication_RootCA2.pem (escaped: /etc/pki/ca-trust/extracted/pem/directory-hash/Security_Communication_RootCA2.pem)
2026-10-05 15:06:53 Result: file is owned by our current user ID (0), checking if it is readable
2026-10-05 15:06:53 Result: file /etc/pki/ca-trust/extracted/pem/directory-hash/Security_Communication_RootCA2.pem is readable (or directory accessible).
2026-10-05 15:06:53 Result: file '/etc/pki/ca-trust/extracted/pem/directory-hash/Security_Communication_RootCA2.pem' belongs to package (ca)
2026-10-05 15:06:53 Test: check if we can access /etc/pki/ca-trust/extracted/pem/directory-hash/Starfield_Root_Certificate_Authority_-_G2.pem (escaped: /etc/pki/ca-trust/extracted/pem/directory-hash/Starfield_Root_Certificate_Authority_-_G2.pem)
2026-10-05 15:06:53 Result: file is owned by our current user ID (0), checking if it is readable
2026-10-05 15:06:53 Result: file /etc/pki/ca-trust/extracted/pem/directory-hash/Starfield_Root_Certificate_Authority_-_G2.pem is readable (or directory accessible).
2026-10-05 15:06:53 Result: file '/etc/pki/ca-trust/extracted/pem/directory-hash/Starfield_Root_Certificate_Authority_-_G2.pem' belongs to package (ca)
2026-10-05 15:06:54 Test: check if we can access /etc/pki/ca-trust/extracted/pem/directory-hash/Starfield_Services_Root_Certificate_Authority_-_G2.pem (escaped: /etc/pki/ca-trust/extracted/pem/directory-hash/Starfield_Services_Root_Certificate_Authority_-_G2.pem)
2026-10-05 15:06:54 Result: file is owned by our current user ID (0), checking if it is readable
2026-10-05 15:06:54 Result: file /etc/pki/ca-trust/extracted/pem/directory-hash/Starfield_Services_Root_Certificate_Authority_-_G2.pem is readable (or directory accessible).
2026-10-05 15:06:54 Result: file '/etc/pki/ca-trust/extracted/pem/directory-hash/Starfield_Services_Root_Certificate_Authority_-_G2.pem' belongs to package (ca)
2026-10-05 15:06:54 Test: check if we can access /etc/pki/ca-trust/extracted/pem/directory-hash/SwissSign_Gold_CA_-_G2.pem (escaped: /etc/pki/ca-trust/extracted/pem/directory-hash/SwissSign_Gold_CA_-_G2.pem)
2026-10-05 15:06:54 Result: file is owned by our current user ID (0), checking if it is readable
2026-10-05 15:06:54 Result: file /etc/pki/ca-trust/extracted/pem/directory-hash/SwissSign_Gold_CA_-_G2.pem is readable (or directory accessible).
2026-10-05 15:06:54 Result: file '/etc/pki/ca-trust/extracted/pem/directory-hash/SwissSign_Gold_CA_-_G2.pem' belongs to package (ca)
2026-10-05 15:06:54 Test: check if we can access /etc/pki/ca-trust/extracted/pem/directory-hash/SwissSign_RSA_TLS_Root_CA_2022_-_1.pem (escaped: /etc/pki/ca-trust/extracted/pem/directory-hash/SwissSign_RSA_TLS_Root_CA_2022_-_1.pem)
2026-10-05 15:06:54 Result: file is owned by our current user ID (0), checking if it is readable
2026-10-05 15:06:54 Result: file /etc/pki/ca-trust/extracted/pem/directory-hash/SwissSign_RSA_TLS_Root_CA_2022_-_1.pem is readable (or directory accessible).
2026-10-05 15:06:54 Result: file '/etc/pki/ca-trust/extracted/pem/directory-hash/SwissSign_RSA_TLS_Root_CA_2022_-_1.pem' belongs to package (ca)
2026-10-05 15:06:54 Test: check if we can access /etc/pki/ca-trust/extracted/pem/directory-hash/T-TeleSec_GlobalRoot_Class_2.pem (escaped: /etc/pki/ca-trust/extracted/pem/directory-hash/T-TeleSec_GlobalRoot_Class_2.pem)
2026-10-05 15:06:54 Result: file is owned by our current user ID (0), checking if it is readable
2026-10-05 15:06:54 Result: file /etc/pki/ca-trust/extracted/pem/directory-hash/T-TeleSec_GlobalRoot_Class_2.pem is readable (or directory accessible).
2026-10-05 15:06:54 Result: file '/etc/pki/ca-trust/extracted/pem/directory-hash/T-TeleSec_GlobalRoot_Class_2.pem' belongs to package (ca)
2026-10-05 15:06:54 Test: check if we can access /etc/pki/ca-trust/extracted/pem/directory-hash/T-TeleSec_GlobalRoot_Class_3.pem (escaped: /etc/pki/ca-trust/extracted/pem/directory-hash/T-TeleSec_GlobalRoot_Class_3.pem)
2026-10-05 15:06:54 Result: file is owned by our current user ID (0), checking if it is readable
2026-10-05 15:06:54 Result: file /etc/pki/ca-trust/extracted/pem/directory-hash/T-TeleSec_GlobalRoot_Class_3.pem is readable (or directory accessible).
2026-10-05 15:06:54 Result: file '/etc/pki/ca-trust/extracted/pem/directory-hash/T-TeleSec_GlobalRoot_Class_3.pem' belongs to package (ca)
2026-10-05 15:06:54 Test: check if we can access /etc/pki/ca-trust/extracted/pem/directory-hash/TUBITAK_Kamu_SM_SSL_Kok_Sertifikasi_-_Surum_1.pem (escaped: /etc/pki/ca-trust/extracted/pem/directory-hash/TUBITAK_Kamu_SM_SSL_Kok_Sertifikasi_-_Surum_1.pem)
2026-10-05 15:06:54 Result: file is owned by our current user ID (0), checking if it is readable
2026-10-05 15:06:54 Result: file /etc/pki/ca-trust/extracted/pem/directory-hash/TUBITAK_Kamu_SM_SSL_Kok_Sertifikasi_-_Surum_1.pem is readable (or directory accessible).
2026-10-05 15:06:55 Result: file '/etc/pki/ca-trust/extracted/pem/directory-hash/TUBITAK_Kamu_SM_SSL_Kok_Sertifikasi_-_Surum_1.pem' belongs to package (ca)
2026-10-05 15:06:55 Test: check if we can access /etc/pki/ca-trust/extracted/pem/directory-hash/TWCA_CYBER_Root_CA.pem (escaped: /etc/pki/ca-trust/extracted/pem/directory-hash/TWCA_CYBER_Root_CA.pem)
2026-10-05 15:06:55 Result: file is owned by our current user ID (0), checking if it is readable
2026-10-05 15:06:55 Result: file /etc/pki/ca-trust/extracted/pem/directory-hash/TWCA_CYBER_Root_CA.pem is readable (or directory accessible).
2026-10-05 15:06:55 Result: file '/etc/pki/ca-trust/extracted/pem/directory-hash/TWCA_CYBER_Root_CA.pem' belongs to package (ca)
2026-10-05 15:06:55 Test: check if we can access /etc/pki/ca-trust/extracted/pem/directory-hash/TWCA_Global_Root_CA.pem (escaped: /etc/pki/ca-trust/extracted/pem/directory-hash/TWCA_Global_Root_CA.pem)
2026-10-05 15:06:55 Result: file is owned by our current user ID (0), checking if it is readable
2026-10-05 15:06:55 Result: file /etc/pki/ca-trust/extracted/pem/directory-hash/TWCA_Global_Root_CA.pem is readable (or directory accessible).
2026-10-05 15:06:55 Result: file '/etc/pki/ca-trust/extracted/pem/directory-hash/TWCA_Global_Root_CA.pem' belongs to package (ca)
2026-10-05 15:06:55 Test: check if we can access /etc/pki/ca-trust/extracted/pem/directory-hash/TWCA_Root_Certification_Authority.pem (escaped: /etc/pki/ca-trust/extracted/pem/directory-hash/TWCA_Root_Certification_Authority.pem)
2026-10-05 15:06:55 Result: file is owned by our current user ID (0), checking if it is readable
2026-10-05 15:06:55 Result: file /etc/pki/ca-trust/extracted/pem/directory-hash/TWCA_Root_Certification_Authority.pem is readable (or directory accessible).
2026-10-05 15:06:55 Result: file '/etc/pki/ca-trust/extracted/pem/directory-hash/TWCA_Root_Certification_Authority.pem' belongs to package (ca)
2026-10-05 15:06:55 Test: check if we can access /etc/pki/ca-trust/extracted/pem/directory-hash/Telekom_Security_TLS_ECC_Root_2020.pem (escaped: /etc/pki/ca-trust/extracted/pem/directory-hash/Telekom_Security_TLS_ECC_Root_2020.pem)
2026-10-05 15:06:55 Result: file is owned by our current user ID (0), checking if it is readable
2026-10-05 15:06:55 Result: file /etc/pki/ca-trust/extracted/pem/directory-hash/Telekom_Security_TLS_ECC_Root_2020.pem is readable (or directory accessible).
2026-10-05 15:06:55 Result: file '/etc/pki/ca-trust/extracted/pem/directory-hash/Telekom_Security_TLS_ECC_Root_2020.pem' belongs to package (ca)
2026-10-05 15:06:55 Test: check if we can access /etc/pki/ca-trust/extracted/pem/directory-hash/Telekom_Security_TLS_RSA_Root_2023.pem (escaped: /etc/pki/ca-trust/extracted/pem/directory-hash/Telekom_Security_TLS_RSA_Root_2023.pem)
2026-10-05 15:06:55 Result: file is owned by our current user ID (0), checking if it is readable
2026-10-05 15:06:55 Result: file /etc/pki/ca-trust/extracted/pem/directory-hash/Telekom_Security_TLS_RSA_Root_2023.pem is readable (or directory accessible).
2026-10-05 15:06:55 Result: file '/etc/pki/ca-trust/extracted/pem/directory-hash/Telekom_Security_TLS_RSA_Root_2023.pem' belongs to package (ca)
2026-10-05 15:06:55 Test: check if we can access /etc/pki/ca-trust/extracted/pem/directory-hash/TeliaSonera_Root_CA_v1.pem (escaped: /etc/pki/ca-trust/extracted/pem/directory-hash/TeliaSonera_Root_CA_v1.pem)
2026-10-05 15:06:55 Result: file is owned by our current user ID (0), checking if it is readable
2026-10-05 15:06:55 Result: file /etc/pki/ca-trust/extracted/pem/directory-hash/TeliaSonera_Root_CA_v1.pem is readable (or directory accessible).
2026-10-05 15:06:55 Result: file '/etc/pki/ca-trust/extracted/pem/directory-hash/TeliaSonera_Root_CA_v1.pem' belongs to package (ca)
2026-10-05 15:06:56 Test: check if we can access /etc/pki/ca-trust/extracted/pem/directory-hash/Telia_Root_CA_v2.pem (escaped: /etc/pki/ca-trust/extracted/pem/directory-hash/Telia_Root_CA_v2.pem)
2026-10-05 15:06:56 Result: file is owned by our current user ID (0), checking if it is readable
2026-10-05 15:06:56 Result: file /etc/pki/ca-trust/extracted/pem/directory-hash/Telia_Root_CA_v2.pem is readable (or directory accessible).
2026-10-05 15:06:56 Result: file '/etc/pki/ca-trust/extracted/pem/directory-hash/Telia_Root_CA_v2.pem' belongs to package (ca)
2026-10-05 15:06:56 Test: check if we can access /etc/pki/ca-trust/extracted/pem/directory-hash/TrustAsia_Global_Root_CA_G3.pem (escaped: /etc/pki/ca-trust/extracted/pem/directory-hash/TrustAsia_Global_Root_CA_G3.pem)
2026-10-05 15:06:56 Result: file is owned by our current user ID (0), checking if it is readable
2026-10-05 15:06:56 Result: file /etc/pki/ca-trust/extracted/pem/directory-hash/TrustAsia_Global_Root_CA_G3.pem is readable (or directory accessible).
2026-10-05 15:06:56 Result: file '/etc/pki/ca-trust/extracted/pem/directory-hash/TrustAsia_Global_Root_CA_G3.pem' belongs to package (ca)
2026-10-05 15:06:56 Test: check if we can access /etc/pki/ca-trust/extracted/pem/directory-hash/TrustAsia_Global_Root_CA_G4.pem (escaped: /etc/pki/ca-trust/extracted/pem/directory-hash/TrustAsia_Global_Root_CA_G4.pem)
2026-10-05 15:06:56 Result: file is owned by our current user ID (0), checking if it is readable
2026-10-05 15:06:56 Result: file /etc/pki/ca-trust/extracted/pem/directory-hash/TrustAsia_Global_Root_CA_G4.pem is readable (or directory accessible).
2026-10-05 15:06:56 Result: file '/etc/pki/ca-trust/extracted/pem/directory-hash/TrustAsia_Global_Root_CA_G4.pem' belongs to package (ca)
2026-10-05 15:06:56 Test: check if we can access /etc/pki/ca-trust/extracted/pem/directory-hash/TrustAsia_TLS_ECC_Root_CA.pem (escaped: /etc/pki/ca-trust/extracted/pem/directory-hash/TrustAsia_TLS_ECC_Root_CA.pem)
2026-10-05 15:06:56 Result: file is owned by our current user ID (0), checking if it is readable
2026-10-05 15:06:56 Result: file /etc/pki/ca-trust/extracted/pem/directory-hash/TrustAsia_TLS_ECC_Root_CA.pem is readable (or directory accessible).
2026-10-05 15:06:56 Result: file '/etc/pki/ca-trust/extracted/pem/directory-hash/TrustAsia_TLS_ECC_Root_CA.pem' belongs to package (ca)
2026-10-05 15:06:56 Test: check if we can access /etc/pki/ca-trust/extracted/pem/directory-hash/TrustAsia_TLS_RSA_Root_CA.pem (escaped: /etc/pki/ca-trust/extracted/pem/directory-hash/TrustAsia_TLS_RSA_Root_CA.pem)
2026-10-05 15:06:56 Result: file is owned by our current user ID (0), checking if it is readable
2026-10-05 15:06:56 Result: file /etc/pki/ca-trust/extracted/pem/directory-hash/TrustAsia_TLS_RSA_Root_CA.pem is readable (or directory accessible).
2026-10-05 15:06:56 Result: file '/etc/pki/ca-trust/extracted/pem/directory-hash/TrustAsia_TLS_RSA_Root_CA.pem' belongs to package (ca)
2026-10-05 15:06:56 Test: check if we can access /etc/pki/ca-trust/extracted/pem/directory-hash/Trustwave_Global_Certification_Authority.pem (escaped: /etc/pki/ca-trust/extracted/pem/directory-hash/Trustwave_Global_Certification_Authority.pem)
2026-10-05 15:06:56 Result: file is owned by our current user ID (0), checking if it is readable
2026-10-05 15:06:56 Result: file /etc/pki/ca-trust/extracted/pem/directory-hash/Trustwave_Global_Certification_Authority.pem is readable (or directory accessible).
2026-10-05 15:06:56 Result: file '/etc/pki/ca-trust/extracted/pem/directory-hash/Trustwave_Global_Certification_Authority.pem' belongs to package (ca)
2026-10-05 15:06:56 Test: check if we can access /etc/pki/ca-trust/extracted/pem/directory-hash/Trustwave_Global_ECC_P256_Certification_Authority.pem (escaped: /etc/pki/ca-trust/extracted/pem/directory-hash/Trustwave_Global_ECC_P256_Certification_Authority.pem)
2026-10-05 15:06:57 Result: file is owned by our current user ID (0), checking if it is readable
2026-10-05 15:06:57 Result: file /etc/pki/ca-trust/extracted/pem/directory-hash/Trustwave_Global_ECC_P256_Certification_Authority.pem is readable (or directory accessible).
2026-10-05 15:06:57 Result: file '/etc/pki/ca-trust/extracted/pem/directory-hash/Trustwave_Global_ECC_P256_Certification_Authority.pem' belongs to package (ca)
2026-10-05 15:06:57 Test: check if we can access /etc/pki/ca-trust/extracted/pem/directory-hash/Trustwave_Global_ECC_P384_Certification_Authority.pem (escaped: /etc/pki/ca-trust/extracted/pem/directory-hash/Trustwave_Global_ECC_P384_Certification_Authority.pem)
2026-10-05 15:06:57 Result: file is owned by our current user ID (0), checking if it is readable
2026-10-05 15:06:57 Result: file /etc/pki/ca-trust/extracted/pem/directory-hash/Trustwave_Global_ECC_P384_Certification_Authority.pem is readable (or directory accessible).
2026-10-05 15:06:57 Result: file '/etc/pki/ca-trust/extracted/pem/directory-hash/Trustwave_Global_ECC_P384_Certification_Authority.pem' belongs to package (ca)
2026-10-05 15:06:57 Test: check if we can access /etc/pki/ca-trust/extracted/pem/directory-hash/TunTrust_Root_CA.pem (escaped: /etc/pki/ca-trust/extracted/pem/directory-hash/TunTrust_Root_CA.pem)
2026-10-05 15:06:57 Result: file is owned by our current user ID (0), checking if it is readable
2026-10-05 15:06:57 Result: file /etc/pki/ca-trust/extracted/pem/directory-hash/TunTrust_Root_CA.pem is readable (or directory accessible).
2026-10-05 15:06:57 Result: file '/etc/pki/ca-trust/extracted/pem/directory-hash/TunTrust_Root_CA.pem' belongs to package (ca)
2026-10-05 15:06:57 Test: check if we can access /etc/pki/ca-trust/extracted/pem/directory-hash/UCA_Extended_Validation_Root.pem (escaped: /etc/pki/ca-trust/extracted/pem/directory-hash/UCA_Extended_Validation_Root.pem)
2026-10-05 15:06:57 Result: file is owned by our current user ID (0), checking if it is readable
2026-10-05 15:06:57 Result: file /etc/pki/ca-trust/extracted/pem/directory-hash/UCA_Extended_Validation_Root.pem is readable (or directory accessible).
2026-10-05 15:06:57 Result: file '/etc/pki/ca-trust/extracted/pem/directory-hash/UCA_Extended_Validation_Root.pem' belongs to package (ca)
2026-10-05 15:06:57 Test: check if we can access /etc/pki/ca-trust/extracted/pem/directory-hash/UCA_Global_G2_Root.pem (escaped: /etc/pki/ca-trust/extracted/pem/directory-hash/UCA_Global_G2_Root.pem)
2026-10-05 15:06:57 Result: file is owned by our current user ID (0), checking if it is readable
2026-10-05 15:06:57 Result: file /etc/pki/ca-trust/extracted/pem/directory-hash/UCA_Global_G2_Root.pem is readable (or directory accessible).
2026-10-05 15:06:57 Result: file '/etc/pki/ca-trust/extracted/pem/directory-hash/UCA_Global_G2_Root.pem' belongs to package (ca)
2026-10-05 15:06:57 Test: check if we can access /etc/pki/ca-trust/extracted/pem/directory-hash/USERTrust_ECC_Certification_Authority.pem (escaped: /etc/pki/ca-trust/extracted/pem/directory-hash/USERTrust_ECC_Certification_Authority.pem)
2026-10-05 15:06:57 Result: file is owned by our current user ID (0), checking if it is readable
2026-10-05 15:06:57 Result: file /etc/pki/ca-trust/extracted/pem/directory-hash/USERTrust_ECC_Certification_Authority.pem is readable (or directory accessible).
2026-10-05 15:06:57 Result: file '/etc/pki/ca-trust/extracted/pem/directory-hash/USERTrust_ECC_Certification_Authority.pem' belongs to package (ca)
2026-10-05 15:06:57 Test: check if we can access /etc/pki/ca-trust/extracted/pem/directory-hash/USERTrust_RSA_Certification_Authority.pem (escaped: /etc/pki/ca-trust/extracted/pem/directory-hash/USERTrust_RSA_Certification_Authority.pem)
2026-10-05 15:06:57 Result: file is owned by our current user ID (0), checking if it is readable
2026-10-05 15:06:58 Result: file /etc/pki/ca-trust/extracted/pem/directory-hash/USERTrust_RSA_Certification_Authority.pem is readable (or directory accessible).
2026-10-05 15:06:58 Result: file '/etc/pki/ca-trust/extracted/pem/directory-hash/USERTrust_RSA_Certification_Authority.pem' belongs to package (ca)
2026-10-05 15:06:58 Test: check if we can access /etc/pki/ca-trust/extracted/pem/directory-hash/certSIGN_ROOT_CA.pem (escaped: /etc/pki/ca-trust/extracted/pem/directory-hash/certSIGN_ROOT_CA.pem)
2026-10-05 15:06:58 Result: file is owned by our current user ID (0), checking if it is readable
2026-10-05 15:06:58 Result: file /etc/pki/ca-trust/extracted/pem/directory-hash/certSIGN_ROOT_CA.pem is readable (or directory accessible).
2026-10-05 15:06:58 Result: file '/etc/pki/ca-trust/extracted/pem/directory-hash/certSIGN_ROOT_CA.pem' belongs to package (ca)
2026-10-05 15:06:58 Test: check if we can access /etc/pki/ca-trust/extracted/pem/directory-hash/certSIGN_Root_CA_G2.pem (escaped: /etc/pki/ca-trust/extracted/pem/directory-hash/certSIGN_Root_CA_G2.pem)
2026-10-05 15:06:58 Result: file is owned by our current user ID (0), checking if it is readable
2026-10-05 15:06:58 Result: file /etc/pki/ca-trust/extracted/pem/directory-hash/certSIGN_Root_CA_G2.pem is readable (or directory accessible).
2026-10-05 15:06:58 Result: file '/etc/pki/ca-trust/extracted/pem/directory-hash/certSIGN_Root_CA_G2.pem' belongs to package (ca)
2026-10-05 15:06:58 Test: check if we can access /etc/pki/ca-trust/extracted/pem/directory-hash/e-Szigno_Root_CA_2017.pem (escaped: /etc/pki/ca-trust/extracted/pem/directory-hash/e-Szigno_Root_CA_2017.pem)
2026-10-05 15:06:58 Result: file is owned by our current user ID (0), checking if it is readable
2026-10-05 15:06:58 Result: file /etc/pki/ca-trust/extracted/pem/directory-hash/e-Szigno_Root_CA_2017.pem is readable (or directory accessible).
2026-10-05 15:06:58 Result: file '/etc/pki/ca-trust/extracted/pem/directory-hash/e-Szigno_Root_CA_2017.pem' belongs to package (ca)
2026-10-05 15:06:58 Test: check if we can access /etc/pki/ca-trust/extracted/pem/directory-hash/ePKI_Root_Certification_Authority.pem (escaped: /etc/pki/ca-trust/extracted/pem/directory-hash/ePKI_Root_Certification_Authority.pem)
2026-10-05 15:06:58 Result: file is owned by our current user ID (0), checking if it is readable
2026-10-05 15:06:58 Result: file /etc/pki/ca-trust/extracted/pem/directory-hash/ePKI_Root_Certification_Authority.pem is readable (or directory accessible).
2026-10-05 15:06:58 Result: file '/etc/pki/ca-trust/extracted/pem/directory-hash/ePKI_Root_Certification_Authority.pem' belongs to package (ca)
2026-10-05 15:06:58 Test: check if we can access /etc/pki/ca-trust/extracted/pem/directory-hash/emSign_ECC_Root_CA_-_C3.pem (escaped: /etc/pki/ca-trust/extracted/pem/directory-hash/emSign_ECC_Root_CA_-_C3.pem)
2026-10-05 15:06:58 Result: file is owned by our current user ID (0), checking if it is readable
2026-10-05 15:06:58 Result: file /etc/pki/ca-trust/extracted/pem/directory-hash/emSign_ECC_Root_CA_-_C3.pem is readable (or directory accessible).
2026-10-05 15:06:58 Result: file '/etc/pki/ca-trust/extracted/pem/directory-hash/emSign_ECC_Root_CA_-_C3.pem' belongs to package (ca)
2026-10-05 15:06:58 Test: check if we can access /etc/pki/ca-trust/extracted/pem/directory-hash/emSign_ECC_Root_CA_-_G3.pem (escaped: /etc/pki/ca-trust/extracted/pem/directory-hash/emSign_ECC_Root_CA_-_G3.pem)
2026-10-05 15:06:58 Result: file is owned by our current user ID (0), checking if it is readable
2026-10-05 15:06:58 Result: file /etc/pki/ca-trust/extracted/pem/directory-hash/emSign_ECC_Root_CA_-_G3.pem is readable (or directory accessible).
2026-10-05 15:06:59 Result: file '/etc/pki/ca-trust/extracted/pem/directory-hash/emSign_ECC_Root_CA_-_G3.pem' belongs to package (ca)
2026-10-05 15:06:59 Test: check if we can access /etc/pki/ca-trust/extracted/pem/directory-hash/emSign_Root_CA_-_C1.pem (escaped: /etc/pki/ca-trust/extracted/pem/directory-hash/emSign_Root_CA_-_C1.pem)
2026-10-05 15:06:59 Result: file is owned by our current user ID (0), checking if it is readable
2026-10-05 15:06:59 Result: file /etc/pki/ca-trust/extracted/pem/directory-hash/emSign_Root_CA_-_C1.pem is readable (or directory accessible).
2026-10-05 15:06:59 Result: file '/etc/pki/ca-trust/extracted/pem/directory-hash/emSign_Root_CA_-_C1.pem' belongs to package (ca)
2026-10-05 15:06:59 Test: check if we can access /etc/pki/ca-trust/extracted/pem/directory-hash/emSign_Root_CA_-_G1.pem (escaped: /etc/pki/ca-trust/extracted/pem/directory-hash/emSign_Root_CA_-_G1.pem)
2026-10-05 15:06:59 Result: file is owned by our current user ID (0), checking if it is readable
2026-10-05 15:06:59 Result: file /etc/pki/ca-trust/extracted/pem/directory-hash/emSign_Root_CA_-_G1.pem is readable (or directory accessible).
2026-10-05 15:06:59 Result: file '/etc/pki/ca-trust/extracted/pem/directory-hash/emSign_Root_CA_-_G1.pem' belongs to package (ca)
2026-10-05 15:06:59 Test: check if we can access /etc/pki/ca-trust/extracted/pem/directory-hash/vTrus_ECC_Root_CA.pem (escaped: /etc/pki/ca-trust/extracted/pem/directory-hash/vTrus_ECC_Root_CA.pem)
2026-10-05 15:06:59 Result: file is owned by our current user ID (0), checking if it is readable
2026-10-05 15:06:59 Result: file /etc/pki/ca-trust/extracted/pem/directory-hash/vTrus_ECC_Root_CA.pem is readable (or directory accessible).
2026-10-05 15:06:59 Result: file '/etc/pki/ca-trust/extracted/pem/directory-hash/vTrus_ECC_Root_CA.pem' belongs to package (ca)
2026-10-05 15:06:59 Test: check if we can access /etc/pki/ca-trust/extracted/pem/directory-hash/vTrus_Root_CA.pem (escaped: /etc/pki/ca-trust/extracted/pem/directory-hash/vTrus_Root_CA.pem)
2026-10-05 15:06:59 Result: file is owned by our current user ID (0), checking if it is readable
2026-10-05 15:06:59 Result: file /etc/pki/ca-trust/extracted/pem/directory-hash/vTrus_Root_CA.pem is readable (or directory accessible).
2026-10-05 15:06:59 Result: file '/etc/pki/ca-trust/extracted/pem/directory-hash/vTrus_Root_CA.pem' belongs to package (ca)
2026-10-05 15:06:59 Test: check if we can access /etc/pki/ca-trust/extracted/pem/email-ca-bundle.pem (escaped: /etc/pki/ca-trust/extracted/pem/email-ca-bundle.pem)
2026-10-05 15:06:59 Result: file is owned by our current user ID (0), checking if it is readable
2026-10-05 15:06:59 Result: file /etc/pki/ca-trust/extracted/pem/email-ca-bundle.pem is readable (or directory accessible).
2026-10-05 15:06:59 Result: file '/etc/pki/ca-trust/extracted/pem/email-ca-bundle.pem' belongs to package (ca)
2026-10-05 15:06:59 Test: check if we can access /etc/pki/ca-trust/extracted/pem/objsign-ca-bundle.pem (escaped: /etc/pki/ca-trust/extracted/pem/objsign-ca-bundle.pem)
2026-10-05 15:06:59 Result: file is owned by our current user ID (0), checking if it is readable
2026-10-05 15:07:00 Result: file /etc/pki/ca-trust/extracted/pem/objsign-ca-bundle.pem is readable (or directory accessible).
2026-10-05 15:07:00 Result: file '/etc/pki/ca-trust/extracted/pem/objsign-ca-bundle.pem' belongs to package (ca)
2026-10-05 15:07:00 Test: check if we can access /etc/pki/ca-trust/extracted/pem/tls-ca-bundle.pem (escaped: /etc/pki/ca-trust/extracted/pem/tls-ca-bundle.pem)
2026-10-05 15:07:00 Result: file is owned by our current user ID (0), checking if it is readable
2026-10-05 15:07:00 Result: file /etc/pki/ca-trust/extracted/pem/tls-ca-bundle.pem is readable (or directory accessible).
2026-10-05 15:07:00 Result: file '/etc/pki/ca-trust/extracted/pem/tls-ca-bundle.pem' belongs to package (ca)
2026-10-05 15:07:00 Test: check if we can access /etc/pki/consumer/cert.pem (escaped: /etc/pki/consumer/cert.pem)
2026-10-05 15:07:00 Result: file is owned by our current user ID (0), checking if it is readable
2026-10-05 15:07:00 Result: file /etc/pki/consumer/cert.pem is readable (or directory accessible).
2026-10-05 15:07:00 Result: file '/etc/pki/consumer/cert.pem' belongs to package (file /etc/pki/consumer/cert.pem is not owned by any package)
2026-10-05 15:07:00 Test: check if we can access /etc/pki/consumer/key.pem (escaped: /etc/pki/consumer/key.pem)
2026-10-05 15:07:00 Result: file is owned by our current user ID (0), checking if it is readable
2026-10-05 15:07:00 Result: file /etc/pki/consumer/key.pem is readable (or directory accessible).
2026-10-05 15:07:00 Result: file '/etc/pki/consumer/key.pem' belongs to package (file /etc/pki/consumer/key.pem is not owned by any package)
2026-10-05 15:07:00 Test: check if we can access /etc/pki/entitlement/9147192752323734763-key.pem (escaped: /etc/pki/entitlement/9147192752323734763-key.pem)
2026-10-05 15:07:00 Result: file is owned by our current user ID (0), checking if it is readable
2026-10-05 15:07:00 Result: file /etc/pki/entitlement/9147192752323734763-key.pem is readable (or directory accessible).
2026-10-05 15:07:00 Result: file '/etc/pki/entitlement/9147192752323734763-key.pem' belongs to package (file /etc/pki/entitlement/9147192752323734763)
2026-10-05 15:07:00 Test: check if we can access /etc/pki/entitlement/9147192752323734763.pem (escaped: /etc/pki/entitlement/9147192752323734763.pem)
2026-10-05 15:07:00 Result: file is owned by our current user ID (0), checking if it is readable
2026-10-05 15:07:00 Result: file /etc/pki/entitlement/9147192752323734763.pem is readable (or directory accessible).
2026-10-05 15:07:00 Result: file '/etc/pki/entitlement/9147192752323734763.pem' belongs to package (file /etc/pki/entitlement/9147192752323734763.pem is not owned by any package)
2026-10-05 15:07:00 Test: check if we can access /etc/pki/fwupd-metadata/LVFS-CA-2025PQ.pem (escaped: /etc/pki/fwupd-metadata/LVFS-CA-2025PQ.pem)
2026-10-05 15:07:00 Result: file is owned by our current user ID (0), checking if it is readable
2026-10-05 15:07:00 Result: file /etc/pki/fwupd-metadata/LVFS-CA-2025PQ.pem is readable (or directory accessible).
2026-10-05 15:07:01 Result: file '/etc/pki/fwupd-metadata/LVFS-CA-2025PQ.pem' belongs to package (fwupd)
2026-10-05 15:07:01 Test: check if we can access /etc/pki/fwupd-metadata/LVFS-CA.pem (escaped: /etc/pki/fwupd-metadata/LVFS-CA.pem)
2026-10-05 15:07:01 Result: file is owned by our current user ID (0), checking if it is readable
2026-10-05 15:07:01 Result: file /etc/pki/fwupd-metadata/LVFS-CA.pem is readable (or directory accessible).
2026-10-05 15:07:01 Result: file '/etc/pki/fwupd-metadata/LVFS-CA.pem' belongs to package (fwupd)
2026-10-05 15:07:01 Test: check if we can access /etc/pki/fwupd/LVFS-CA-2025PQ.pem (escaped: /etc/pki/fwupd/LVFS-CA-2025PQ.pem)
2026-10-05 15:07:01 Result: file is owned by our current user ID (0), checking if it is readable
2026-10-05 15:07:01 Result: file /etc/pki/fwupd/LVFS-CA-2025PQ.pem is readable (or directory accessible).
2026-10-05 15:07:01 Result: file '/etc/pki/fwupd/LVFS-CA-2025PQ.pem' belongs to package (fwupd)
2026-10-05 15:07:01 Test: check if we can access /etc/pki/fwupd/LVFS-CA.pem (escaped: /etc/pki/fwupd/LVFS-CA.pem)
2026-10-05 15:07:01 Result: file is owned by our current user ID (0), checking if it is readable
2026-10-05 15:07:01 Result: file /etc/pki/fwupd/LVFS-CA.pem is readable (or directory accessible).
2026-10-05 15:07:01 Result: file '/etc/pki/fwupd/LVFS-CA.pem' belongs to package (fwupd)
2026-10-05 15:07:01 Test: check if we can access /etc/pki/product-default/479.pem (escaped: /etc/pki/product-default/479.pem)
2026-10-05 15:07:01 Result: file is owned by our current user ID (0), checking if it is readable
2026-10-05 15:07:01 Result: file /etc/pki/product-default/479.pem is readable (or directory accessible).
2026-10-05 15:07:01 Result: file '/etc/pki/product-default/479.pem' belongs to package (redhat)
2026-10-05 15:07:01 Result: found 159 certificates in /etc/pki
2026-10-05 15:07:01 Result: SSL path /etc/postfix does not exist
2026-10-05 15:07:01 Result: SSL path /etc/refind.d/keys does not exist
2026-10-05 15:07:01 Test: check if we can access /etc/ssl (escaped: /etc/ssl)
2026-10-05 15:07:01 Result: file is owned by our current user ID (0), checking if it is readable
2026-10-05 15:07:01 Result: file /etc/ssl is readable (or directory accessible).
2026-10-05 15:07:01 Result: found directory /etc/ssl
2026-10-05 15:07:01 Result: found 0 certificates in /etc/ssl
2026-10-05 15:07:01 Result: SSL path /opt/psa/var/certificates does not exist
2026-10-05 15:07:01 Result: SSL path /usr/local/psa/var/certificates does not exist
2026-10-05 15:07:01 Result: SSL path /usr/local/share/ca-certificates does not exist
2026-10-05 15:07:01 Result: SSL path /usr/share/ca-certificates does not exist
2026-10-05 15:07:01 Test: check if we can access /usr/share/gnupg (escaped: /usr/share/gnupg)
2026-10-05 15:07:01 Result: file is owned by our current user ID (0), checking if it is readable
2026-10-05 15:07:01 Result: file /usr/share/gnupg is readable (or directory accessible).
2026-10-05 15:07:01 Result: found directory /usr/share/gnupg
2026-10-05 15:07:02 Test: check if we can access /usr/share/gnupg/sks-keyservers.netCA.pem (escaped: /usr/share/gnupg/sks-keyservers.netCA.pem)
2026-10-05 15:07:02 Result: file is owned by our current user ID (0), checking if it is readable
2026-10-05 15:07:02 Result: file /usr/share/gnupg/sks-keyservers.netCA.pem is readable (or directory accessible).
2026-10-05 15:07:02 Result: file '/usr/share/gnupg/sks-keyservers.netCA.pem' belongs to package (gnupg2)
2026-10-05 15:07:02 Result: found 1 certificates in /usr/share/gnupg
2026-10-05 15:07:02 Result: SSL path /var/www does not exist
2026-10-05 15:07:02 Result: SSL path /srv/www does not exist
2026-10-05 15:07:02 Result: found a total of 160 certificates
2026-10-05 15:07:02 ====
2026-10-05 15:07:02 Performing test ID CRYP-7930 (Determine if system uses LUKS block device encryption)
2026-10-05 15:07:02 Result: block device sr0 is not LUKS encrypted
2026-10-05 15:07:02 Result: block device rhel-root is not LUKS encrypted
2026-10-05 15:07:02 Result: block device rhel-swap is not LUKS encrypted
2026-10-05 15:07:02 Result: block device nvme0n1 is not LUKS encrypted
2026-10-05 15:07:02 Result: block device nvme0n1p1 is not LUKS encrypted
2026-10-05 15:07:02 Result: block device nvme0n1p2 is not LUKS encrypted
2026-10-05 15:07:02 Result: block device nvme0n1p3 is not LUKS encrypted
2026-10-05 15:07:02 ====
2026-10-05 15:07:02 Performing test ID CRYP-7931 (Determine if system uses encrypted swap)
2026-10-05 15:07:02 Result: Found unencrypted swap device: /dev/dm-1
2026-10-05 15:07:02 ====
2026-10-05 15:07:02 Skipped test CRYP-7932 (Determine if system has enabled macOS FileVault encryption)
2026-10-05 15:07:02 Reason to skip: Incorrect guest OS (macOS only)
2026-10-05 15:07:02 ====
2026-10-05 15:07:02 Performing test ID CRYP-8002 (Gather available kernel entropy)
2026-10-05 15:07:02 Result: found kernel entropy value of 256
2026-10-05 15:07:02 ====
2026-10-05 15:07:03 Performing test ID CRYP-8004 (Presence of hardware random number generators)
2026-10-05 15:07:03 Test: looking for /sys/class/misc/hw_random/rng_current
2026-10-05 15:07:03 Result: no HW RNG available
2026-10-05 15:07:03 ====
2026-10-05 15:07:03 Performing test ID CRYP-8005 (Presence of software pseudo random number generators)
2026-10-05 15:07:03 Test: looking for software pseudo random number generators
2026-10-05 15:07:03 Performing pgrep scan without uid
2026-10-05 15:07:03 IsRunning: process 'audio-entropyd' not found
2026-10-05 15:07:03 Performing pgrep scan without uid
2026-10-05 15:07:03 IsRunning: process 'haveged' not found
2026-10-05 15:07:03 Performing pgrep scan without uid
2026-10-05 15:07:03 IsRunning: process 'jitterentropy-rngd' not found
2026-10-05 15:07:03 ====
2026-10-05 15:07:03 Performing test ID CRYP-8006 (MemoryOverwriteRequest-bit set)
2026-10-05 15:07:03 Test: looking for /sys/firmware/efi/efivars/MemoryOverwriteRequestControl-e20939be-32d4-41be-a150-897f85d49829
2026-10-05 15:07:03 Result: MOR-bit not set!
2026-10-05 15:07:03 Security check: file is normal
2026-10-05 15:07:03 Checking permissions of /usr/share/lynis/include/tests_virtualization
2026-10-05 15:07:03 File permissions are OK
2026-10-05 15:07:03 ====
2026-10-05 15:07:03 Action: Performing tests from category: Virtualisation
2026-10-05 15:07:03 Security check: file is normal
2026-10-05 15:07:03 Checking permissions of /usr/share/lynis/include/tests_containers
2026-10-05 15:07:03 File permissions are OK
2026-10-05 15:07:03 ====
2026-10-05 15:07:03 Action: Performing tests from category: Conteneurs
2026-10-05 15:07:03 ====
2026-10-05 15:07:03 Skipped test CONT-8004 (Query running Solaris zones)
2026-10-05 15:07:03 Reason to skip: Incorrect guest OS (Solaris only)
2026-10-05 15:07:03 ====
2026-10-05 15:07:03 Performing test ID CONT-8102 (Checking Docker status and information)
2026-10-05 15:07:03 Performing pgrep scan without uid
2026-10-05 15:07:04 IsRunning: process 'dockerd' not found
2026-10-05 15:07:04 ====
2026-10-05 15:07:04 Skipped test CONT-8104 (Checking Docker info for any warnings)
2026-10-05 15:07:04 Reason to skip: Prerequisites not met (ie missing tool, other type of Linux distribution)
2026-10-05 15:07:04 ====
2026-10-05 15:07:04 Skipped test CONT-8106 (Gather basic stats from Docker)
2026-10-05 15:07:04 Reason to skip: Prerequisites not met (ie missing tool, other type of Linux distribution)
2026-10-05 15:07:04 ====
2026-10-05 15:07:04 Skipped test CONT-8107 (Check number of Docker containers)
2026-10-05 15:07:04 Reason to skip: Prerequisites not met (ie missing tool, other type of Linux distribution)
2026-10-05 15:07:04 ====
2026-10-05 15:07:04 Skipped test CONT-8108 (Check file permissions for Docker files)
2026-10-05 15:07:04 Reason to skip: Prerequisites not met (ie missing tool, other type of Linux distribution)
2026-10-05 15:07:04 Security check: file is normal
2026-10-05 15:07:04 Checking permissions of /usr/share/lynis/include/tests_mac_frameworks
2026-10-05 15:07:04 File permissions are OK
2026-10-05 15:07:04 ====
2026-10-05 15:07:04 Action: Performing tests from category: Frameworks de sécurité
2026-10-05 15:07:04 ====
2026-10-05 15:07:04 Performing test ID MACF-6204 (Check AppArmor presence)
2026-10-05 15:07:04 Result: aa-status binary not found, AppArmor not installed
2026-10-05 15:07:04 ====
2026-10-05 15:07:04 Skipped test MACF-6208 (Check if AppArmor is enabled)
2026-10-05 15:07:04 Reason to skip: Prerequisites not met (ie missing tool, other type of Linux distribution)
2026-10-05 15:07:04 ====
2026-10-05 15:07:04 Performing test ID MACF-6232 (Check SELINUX presence)
2026-10-05 15:07:04 Test: checking if we have sestatus binary
2026-10-05 15:07:04 Result: found sestatus binary (/usr/sbin/sestatus)
2026-10-05 15:07:04 ====
2026-10-05 15:07:04 Performing test ID MACF-6234 (Check SELINUX status)
2026-10-05 15:07:04 Result: SELinux framework is enabled
2026-10-05 15:07:04 Result: current SELinux mode is enforcing
2026-10-05 15:07:04 Result: mode configured in config file is enforcing
2026-10-05 15:07:04 Result: Current SELinux mode is the same as in config file.
2026-10-05 15:07:07 Permissive SELinux object types: dhcpc_hook_t qgs_t coreos_installer_t rhc_worker_playbook_t tuned_ppd_t rhc_playbook_verifier_t bootupd_t rhcd_t 
2026-10-05 15:07:07 Unconfined processes: unconfined_u:unconfined_r:unconfined_t:s0-s0:c0.c1023 2611 /usr/lib/systemd/systemd --user unconfined_u:unconfined_r:unconfined_t:s0-s0:c0.c1023 2629 /usr/bin/gnome-keyring-daemon --daemonize --login unconfined_u:unconfined_r:unconfined_t:s0-s0:c0.c1023 2635 /usr/libexec/gdm-wayland-session --handle-registration gnome-session unconfined_u:unconfined_r:unconfined_t:s0-s0:c0.c1023 2643 /usr/libexec/gnome-session-binary unconfined_u:unconfined_r:unconfined_t:s0-s0:c0.c1023 2681 /usr/libexec/gnome-session-ctl --monitor unconfined_u:unconfined_r:unconfined_t:s0-s0:c0.c1023 2683 /usr/libexec/gnome-session-binary --systemd-service --session=gnome unconfined_u:unconfined_r:unconfined_t:s0-s0:c0.c1023 2699 /usr/bin/gnome-shell unconfined_u:unconfined_r:unconfined_t:s0-s0:c0.c1023 2708 /usr/libexec/gvfsd unconfined_u:unconfined_r:unconfined_t:s0-s0:c0.c1023 2713 /usr/libexec/gvfsd-fuse /run/user/1000/gvfs -f unconfined_u:unconfined_r:unconfined_t:s0-s0:c0.c1023 2721 /usr/libexec/at-spi-bus-launcher unconfined_u:unconfined_r:unconfined_t:s0-s0:c0.c1023 2742 /usr/libexec/xdg-permission-store unconfined_u:unconfined_r:unconfined_t:s0-s0:c0.c1023 2745 /usr/libexec/gnome-shell-calendar-server unconfined_u:unconfined_r:unconfined_t:s0-s0:c0.c1023 2759 /usr/libexec/evolution-source-registry unconfined_u:unconfined_r:unconfined_t:s0-s0:c0.c1023 2763 /usr/bin/pipewire unconfined_u:unconfined_r:unconfined_t:s0-s0:c0.c1023 2764 /usr/bin/wireplumber unconfined_u:unconfined_r:unconfined_t:s0-s0:c0.c1023 2767 /usr/bin/pipewire-pulse unconfined_u:unconfined_r:unconfined_t:s0-s0:c0.c1023 2791 /usr/libexec/goa-daemon unconfined_u:unconfined_r:unconfined_t:s0-s0:c0.c1023 2802 /usr/libexec/gvfs-udisks2-volume-monitor unconfined_u:unconfined_r:unconfined_t:s0-s0:c0.c1023 2805 /usr/libexec/evolution-calendar-factory unconfined_u:unconfined_r:unconfined_t:s0-s0:c0.c1023 2810 /usr/libexec/gvfs-gphoto2-volume-monitor unconfined_u:unconfined_r:unconfined_t:s0-s0:c0.c1023 2820 /usr/libexec/goa-identity-service unconfined_u:unconfined_r:unconfined_t:s0-s0:c0.c1023 2824 /usr/libexec/gvfs-mtp-volume-monitor unconfined_u:unconfined_r:unconfined_t:s0-s0:c0.c1023 2832 /usr/libexec/gvfs-goa-volume-monitor unconfined_u:unconfined_r:unconfined_t:s0-s0:c0.c1023 2844 /usr/libexec/dconf-service unconfined_u:unconfined_r:unconfined_t:s0-s0:c0.c1023 2848 /usr/libexec/evolution-addressbook-factory unconfined_u:unconfined_r:unconfined_t:s0-s0:c0.c1023 2867 /usr/bin/gjs /usr/share/gnome-shell/org.gnome.Shell.Notifications unconfined_u:unconfined_r:unconfined_t:s0-s0:c0.c1023 2870 /usr/libexec/at-spi2-registryd --use-gnome-session unconfined_u:unconfined_r:unconfined_t:s0-s0:c0.c1023 2888 /usr/libexec/gsd-a11y-settings unconfined_u:unconfined_r:unconfined_t:s0-s0:c0.c1023 2893 /usr/libexec/gsd-color unconfined_u:unconfined_r:unconfined_t:s0-s0:c0.c1023 2902 /usr/libexec/gsd-datetime unconfined_u:unconfined_r:unconfined_t:s0-s0:c0.c1023 2912 /usr/libexec/gsd-housekeeping unconfined_u:unconfined_r:unconfined_t:s0-s0:c0.c1023 2922 /usr/libexec/gsd-keyboard unconfined_u:unconfined_r:unconfined_t:s0-s0:c0.c1023 2938 /usr/bin/gnome-software --gapplication-service unconfined_u:unconfined_r:unconfined_t:s0-s0:c0.c1023 2941 /usr/libexec/evolution-data-server/evolution-alarm-notify unconfined_u:unconfined_r:unconfined_t:s0-s0:c0.c1023 2942 /usr/libexec/gsd-media-keys unconfined_u:unconfined_r:unconfined_t:s0-s0:c0.c1023 2950 /usr/libexec/gsd-disk-utility-notify unconfined_u:unconfined_r:unconfined_t:s0-s0:c0.c1023 2951 /usr/libexec/gsd-power unconfined_u:unconfined_r:unconfined_t:s0-s0:c0.c1023 2958 /usr/libexec/gsd-print-notifications unconfined_u:unconfined_r:unconfined_t:s0-s0:c0.c1023 2969 /usr/libexec/gsd-rfkill unconfined_u:unconfined_r:unconfined_t:s0-s0:c0.c1023 2989 /usr/libexec/gsd-screensaver-proxy unconfined_u:unconfined_r:unconfined_t:s0-s0:c0.c1023 3011 /usr/libexec/gsd-sharing unconfined_u:unconfined_r:unconfined_t:s0-s0:c0.c1023 3016 /usr/libexec/gsd-smartcard unconfined_u:unconfined_r:unconfined_t:s0-s0:c0.c1023 3025 /usr/libexec/gsd-sound unconfined_u:unconfined_r:unconfined_t:s0-s0:c0.c1023 3034 /usr/libexec/gsd-subman unconfined_u:unconfined_r:unconfined_t:s0-s0:c0.c1023 3045 /usr/libexec/gsd-usb-protection unconfined_u:unconfined_r:unconfined_t:s0-s0:c0.c1023 3059 /usr/libexec/gsd-wacom unconfined_u:unconfined_r:unconfined_t:s0-s0:c0.c1023 3080 /usr/libexec/gsd-printer unconfined_u:unconfined_r:unconfined_t:s0-s0:c0.c1023 3102 /usr/bin/gjs /usr/share/gnome-shell/org.gnome.ScreenSaver unconfined_u:unconfined_r:unconfined_t:s0-s0:c0.c1023 3141 /usr/libexec/xdg-desktop-portal unconfined_u:unconfined_r:unconfined_t:s0-s0:c0.c1023 3147 /usr/libexec/xdg-document-portal unconfined_u:unconfined_r:unconfined_t:s0-s0:c0.c1023 3165 fusermount -o rw,nosuid,nodev,fsname=portal,auto_unmount,subtype=portal -- /run/user/1000/doc unconfined_u:unconfined_r:unconfined_t:s0-s0:c0.c1023 3172 /usr/libexec/xdg-desktop-portal-gnome unconfined_u:unconfined_r:unconfined_t:s0-s0:c0.c1023 3219 ibus-daemon --panel disable -r --xim unconfined_u:unconfined_r:unconfined_t:s0-s0:c0.c1023 3222 /usr/libexec/gsd-xsettings unconfined_u:unconfined_r:unconfined_t:s0-s0:c0.c1023 3229 /usr/libexec/xdg-desktop-portal-gtk unconfined_u:unconfined_r:unconfined_t:s0-s0:c0.c1023 3231 /usr/libexec/ibus-dconf unconfined_u:unconfined_r:unconfined_t:s0-s0:c0.c1023 3232 /usr/libexec/ibus-extension-gtk3 unconfined_u:unconfined_r:unconfined_t:s0-s0:c0.c1023 3237 /usr/libexec/ibus-x11 --kill-daemon unconfined_u:unconfined_r:unconfined_t:s0-s0:c0.c1023 3241 /usr/libexec/ibus-portal unconfined_u:unconfined_r:unconfined_t:s0-s0:c0.c1023 3261 /usr/libexec/ibus-engine-simple unconfined_u:unconfined_r:unconfined_t:s0-s0:c0.c1023 3352 /usr/libexec/gvfsd-metadata unconfined_u:unconfined_r:unconfined_t:s0-s0:c0.c1023 3456 /usr/libexec/gnome-terminal-server unconfined_u:unconfined_r:unconfined_t:s0-s0:c0.c1023 3474 bash unconfined_u:unconfined_r:unconfined_t:s0-s0:c0.c1023 34745 sudo lynis audit system unconfined_u:unconfined_r:unconfined_t:s0-s0:c0.c1023 34747 sudo lynis audit system unconfined_u:unconfined_r:unconfined_t:s0-s0:c0.c1023 34748 /usr/bin/sh /bin/lynis audit system unconfined_u:unconfined_r:unconfined_t:s0-s0:c0.c1023 63880 /usr/bin/sh /bin/lynis audit system unconfined_u:unconfined_r:unconfined_t:s0-s0:c0.c1023 63881 /usr/bin/ps -eo label,pid,command unconfined_u:unconfined_r:unconfined_t:s0-s0:c0.c1023 63882 /usr/bin/grep [u]nconfined_t unconfined_u:unconfined_r:unconfined_t:s0-s0:c0.c1023 63883 /usr/bin/tr \n   
2026-10-05 15:07:07 Processes with initrc_t type: 
2026-10-05 15:07:07 ====
2026-10-05 15:07:07 Performing test ID MACF-6240 (Check TOMOYO Linux presence)
2026-10-05 15:07:07 Test: checking if we have tomoyo-init binary
2026-10-05 15:07:07 Result: tomoyo-init binary not found
2026-10-05 15:07:07 ====
2026-10-05 15:07:07 Skipped test MACF-6242 (Check TOMOYO Linux status)
2026-10-05 15:07:07 Reason to skip: Prerequisites not met (ie missing tool, other type of Linux distribution)
2026-10-05 15:07:07 ====
2026-10-05 15:07:07 Performing test ID RBAC-6272 (Check grsecurity presence)
2026-10-05 15:07:07 Result: no grsecurity found in kernel config
2026-10-05 15:07:07 ====
2026-10-05 15:07:07 Performing test ID MACF-6290 (Check for implemented MAC framework)
2026-10-05 15:07:07 Hardening: assigned maximum number of hardening points for this item (3). Currently having 192 points (out of 269)
2026-10-05 15:07:07 Result: found implemented MAC framework
2026-10-05 15:07:07 Security check: file is normal
2026-10-05 15:07:07 Checking permissions of /usr/share/lynis/include/tests_file_integrity
2026-10-05 15:07:08 File permissions are OK
2026-10-05 15:07:08 ====
2026-10-05 15:07:08 Action: Performing tests from category: Logiciel : Intégrité de fichier
2026-10-05 15:07:08 ====
2026-10-05 15:07:08 Performing test ID FINT-4310 (AFICK availability)
2026-10-05 15:07:08 Test: Checking AFICK binary
2026-10-05 15:07:08 Result: AFICK is not installed
2026-10-05 15:07:08 ====
2026-10-05 15:07:08 Performing test ID FINT-4314 (AIDE availability)
2026-10-05 15:07:08 Test: Checking AIDE binary
2026-10-05 15:07:08 Result: AIDE is not installed
2026-10-05 15:07:08 ====
2026-10-05 15:07:08 Skipped test FINT-4315 (Check AIDE configuration file)
2026-10-05 15:07:08 Reason to skip: Prerequisites not met (ie missing tool, other type of Linux distribution)
2026-10-05 15:07:08 ====
2026-10-05 15:07:08 Skipped test FINT-4316 (Presence of AIDE database and size check)
2026-10-05 15:07:08 Reason to skip: Prerequisites not met (ie missing tool, other type of Linux distribution)
2026-10-05 15:07:08 ====
2026-10-05 15:07:08 Performing test ID FINT-4318 (Osiris availability)
2026-10-05 15:07:08 Test: Checking Osiris binary
2026-10-05 15:07:08 Result: Osiris is not installed
2026-10-05 15:07:08 ====
2026-10-05 15:07:08 Performing test ID FINT-4322 (Samhain availability)
2026-10-05 15:07:08 Test: Checking Samhain binary
2026-10-05 15:07:08 Result: Samhain is not installed
2026-10-05 15:07:08 ====
2026-10-05 15:07:08 Performing test ID FINT-4326 (Tripwire availability)
2026-10-05 15:07:08 Test: Checking Tripwire binary
2026-10-05 15:07:08 Result: Tripwire is not installed
2026-10-05 15:07:08 ====
2026-10-05 15:07:08 Performing test ID FINT-4328 (OSSEC syscheck daemon running)
2026-10-05 15:07:08 Test: Checking if OSSEC syscheck daemon is running
2026-10-05 15:07:08 Performing pgrep scan without uid
2026-10-05 15:07:08 IsRunning: process 'ossec-syscheckd' not found
2026-10-05 15:07:08 Result: syscheck (OSSEC) is not active
2026-10-05 15:07:08 ====
2026-10-05 15:07:08 Performing test ID FINT-4330 (mtree availability)
2026-10-05 15:07:08 Test: Checking mtree binary
2026-10-05 15:07:08 Result: mtree is not installed
2026-10-05 15:07:08 ====
2026-10-05 15:07:08 Skipped test FINT-4334 (Check lfd daemon status)
2026-10-05 15:07:08 Reason to skip: Prerequisites not met (ie missing tool, other type of Linux distribution)
2026-10-05 15:07:08 ====
2026-10-05 15:07:09 Skipped test FINT-4336 (Check lfd configuration status)
2026-10-05 15:07:09 Reason to skip: Prerequisites not met (ie missing tool, other type of Linux distribution)
2026-10-05 15:07:09 ====
2026-10-05 15:07:09 Performing test ID FINT-4338 (osqueryd syscheck daemon running)
2026-10-05 15:07:09 Test: Checking if osqueryd syscheck daemon is running
2026-10-05 15:07:09 Performing pgrep scan without uid
2026-10-05 15:07:09 IsRunning: process 'osqueryd' not found
2026-10-05 15:07:09 Result: syscheck (osquery) not installed
2026-10-05 15:07:09 ====
2026-10-05 15:07:09 Performing test ID FINT-4339 (Check IMA/EVM status)
2026-10-05 15:07:09 Result: EVM tools found, IMA/EVM enabled
2026-10-05 15:07:09 ====
2026-10-05 15:07:09 Skipped test FINT-4340 (Check dm-integrity status)
2026-10-05 15:07:09 Reason to skip: No integritysetup binary found
2026-10-05 15:07:09 ====
2026-10-05 15:07:09 Skipped test FINT-4341 (Check dm-verity status)
2026-10-05 15:07:09 Reason to skip: No veritysetup binary found
2026-10-05 15:07:09 ====
2026-10-05 15:07:09 Performing test ID FINT-4344 (Wazuh syscheck daemon running)
2026-10-05 15:07:09 Test: Checking if Wazuh syscheck daemon is running
2026-10-05 15:07:09 Performing pgrep scan without uid
2026-10-05 15:07:09 IsRunning: process 'wazuh-syscheckd' not found
2026-10-05 15:07:09 Result: syscheck (Wazuh) is not active
2026-10-05 15:07:09 ====
2026-10-05 15:07:09 Skipped test FINT-4402 (AIDE configuration: Checksums (SHA256 or SHA512))
2026-10-05 15:07:09 Reason to skip: Prerequisites not met (ie missing tool, other type of Linux distribution)
2026-10-05 15:07:09 ====
2026-10-05 15:07:09 Performing test ID FINT-4350 (File integrity software installed)
2026-10-05 15:07:09 Test: Check if at least on file integrity tool is available/installed
2026-10-05 15:07:09 Result: found at least one file integrity tool
2026-10-05 15:07:09 Hardening: assigned maximum number of hardening points for this item (5). Currently having 197 points (out of 274)
2026-10-05 15:07:09 Security check: file is normal
2026-10-05 15:07:09 Checking permissions of /usr/share/lynis/include/tests_tooling
2026-10-05 15:07:09 File permissions are OK
2026-10-05 15:07:09 ====
2026-10-05 15:07:09 Action: Performing tests from category: Logiciel : System tooling
2026-10-05 15:07:09 ====
2026-10-05 15:07:09 Performing test ID TOOL-5002 (Checking for automation tools)
2026-10-05 15:07:09 Test: checking if directory /root/.ansible exists
2026-10-05 15:07:09 Result: directory /root/.ansible NOT found
2026-10-05 15:07:09 Test: checking if directory /etc/ansible exists
2026-10-05 15:07:09 Result: directory /etc/ansible NOT found
2026-10-05 15:07:10 Test: checking if directory /root/.ansible exists
2026-10-05 15:07:10 Result: directory /root/.ansible NOT found
2026-10-05 15:07:10 Test: checking if directory /tmp/.ansible exists
2026-10-05 15:07:10 Result: directory /tmp/.ansible NOT found
2026-10-05 15:07:10 Test: checking if file /var/log/ansible.log exists
2026-10-05 15:07:10 Result: file /var/log/ansible.log NOT found
2026-10-05 15:07:10 Test: checking if file ~/.ansible-retry exists
2026-10-05 15:07:10 Result: file ~/.ansible-retry NOT found
2026-10-05 15:07:10 Performing pgrep scan without uid
2026-10-05 15:07:10 IsRunning: process 'puppet master' not found
2026-10-05 15:07:10 Suggestion: Determine if automation tools are present for system management [test:TOOL-5002] [details:-] [solution:-]
2026-10-05 15:07:10 ====
2026-10-05 15:07:10 Performing test ID TOOL-5102 (Check for presence of Fail2ban)
2026-10-05 15:07:10 Result: Fail2ban not present (fail2ban-server not found)
2026-10-05 15:07:10 Checking Fail2ban configuration file
2026-10-05 15:07:10 ====
2026-10-05 15:07:10 Skipped test TOOL-5104 (Enabled tests in Fail2ban)
2026-10-05 15:07:10 Reason to skip: Prerequisites not met (ie missing tool, other type of Linux distribution)
2026-10-05 15:07:10 ====
2026-10-05 15:07:10 Performing test ID TOOL-5120 (Check for presence of Snort)
2026-10-05 15:07:10 Performing pgrep scan without uid
2026-10-05 15:07:10 IsRunning: process 'snort' not found
2026-10-05 15:07:10 Result: Snort not present (Snort not running)
2026-10-05 15:07:10 ====
2026-10-05 15:07:10 Performing test ID TOOL-5122 (Check Snort configuration file)
2026-10-05 15:07:10 ====
2026-10-05 15:07:10 Performing test ID TOOL-5130 (Check for active Suricata daemon)
2026-10-05 15:07:10 Result: Suricata not installed (suricata not found)
2026-10-05 15:07:10 ====
2026-10-05 15:07:10 Performing test ID TOOL-5126 (Check for active OSSEC daemon)
2026-10-05 15:07:10 Performing pgrep scan without uid
2026-10-05 15:07:10 IsRunning: process 'ossec-analysisd' not found
2026-10-05 15:07:10 Result: OSSEC analysis daemon not active
2026-10-05 15:07:10 Performing pgrep scan without uid
2026-10-05 15:07:10 IsRunning: process 'ossec-agentd' not found
2026-10-05 15:07:10 Result: OSSEC agent daemon not active
2026-10-05 15:07:10 ====
2026-10-05 15:07:10 Performing test ID TOOL-5128 (Check for active Wazuh daemon)
2026-10-05 15:07:10 Performing pgrep scan without uid
2026-10-05 15:07:10 IsRunning: process 'wazuh-analysisd' not found
2026-10-05 15:07:10 Result: Wazuh analysis daemon not active
2026-10-05 15:07:10 Performing pgrep scan without uid
2026-10-05 15:07:10 IsRunning: process 'wazuh-agentd' not found
2026-10-05 15:07:10 Result: Wazuh agent daemon not active
2026-10-05 15:07:10 ====
2026-10-05 15:07:11 Performing test ID TOOL-5190 (Check presence of IDS/IPS tool)
2026-10-05 15:07:11 Hardening: assigned partial number of hardening points (0 of 2). Currently having 197 points (out of 276)
2026-10-05 15:07:11 Security check: file is normal
2026-10-05 15:07:11 Checking permissions of /usr/share/lynis/include/tests_malware
2026-10-05 15:07:11 File permissions are OK
2026-10-05 15:07:11 ====
2026-10-05 15:07:11 Action: Performing tests from category: Logiciel : Malveillants
2026-10-05 15:07:11 ====
2026-10-05 15:07:11 Performing test ID MALW-3274 (Check for McAfee VirusScan Command Line)
2026-10-05 15:07:11 Test: checking presence McAfee VirusScan for Command Line
2026-10-05 15:07:11 ====
2026-10-05 15:07:11 Performing test ID MALW-3275 (Check for chkrootkit)
2026-10-05 15:07:11 Test: checking presence chkrootkit
2026-10-05 15:07:11 Result: chkrootkit not found
2026-10-05 15:07:11 ====
2026-10-05 15:07:11 Performing test ID MALW-3276 (Check for Rootkit Hunter)
2026-10-05 15:07:11 Test: checking presence Rootkit Hunter
2026-10-05 15:07:11 Result: Rootkit Hunter not found
2026-10-05 15:07:11 ====
2026-10-05 15:07:11 Performing test ID MALW-3278 (Check for LMD)
2026-10-05 15:07:11 Test: checking presence LMD
2026-10-05 15:07:11 Result: LMD not found
2026-10-05 15:07:11 ====
2026-10-05 15:07:11 Performing test ID MALW-3280 (Check if anti-virus tool is installed)
2026-10-05 15:07:11 Test: checking process com.avast.daemon
2026-10-05 15:07:11 Performing pgrep scan without uid
2026-10-05 15:07:11 IsRunning: process 'com.avast.daemon' not found
2026-10-05 15:07:11 Test: checking process Avira daemon
2026-10-05 15:07:11 Performing pgrep scan without uid
2026-10-05 15:07:11 IsRunning: process 'avqmd' not found
2026-10-05 15:07:11 Test: checking process Bitdefender daemon
2026-10-05 15:07:11 Performing pgrep scan without uid
2026-10-05 15:07:11 IsRunning: process 'bdagentd' not found
2026-10-05 15:07:11 Performing pgrep scan without uid
2026-10-05 15:07:11 IsRunning: process 'epagd' not found
2026-10-05 15:07:11 Performing pgrep scan without uid
2026-10-05 15:07:11 IsRunning: process 'bdsecd' not found
2026-10-05 15:07:11 Test: checking process falcon-sensor (CrowdStrike)
2026-10-05 15:07:11 Performing pgrep scan without uid
2026-10-05 15:07:11 IsRunning: process 'falcon-sensor' not found
2026-10-05 15:07:11 Test: checking process CylanceSvc
2026-10-05 15:07:11 Performing pgrep scan without uid
2026-10-05 15:07:11 IsRunning: process 'CylanceSvc' not found
2026-10-05 15:07:12 Test: checking process esets_daemon or oaeventd (ESET)
2026-10-05 15:07:12 Performing pgrep scan without uid
2026-10-05 15:07:12 IsRunning: process 'esets_daemon' not found
2026-10-05 15:07:12 Performing pgrep scan without uid
2026-10-05 15:07:12 IsRunning: process 'oaeventd' not found
2026-10-05 15:07:12 Test: checking process wdserver or klnagent (Kaspersky)
2026-10-05 15:07:12 Performing pgrep scan without uid
2026-10-05 15:07:12 IsRunning: process 'klnagent' not found
2026-10-05 15:07:12 Test: checking process cma or cmdagent (McAfee)
2026-10-05 15:07:12 Performing pgrep scan without uid
2026-10-05 15:07:12 IsRunning: process 'cmdagent' not found
2026-10-05 15:07:12 Text: checking process sentineld (SentinelOne)
2026-10-05 15:07:12 Performing pgrep scan without uid
2026-10-05 15:07:12 IsRunning: process 'sentineld' not found
2026-10-05 15:07:12 Performing pgrep scan without uid
2026-10-05 15:07:12 IsRunning: process 's1-agent' not found
2026-10-05 15:07:12 Performing pgrep scan without uid
2026-10-05 15:07:12 IsRunning: process 'SentinelAgent' not found
2026-10-05 15:07:12 Test: checking process savscand
2026-10-05 15:07:12 Performing pgrep scan without uid
2026-10-05 15:07:12 IsRunning: process 'savscand' not found
2026-10-05 15:07:12 Test: checking process SophosScanD
2026-10-05 15:07:12 Performing pgrep scan without uid
2026-10-05 15:07:12 IsRunning: process 'SophosScanD' not found
2026-10-05 15:07:12 Test: checking process rtvscand
2026-10-05 15:07:12 Performing pgrep scan without uid
2026-10-05 15:07:12 IsRunning: process 'rtvscand' not found
2026-10-05 15:07:12 Test: checking process Symantec management client service
2026-10-05 15:07:12 Performing pgrep scan without uid
2026-10-05 15:07:12 IsRunning: process 'smcd' not found
2026-10-05 15:07:12 Test: checking process Symantec Endpoint Protection configuration service
2026-10-05 15:07:12 Performing pgrep scan without uid
2026-10-05 15:07:12 IsRunning: process 'symcfgd' not found
2026-10-05 15:07:12 Test: checking process synoavd
2026-10-05 15:07:12 Performing pgrep scan without uid
2026-10-05 15:07:12 IsRunning: process 'synoavd' not found
2026-10-05 15:07:12 Test: checking process ds_agent to test for Trend Micro Deep Anti Malware component
2026-10-05 15:07:12 Performing pgrep scan without uid
2026-10-05 15:07:12 IsRunning: process 'ds_am' not found
2026-10-05 15:07:12 Test: checking process TmccMac to test for Trend Micro anti-virus (macOS)
2026-10-05 15:07:12 Performing pgrep scan without uid
2026-10-05 15:07:12 IsRunning: process 'TmccMac' not found
2026-10-05 15:07:12 Test: checking process wazuh-agent to test for Wazuh agent
2026-10-05 15:07:12 Performing pgrep scan without uid
2026-10-05 15:07:13 IsRunning: process 'wazuh-agentd' not found
2026-10-05 15:07:13 Result: no commercial anti-virus tools found
2026-10-05 15:07:13 Hardening: assigned partial number of hardening points (0 of 3). Currently having 197 points (out of 279)
2026-10-05 15:07:13 ====
2026-10-05 15:07:13 Performing test ID MALW-3282 (Check for clamscan)
2026-10-05 15:07:13 Test: checking presence clamscan
2026-10-05 15:07:13 Result: clamscan couldn't be found
2026-10-05 15:07:13 ====
2026-10-05 15:07:13 Performing test ID MALW-3284 (Check for clamd)
2026-10-05 15:07:13 Test: checking running ClamAV daemon (clamd)
2026-10-05 15:07:13 Performing pgrep scan without uid
2026-10-05 15:07:13 IsRunning: process 'clamd' not found
2026-10-05 15:07:13 Result: clamd not running
2026-10-05 15:07:13 ====
2026-10-05 15:07:13 Performing test ID MALW-3291 (Check for mdatp)
2026-10-05 15:07:13 Test: checking presence mdatp
2026-10-05 15:07:13 Result: mdatp couldn't be found
2026-10-05 15:07:13 ====
2026-10-05 15:07:13 Skipped test MALW-3286 (Check for freshclam)
2026-10-05 15:07:13 Reason to skip: Prerequisites not met (ie missing tool, other type of Linux distribution)
2026-10-05 15:07:13 ====
2026-10-05 15:07:13 Skipped test MALW-3288 (Check for ClamXav)
2026-10-05 15:07:13 Reason to skip: Prerequisites not met (ie missing tool, other type of Linux distribution)
2026-10-05 15:07:13 ====
2026-10-05 15:07:13 Performing test ID MALW-3290 (Presence of for malware detection)
2026-10-05 15:07:13 Security check: file is normal
2026-10-05 15:07:13 Checking permissions of /usr/share/lynis/include/tests_file_permissions
2026-10-05 15:07:13 File permissions are OK
2026-10-05 15:07:13 ====
2026-10-05 15:07:13 Action: Performing tests from category: Permissions de fichier
2026-10-05 15:07:13 ====
2026-10-05 15:07:13 Performing test ID FILE-7524 (Perform file permissions check)
2026-10-05 15:07:13 Test: Checking file permissions
2026-10-05 15:07:13 Using profile /etc/lynis/default.prf for baseline.
2026-10-05 15:07:13 Test: checking file/directory /boot/grub/grub.cfg
2026-10-05 15:07:13 Skipping file/directory /boot/grub/grub.cfg as it does not exist on this system
2026-10-05 15:07:13 Test: checking file/directory /boot/grub2/grub.cfg
2026-10-05 15:07:13 Test: checking if file /boot/grub2/grub.cfg has the permissions set to 600 (rw-------) or more restrictive
2026-10-05 15:07:13 Outcome: correct permissions (600)
2026-10-05 15:07:13 Test: checking file/directory /boot/grub2/user.cfg
2026-10-05 15:07:14 Skipping file/directory /boot/grub2/user.cfg as it does not exist on this system
2026-10-05 15:07:14 Test: checking file/directory /etc/at.allow
2026-10-05 15:07:14 Skipping file/directory /etc/at.allow as it does not exist on this system
2026-10-05 15:07:14 Test: checking file/directory /etc/at.deny
2026-10-05 15:07:14 Test: checking if file /etc/at.deny has the permissions set to 600 (rw-------) or more restrictive
2026-10-05 15:07:14 Outcome: permissions of file /etc/at.deny are not matching expected value (644 != 600)
2026-10-05 15:07:14 Test: checking file/directory /etc/cron.allow
2026-10-05 15:07:14 Skipping file/directory /etc/cron.allow as it does not exist on this system
2026-10-05 15:07:14 Test: checking file/directory /etc/cron.deny
2026-10-05 15:07:14 Test: checking if file /etc/cron.deny has the permissions set to 600 (rw-------) or more restrictive
2026-10-05 15:07:14 Outcome: permissions of file /etc/cron.deny are not matching expected value (644 != 600)
2026-10-05 15:07:14 Test: checking file/directory /etc/crontab
2026-10-05 15:07:14 Test: checking if file /etc/crontab has the permissions set to 600 (rw-------) or more restrictive
2026-10-05 15:07:14 Outcome: permissions of file /etc/crontab are not matching expected value (644 != 600)
2026-10-05 15:07:14 Test: checking file/directory /etc/group
2026-10-05 15:07:14 Test: checking if file /etc/group has the permissions set to 644 (rw-r--r--) or more restrictive
2026-10-05 15:07:14 Outcome: correct permissions (644)
2026-10-05 15:07:14 Test: checking file/directory /etc/group-
2026-10-05 15:07:14 Test: checking if file /etc/group- has the permissions set to 644 (rw-r--r--) or more restrictive
2026-10-05 15:07:14 Outcome: correct permissions (644)
2026-10-05 15:07:14 Test: checking file/directory /etc/hosts.allow
2026-10-05 15:07:14 Skipping file/directory /etc/hosts.allow as it does not exist on this system
2026-10-05 15:07:14 Test: checking file/directory /etc/hosts.deny
2026-10-05 15:07:14 Skipping file/directory /etc/hosts.deny as it does not exist on this system
2026-10-05 15:07:14 Test: checking file/directory /etc/issue
2026-10-05 15:07:14 Test: checking if file /etc/issue has the permissions set to 644 (rw-r--r--) or more restrictive
2026-10-05 15:07:14 Outcome: correct permissions (644)
2026-10-05 15:07:14 Test: checking file/directory /etc/issue.net
2026-10-05 15:07:14 Test: checking if file /etc/issue.net has the permissions set to 644 (rw-r--r--) or more restrictive
2026-10-05 15:07:14 Outcome: correct permissions (644)
2026-10-05 15:07:14 Test: checking file/directory /etc/lilo.conf
2026-10-05 15:07:14 Skipping file/directory /etc/lilo.conf as it does not exist on this system
2026-10-05 15:07:14 Test: checking file/directory /etc/motd
2026-10-05 15:07:14 Test: checking if file /etc/motd has the permissions set to 644 (rw-r--r--) or more restrictive
2026-10-05 15:07:15 Outcome: correct permissions (644)
2026-10-05 15:07:15 Test: checking file/directory /etc/passwd
2026-10-05 15:07:15 Test: checking if file /etc/passwd has the permissions set to 644 (rw-r--r--) or more restrictive
2026-10-05 15:07:15 Outcome: correct permissions (644)
2026-10-05 15:07:15 Test: checking file/directory /etc/passwd-
2026-10-05 15:07:15 Test: checking if file /etc/passwd- has the permissions set to 644 (rw-r--r--) or more restrictive
2026-10-05 15:07:15 Outcome: correct permissions (644)
2026-10-05 15:07:15 Test: checking file/directory /etc/ssh/sshd_config
2026-10-05 15:07:15 Test: checking if file /etc/ssh/sshd_config has the permissions set to 600 (rw-------) or more restrictive
2026-10-05 15:07:15 Outcome: correct permissions (600)
2026-10-05 15:07:15 Test: checking file/directory /etc/hosts.equiv
2026-10-05 15:07:15 Skipping file/directory /etc/hosts.equiv as it does not exist on this system
2026-10-05 15:07:15 Test: checking file/directory /etc/shosts.equiv
2026-10-05 15:07:15 Skipping file/directory /etc/shosts.equiv as it does not exist on this system
2026-10-05 15:07:15 Test: checking file/directory /root/.rhosts
2026-10-05 15:07:15 Skipping file/directory /root/.rhosts as it does not exist on this system
2026-10-05 15:07:15 Test: checking file/directory /root/.rlogin
2026-10-05 15:07:15 Skipping file/directory /root/.rlogin as it does not exist on this system
2026-10-05 15:07:15 Test: checking file/directory /root/.shosts
2026-10-05 15:07:15 Skipping file/directory /root/.shosts as it does not exist on this system
2026-10-05 15:07:15 Test: checking file/directory /root/.ssh
2026-10-05 15:07:15 Test: checking if file /root/.ssh has the permissions set to 700 (rwx------) or more restrictive
2026-10-05 15:07:15 Outcome: correct permissions (700)
2026-10-05 15:07:15 Test: checking file/directory /etc/cron.d
2026-10-05 15:07:15 Test: checking if file /etc/cron.d has the permissions set to 700 (rwx------) or more restrictive
2026-10-05 15:07:15 Outcome: permissions of file /etc/cron.d are not matching expected value (755 != 700)
2026-10-05 15:07:15 Test: checking file/directory /etc/cron.daily
2026-10-05 15:07:15 Test: checking if file /etc/cron.daily has the permissions set to 700 (rwx------) or more restrictive
2026-10-05 15:07:15 Outcome: permissions of file /etc/cron.daily are not matching expected value (755 != 700)
2026-10-05 15:07:15 Test: checking file/directory /etc/cron.hourly
2026-10-05 15:07:16 Test: checking if file /etc/cron.hourly has the permissions set to 700 (rwx------) or more restrictive
2026-10-05 15:07:16 Outcome: permissions of file /etc/cron.hourly are not matching expected value (755 != 700)
2026-10-05 15:07:16 Test: checking file/directory /etc/cron.weekly
2026-10-05 15:07:16 Test: checking if file /etc/cron.weekly has the permissions set to 700 (rwx------) or more restrictive
2026-10-05 15:07:16 Outcome: permissions of file /etc/cron.weekly are not matching expected value (755 != 700)
2026-10-05 15:07:16 Test: checking file/directory /etc/cron.monthly
2026-10-05 15:07:16 Test: checking if file /etc/cron.monthly has the permissions set to 700 (rwx------) or more restrictive
2026-10-05 15:07:16 Outcome: permissions of file /etc/cron.monthly are not matching expected value (755 != 700)
2026-10-05 15:07:16 Suggestion: Consider restricting file permissions [test:FILE-7524] [details:See screen output or log file] [solution:text:Use chmod to change file permissions]
2026-10-05 15:07:16 Security check: file is normal
2026-10-05 15:07:16 Checking permissions of /usr/share/lynis/include/tests_homedirs
2026-10-05 15:07:16 File permissions are OK
2026-10-05 15:07:16 ====
2026-10-05 15:07:16 Action: Performing tests from category: Dossiers personnels
2026-10-05 15:07:16 ====
2026-10-05 15:07:16 Performing test ID HOME-9302 (Create list with home directories)
2026-10-05 15:07:16 Test: query /etc/passwd to obtain home directories
2026-10-05 15:07:16 Result: found home directory: / (directory exists)
2026-10-05 15:07:16 Result: found home directory: /bin (directory exists)
2026-10-05 15:07:16 Result: found home directory: /home/eya (directory exists)
2026-10-05 15:07:16 Result: found home directory: /root (directory exists)
2026-10-05 15:07:16 Result: found home directory: /run/gnome-initial-setup/ (directory does not exist)
2026-10-05 15:07:16 Result: found home directory: /run/pipewire (directory does not exist)
2026-10-05 15:07:16 Result: found home directory: /sbin (directory exists)
2026-10-05 15:07:16 Result: found home directory: /usr/games (directory exists)
2026-10-05 15:07:16 Result: found home directory: /usr/share/empty.sshd (directory exists)
2026-10-05 15:07:16 Result: found home directory: /var/adm (directory exists)
2026-10-05 15:07:16 Result: found home directory: /var/cache/clevis (directory does not exist)
2026-10-05 15:07:16 Result: found home directory: /var/ftp (directory exists)
2026-10-05 15:07:16 Result: found home directory: /var/lib/chrony (directory exists)
2026-10-05 15:07:16 Result: found home directory: /var/lib/colord (directory exists)
2026-10-05 15:07:16 Result: found home directory: /var/lib/dnsmasq (directory exists)
2026-10-05 15:07:16 Result: found home directory: /var/lib/gdm (directory exists)
2026-10-05 15:07:16 Result: found home directory: /var/lib/geoclue (directory exists)
2026-10-05 15:07:16 Result: found home directory: /var/lib/setroubleshoot (directory exists)
2026-10-05 15:07:16 Result: found home directory: /var/run/avahi-daemon (directory exists)
2026-10-05 15:07:16 Result: found home directory: /var/spool/lpd (directory exists)
2026-10-05 15:07:16 Result: found home directory: /var/spool/mail (directory exists)
2026-10-05 15:07:16 ====
2026-10-05 15:07:16 Performing test ID HOME-9304 (Check if users' home directories permissions are 750 or more restrictive)
2026-10-05 15:07:16 Test: checking directory '/home/eya' for user 'eya'
2026-10-05 15:07:16 Result: permissions of home directory /home/eya of user eya are fine
2026-10-05 15:07:17 Result: OK, all permissions of the home directories are 750 or more restrictive
2026-10-05 15:07:17 ====
2026-10-05 15:07:17 Performing test ID HOME-9306 (Check if users own their home directories)
2026-10-05 15:07:17 Test: checking directory '/home/eya' for user 'eya'
2026-10-05 15:07:17 Result: ownership of home directory /home/eya for user eya looks to be correct
2026-10-05 15:07:17 Result: OK, all users own their home directories
2026-10-05 15:07:17 ====
2026-10-05 15:07:17 Performing test ID HOME-9310 (Checking for suspicious shell history files)
2026-10-05 15:07:17 Result: Ok, history files are type 'file'.
2026-10-05 15:07:17 Remark: History files are normally of the type 'file'. Symbolic links and other types are suspicious.
2026-10-05 15:07:17 ====
2026-10-05 15:07:17 Performing test ID HOME-9350 (Collecting information from home directories)
2026-10-05 15:07:17 Result: IGNORE_HOME_DIRS empty, no paths excluded
2026-10-05 15:07:17 Security check: file is normal
2026-10-05 15:07:17 Checking permissions of /usr/share/lynis/include/tests_kernel_hardening
2026-10-05 15:07:17 File permissions are OK
2026-10-05 15:07:17 ====
2026-10-05 15:07:17 Action: Performing tests from category: Kernel Hardening
2026-10-05 15:07:17 ====
2026-10-05 15:07:17 Performing test ID KRNL-6000 (Check sysctl key pairs in scan profile)
2026-10-05 15:07:19 Result: sysctl key dev.tty.ldisc_autoload has a different value than expected in scan profile. Expected=0, Real=1
2026-10-05 15:07:19 Hardening: assigned partial number of hardening points (0 of 1). Currently having 197 points (out of 280)
2026-10-05 15:07:19 Result: sysctl key fs.protected_fifos has a different value than expected in scan profile. Expected=2, Real=1
2026-10-05 15:07:19 Hardening: assigned partial number of hardening points (0 of 1). Currently having 197 points (out of 281)
2026-10-05 15:07:19 Result: sysctl key fs.protected_hardlinks contains equal expected and current value (1)
2026-10-05 15:07:19 Hardening: assigned maximum number of hardening points for this item (1). Currently having 198 points (out of 282)
2026-10-05 15:07:19 Result: sysctl key fs.protected_regular has a different value than expected in scan profile. Expected=2, Real=1
2026-10-05 15:07:20 Hardening: assigned partial number of hardening points (0 of 1). Currently having 198 points (out of 283)
2026-10-05 15:07:20 Result: sysctl key fs.protected_symlinks contains equal expected and current value (1)
2026-10-05 15:07:20 Hardening: assigned maximum number of hardening points for this item (1). Currently having 199 points (out of 284)
2026-10-05 15:07:20 Result: sysctl key fs.suid_dumpable has a different value than expected in scan profile. Expected=0, Real=2
2026-10-05 15:07:20 Hardening: assigned partial number of hardening points (0 of 1). Currently having 199 points (out of 285)
2026-10-05 15:07:20 Result: key hw.kbd.keymap_restrict_change does not exist on this machine
2026-10-05 15:07:20 Result: key kern.sugid_coredump does not exist on this machine
2026-10-05 15:07:20 Result: key kernel.core_setuid_ok does not exist on this machine
2026-10-05 15:07:20 Result: sysctl key kernel.core_uses_pid contains equal expected and current value (1)
2026-10-05 15:07:20 Hardening: assigned maximum number of hardening points for this item (1). Currently having 200 points (out of 286)
2026-10-05 15:07:20 Result: sysctl key kernel.ctrl-alt-del contains equal expected and current value (0)
2026-10-05 15:07:20 Hardening: assigned maximum number of hardening points for this item (1). Currently having 201 points (out of 287)
2026-10-05 15:07:20 Result: sysctl key kernel.dmesg_restrict has a different value than expected in scan profile. Expected=1, Real=0
2026-10-05 15:07:20 Hardening: assigned partial number of hardening points (0 of 1). Currently having 201 points (out of 288)
2026-10-05 15:07:20 Result: key kernel.exec-shield-randomize does not exist on this machine
2026-10-05 15:07:20 Result: key kernel.exec-shield does not exist on this machine
2026-10-05 15:07:21 Result: sysctl key kernel.kptr_restrict has a different value than expected in scan profile. Expected=2, Real=1
2026-10-05 15:07:21 Hardening: assigned partial number of hardening points (0 of 1). Currently having 201 points (out of 289)
2026-10-05 15:07:21 Result: key kernel.maps_protect does not exist on this machine
2026-10-05 15:07:21 Result: sysctl key kernel.modules_disabled has a different value than expected in scan profile. Expected=1, Real=0
2026-10-05 15:07:21 Hardening: assigned partial number of hardening points (0 of 1). Currently having 201 points (out of 290)
2026-10-05 15:07:21 Result: sysctl key kernel.perf_event_paranoid contains equal expected and current value (2 3 4)
2026-10-05 15:07:21 Hardening: assigned maximum number of hardening points for this item (1). Currently having 202 points (out of 291)
2026-10-05 15:07:21 Result: sysctl key kernel.randomize_va_space contains equal expected and current value (2)
2026-10-05 15:07:21 Hardening: assigned maximum number of hardening points for this item (1). Currently having 203 points (out of 292)
2026-10-05 15:07:21 Result: key kernel.suid_dumpable does not exist on this machine
2026-10-05 15:07:21 Result: sysctl key kernel.sysrq has a different value than expected in scan profile. Expected=0, Real=16
2026-10-05 15:07:21 Hardening: assigned partial number of hardening points (0 of 1). Currently having 203 points (out of 293)
2026-10-05 15:07:21 Result: sysctl key kernel.unprivileged_bpf_disabled has a different value than expected in scan profile. Expected=1, Real=2
2026-10-05 15:07:21 Hardening: assigned partial number of hardening points (0 of 1). Currently having 203 points (out of 294)
2026-10-05 15:07:21 Result: key kernel.use-nx does not exist on this machine
2026-10-05 15:07:21 Result: sysctl key kernel.yama.ptrace_scope has a different value than expected in scan profile. Expected=1 2 3, Real=0
2026-10-05 15:07:21 Hardening: assigned partial number of hardening points (0 of 1). Currently having 203 points (out of 295)
2026-10-05 15:07:22 Result: sysctl key net.core.bpf_jit_harden has a different value than expected in scan profile. Expected=2, Real=1
2026-10-05 15:07:22 Hardening: assigned partial number of hardening points (0 of 1). Currently having 203 points (out of 296)
2026-10-05 15:07:22 Result: key net.inet.icmp.bmcastecho does not exist on this machine
2026-10-05 15:07:22 Result: key net.inet.icmp.drop_redirect does not exist on this machine
2026-10-05 15:07:22 Result: key net.inet.icmp.rediraccept does not exist on this machine
2026-10-05 15:07:22 Result: key net.inet.icmp.timestamp does not exist on this machine
2026-10-05 15:07:22 Result: key net.inet.ip.accept_sourceroute does not exist on this machine
2026-10-05 15:07:22 Result: key net.inet.ip.check_interface does not exist on this machine
2026-10-05 15:07:22 Result: key net.inet.ip.forwarding does not exist on this machine
2026-10-05 15:07:22 Result: key net.inet.ip.linklocal.in.allowbadttl does not exist on this machine
2026-10-05 15:07:22 Result: key net.inet.ip.process_options does not exist on this machine
2026-10-05 15:07:22 Result: key net.inet.ip.random_id does not exist on this machine
2026-10-05 15:07:22 Result: key net.inet.ip.redirect does not exist on this machine
2026-10-05 15:07:22 Result: key net.inet.ip.sourceroute does not exist on this machine
2026-10-05 15:07:23 Result: key net.inet.ip6.redirect does not exist on this machine
2026-10-05 15:07:23 Result: key net.inet.tcp.always_keepalive does not exist on this machine
2026-10-05 15:07:23 Result: key net.inet.tcp.blackhole does not exist on this machine
2026-10-05 15:07:23 Result: key net.inet.tcp.drop_synfin does not exist on this machine
2026-10-05 15:07:23 Result: key net.inet.tcp.icmp_may_rst does not exist on this machine
2026-10-05 15:07:23 Result: key net.inet.tcp.nolocaltimewait does not exist on this machine
2026-10-05 15:07:23 Result: key net.inet.tcp.path_mtu_discovery does not exist on this machine
2026-10-05 15:07:23 Result: key net.inet.udp.blackhole does not exist on this machine
2026-10-05 15:07:23 Result: key net.inet6.icmp6.rediraccept does not exist on this machine
2026-10-05 15:07:23 Result: key net.inet6.ip6.forwarding does not exist on this machine
2026-10-05 15:07:23 Result: key net.inet6.ip6.fw.enable does not exist on this machine
2026-10-05 15:07:23 Result: key net.inet6.ip6.redirect does not exist on this machine
2026-10-05 15:07:24 Result: sysctl key net.ipv4.conf.all.accept_redirects has a different value than expected in scan profile. Expected=0, Real=1
2026-10-05 15:07:24 Hardening: assigned partial number of hardening points (0 of 1). Currently having 203 points (out of 297)
2026-10-05 15:07:24 Result: sysctl key net.ipv4.conf.all.accept_source_route contains equal expected and current value (0)
2026-10-05 15:07:24 Hardening: assigned maximum number of hardening points for this item (1). Currently having 204 points (out of 298)
2026-10-05 15:07:24 Result: sysctl key net.ipv4.conf.all.bootp_relay contains equal expected and current value (0)
2026-10-05 15:07:24 Hardening: assigned maximum number of hardening points for this item (1). Currently having 205 points (out of 299)
2026-10-05 15:07:24 Result: sysctl key net.ipv4.conf.all.forwarding contains equal expected and current value (0)
2026-10-05 15:07:24 Hardening: assigned maximum number of hardening points for this item (1). Currently having 206 points (out of 300)
2026-10-05 15:07:24 Result: sysctl key net.ipv4.conf.all.log_martians has a different value than expected in scan profile. Expected=1, Real=0
2026-10-05 15:07:24 Hardening: assigned partial number of hardening points (0 of 1). Currently having 206 points (out of 301)
2026-10-05 15:07:24 Result: sysctl key net.ipv4.conf.all.mc_forwarding contains equal expected and current value (0)
2026-10-05 15:07:24 Hardening: assigned maximum number of hardening points for this item (1). Currently having 207 points (out of 302)
2026-10-05 15:07:24 Result: sysctl key net.ipv4.conf.all.proxy_arp contains equal expected and current value (0)
2026-10-05 15:07:24 Hardening: assigned maximum number of hardening points for this item (1). Currently having 208 points (out of 303)
2026-10-05 15:07:24 Result: sysctl key net.ipv4.conf.all.rp_filter has a different value than expected in scan profile. Expected=1, Real=0
2026-10-05 15:07:24 Hardening: assigned partial number of hardening points (0 of 1). Currently having 208 points (out of 304)
2026-10-05 15:07:24 Result: sysctl key net.ipv4.conf.all.send_redirects has a different value than expected in scan profile. Expected=0, Real=1
2026-10-05 15:07:24 Hardening: assigned partial number of hardening points (0 of 1). Currently having 208 points (out of 305)
2026-10-05 15:07:25 Result: sysctl key net.ipv4.conf.default.accept_redirects has a different value than expected in scan profile. Expected=0, Real=1
2026-10-05 15:07:25 Hardening: assigned partial number of hardening points (0 of 1). Currently having 208 points (out of 306)
2026-10-05 15:07:25 Result: sysctl key net.ipv4.conf.default.accept_source_route contains equal expected and current value (0)
2026-10-05 15:07:25 Hardening: assigned maximum number of hardening points for this item (1). Currently having 209 points (out of 307)
2026-10-05 15:07:25 Result: sysctl key net.ipv4.conf.default.log_martians has a different value than expected in scan profile. Expected=1, Real=0
2026-10-05 15:07:25 Hardening: assigned partial number of hardening points (0 of 1). Currently having 209 points (out of 308)
2026-10-05 15:07:25 Result: sysctl key net.ipv4.icmp_echo_ignore_broadcasts contains equal expected and current value (1)
2026-10-05 15:07:25 Hardening: assigned maximum number of hardening points for this item (1). Currently having 210 points (out of 309)
2026-10-05 15:07:25 Result: sysctl key net.ipv4.icmp_ignore_bogus_error_responses contains equal expected and current value (1)
2026-10-05 15:07:25 Hardening: assigned maximum number of hardening points for this item (1). Currently having 211 points (out of 310)
2026-10-05 15:07:25 Result: sysctl key net.ipv4.tcp_syncookies contains equal expected and current value (1)
2026-10-05 15:07:25 Hardening: assigned maximum number of hardening points for this item (1). Currently having 212 points (out of 311)
2026-10-05 15:07:25 Result: sysctl key net.ipv4.tcp_timestamps contains equal expected and current value (0 1)
2026-10-05 15:07:25 Hardening: assigned maximum number of hardening points for this item (1). Currently having 213 points (out of 312)
2026-10-05 15:07:25 Result: sysctl key net.ipv6.conf.all.accept_redirects has a different value than expected in scan profile. Expected=0, Real=1
2026-10-05 15:07:25 Hardening: assigned partial number of hardening points (0 of 1). Currently having 213 points (out of 313)
2026-10-05 15:07:25 Result: sysctl key net.ipv6.conf.all.accept_source_route contains equal expected and current value (0)
2026-10-05 15:07:25 Hardening: assigned maximum number of hardening points for this item (1). Currently having 214 points (out of 314)
2026-10-05 15:07:25 Result: key net.ipv6.conf.all.send_redirects does not exist on this machine
2026-10-05 15:07:26 Result: sysctl key net.ipv6.conf.default.accept_redirects has a different value than expected in scan profile. Expected=0, Real=1
2026-10-05 15:07:26 Hardening: assigned partial number of hardening points (0 of 1). Currently having 214 points (out of 315)
2026-10-05 15:07:26 Result: sysctl key net.ipv6.conf.default.accept_source_route contains equal expected and current value (0)
2026-10-05 15:07:26 Hardening: assigned maximum number of hardening points for this item (1). Currently having 215 points (out of 316)
2026-10-05 15:07:26 Result: key security.bsd.hardlink_check_gid does not exist on this machine
2026-10-05 15:07:26 Result: key security.bsd.hardlink_check_uid does not exist on this machine
2026-10-05 15:07:26 Result: key security.bsd.see_other_gids does not exist on this machine
2026-10-05 15:07:26 Result: key security.bsd.see_other_uids does not exist on this machine
2026-10-05 15:07:26 Result: key security.bsd.stack_guard_page does not exist on this machine
2026-10-05 15:07:26 Result: key security.bsd.unprivileged_proc_debug does not exist on this machine
2026-10-05 15:07:26 Result: key security.bsd.unprivileged_read_msgbuf does not exist on this machine
2026-10-05 15:07:26 Result: found 19 keys that can use tuning, according scan profile
2026-10-05 15:07:26 Suggestion: One or more sysctl values differ from the scan profile and could be tweaked [test:KRNL-6000] [details:] [solution:Change sysctl value or disable test (skip-test=KRNL-6000:<sysctl-key>)]
2026-10-05 15:07:26 Security check: file is normal
2026-10-05 15:07:26 Checking permissions of /usr/share/lynis/include/tests_hardening
2026-10-05 15:07:26 File permissions are OK
2026-10-05 15:07:26 ====
2026-10-05 15:07:26 Action: Performing tests from category: Hardening
2026-10-05 15:07:26 ====
2026-10-05 15:07:26 Performing test ID HRDN-7220 (Check if one or more compilers are installed)
2026-10-05 15:07:26 Test: Check if one or more compilers can be found on the system
2026-10-05 15:07:26 Result: found installed compiler. See top of logfile which compilers have been found or use /usr/bin/grep to filter on 'compiler'
2026-10-05 15:07:27 Hardening: assigned partial number of hardening points (1 of 3). Currently having 216 points (out of 319)
2026-10-05 15:07:27 ====
2026-10-05 15:07:27 Performing test ID HRDN-7222 (Check compiler permissions)
2026-10-05 15:07:27 Test: Check if one or more compilers can be found on the system
2026-10-05 15:07:27 Test: Check file permissions for /usr/bin/as
2026-10-05 15:07:27 Action: checking symlink for file /usr/bin/as
2026-10-05 15:07:27 Result: file /usr/bin/as is not a symlink
2026-10-05 15:07:27 Binary: found /usr/bin/as (world executable)
2026-10-05 15:07:27 Hardening: assigned partial number of hardening points (2 of 3). Currently having 218 points (out of 322)
2026-10-05 15:07:27 Result: at least one compiler could be better hardened by restricting executable access to root or group only
2026-10-05 15:07:27 Suggestion: Harden compilers like restricting access to root user only [test:HRDN-7222] [details:-] [solution:-]
2026-10-05 15:07:27 ====
2026-10-05 15:07:27 Performing test ID HRDN-7230 (Check for malware scanner)
2026-10-05 15:07:27 Test: Check if a malware scanner is installed
2026-10-05 15:07:27 Result: no malware scanner found
2026-10-05 15:07:27 Suggestion: Harden the system by installing at least one malware scanner, to perform periodic file system scans [test:HRDN-7230] [details:-] [solution:Install a tool like rkhunter, chkrootkit, OSSEC, Wazuh]
2026-10-05 15:07:27 Hardening: assigned partial number of hardening points (1 of 3). Currently having 219 points (out of 325)
2026-10-05 15:07:27 Result: no malware scanner found
2026-10-05 15:07:27 ====
2026-10-05 15:07:27 Performing test ID HRDN-7231 (Check for registered non-native binary formats)
2026-10-05 15:07:27 Test: Check for registered non-native binary formats
2026-10-05 15:07:27 Result: no non-native binary formats found
2026-10-05 15:07:27 ====
2026-10-05 15:07:27 Action: Performing tests from category: Tests personnalisés
2026-10-05 15:07:27 Test: Checking for tests_custom file
2026-10-05 15:07:27 ====
2026-10-05 15:07:27 Action: Performing plugin tests
2026-10-05 15:07:27 Result: Found 0 plugins of which 0 are enabled
2026-10-05 15:07:27 Result: Plugins phase 2 finished
2026-10-05 15:07:27 Checking permissions of /usr/share/lynis/include/report
2026-10-05 15:07:27 File permissions are OK
2026-10-05 15:07:27 Hardening index : [67] [#############       ]
2026-10-05 15:07:27 Hardening strength: System has been hardened, but could use additional hardening
2026-10-05 15:07:27 ====
2026-10-05 15:07:35 Checking permissions of /usr/share/lynis/include/tool_tips
2026-10-05 15:07:35 File permissions are OK
2026-10-05 15:07:35 Tool tips: enabled
2026-10-05 15:07:35 ================================================================================
2026-10-05 15:07:35 Tests performed:     255
2026-10-05 15:07:35 Total tests:         458
2026-10-05 15:07:35 Active plugins:      0
2026-10-05 15:07:35 Total plugins:       0
2026-10-05 15:07:35 ================================================================================
2026-10-05 15:07:35 Lynis 3.1.7
2026-10-05 15:07:35 2007-2025, CISOfy - https://cisofy.com/lynis/
2026-10-05 15:07:35 Enterprise support available (compliance, plugins, interface and tools)
2026-10-05 15:07:35 Program ended successfully
2026-10-05 15:07:35 ================================================================================
2026-10-05 15:07:35 PID file removed (/var/run/lynis.pid)
2026-10-05 15:07:35 Temporary files:  /tmp/lynis.LA53Iezu7y /tmp/lynis.Iiu6cQ4UTb /tmp/lynis.403vcevrm4 /tmp/lynis.3PIfZTG60H /tmp/lynis.PCcbTRVgCN
2026-10-05 15:07:35 Action: removing temporary file /tmp/lynis.LA53Iezu7y
2026-10-05 15:07:35 Info: temporary file /tmp/lynis.Iiu6cQ4UTb was already removed
2026-10-05 15:07:35 Info: temporary file /tmp/lynis.403vcevrm4 was already removed
2026-10-05 15:07:35 Info: temporary file /tmp/lynis.3PIfZTG60H was already removed
2026-10-05 15:07:35 Action: removing temporary file /tmp/lynis.PCcbTRVgCN
2026-10-05 15:07:35 Lynis ended successfully.
